date,Oil_USD,Gold_USD,rupees_per_dollar,Kalyan,Silver_USD,Nifty50,US10Y_yield,MCX_Gold,GOLDBEES,Gold_INR_actual,Silver_INR_actual,ibja_source,forex_reserves_usd_bn,domestic_premium,premium_pct,silver_premium,post_hike,days_since_hike,delta_Gold_USD,delta_FX,delta_Oil,parity_pre,parity_post,silver_parity_pre,parity_actual
2022-01-03,78.9800033569336,1799.4000244140625,74.51380157470703,67.69950103759766,22.790000915527344,17625.69921875,1.628000020980835,,41.72999954223633,,,,,,,,0,,,,,45694.19665152642,49573.89259363715,57873.22270720066,49573.89259363715
2022-01-04,80.0,1814.0,74.4032974243164,70.328125,23.038000106811523,17805.25,1.6679999828338623,,41.459999084472656,,,,,,,,0,,0.8113802038371976,-0.148300245129529,1.2914618887223115,45996.63588321976,49902.01062802143,58416.23497191771,49902.01062802143
2022-01-05,80.80000305175781,1824.5999755859373,74.53489685058594,72.5103759765625,23.14999961853028,17925.25,1.7050000429153442,,41.560001373291016,,,,,,,,0,,0.5843426453107758,0.1768731102319787,1.00000381469727,46347.24491851792,50282.388354995855,58804.05110928846,50282.388354995855
2022-01-06,81.98999786376953,1788.699951171875,74.43009948730469,71.27046203613281,22.17399978637696,17745.900390625,1.7330000400543213,,41.2400016784668,,,,,,,,0,,-1.9675558968772824,-0.1406017418811633,1.472765800824849,45371.454092876775,49223.74736491347,56245.68909413412,49223.74736491347
2022-01-07,81.75,1797.0,74.41929626464844,70.9728775024414,22.393999099731445,17812.69921875,1.7710000276565552,,41.09000015258789,,,,632.735839,,,,0,,0.4640268940963032,-0.0145145884939856,-0.2927160263722639,45575.37380385733,49444.98101361879,56795.48580598246,49444.98101361879
2022-01-10,80.87000274658203,1798.4000244140625,74.2699966430664,70.92327880859375,22.44599914550781,18003.30078125,1.7799999713897705,,41.06999969482422,,,,632.735839,,,,0,,0.0779089824186174,-0.2006195020322398,-1.0764492396550085,45519.376791258335,49384.229537685926,56813.16051435898,49384.229537685926
2022-01-11,83.72000122070312,1818.5999755859373,74.05699920654297,69.53457641601562,22.80599975585937,18055.75,1.746000051498413,,41.209999084472656,,,,632.735839,,,,0,,1.1232179102341977,-0.2867879980486321,3.524172594691244,45898.648179763055,49795.703213893874,57558.81300090158,49795.703213893874
2022-01-12,84.66999816894531,1827.199951171875,73.81529998779297,69.2865982055664,23.200000762939453,18212.349609375,1.725000023841858,,41.33000183105469,,,,632.735839,,,,0,,0.4728898988996644,-0.3263691769037402,1.1347311686460635,45965.19082593232,49867.89570737939,58362.11091984521,49867.89570737939
2022-01-13,84.47000122070312,1821.199951171875,73.79910278320312,69.2865982055664,23.155000686645508,18257.80078125,1.7109999656677246,,41.41999816894531,,,,632.735839,,,,0,,-0.3283712872338862,-0.0219428825629974,-0.2362075736001889,45804.20136911139,49693.237334413294,58236.12687176762,49693.237334413294
2022-01-14,86.05999755859375,1816.5,73.97229766845703,69.33619689941406,22.910999298095703,18255.75,1.7719999551773071,,41.52999877929688,,,,634.96492,,,,0,,-0.2580689269649272,0.2346842694858963,1.882320723230824,45793.21280165812,49681.3157753838,57757.68050406475,49681.3157753838
2022-01-17,,,74.37899780273438,69.1377944946289,,18308.099609375,,,41.52999877929688,,,,634.96492,,,,0,,,0.5498005971102504,,,,,
2022-01-18,87.51000213623047,1812.300048828125,74.25509643554688,68.19546508789062,23.48699951171875,18113.05078125,1.8650000095367432,,41.52000045776367,,,,634.96492,,,,0,,,-0.1665811194661581,,45861.99809977381,49755.94133466026,59436.11421697806,49755.94133466026
2022-01-19,88.44000244140625,1843.0999755859373,74.61969757080078,67.40190887451172,24.22599983215332,17938.400390625,1.8270000219345093,,41.59999847412109,,,,634.96492,,,,0,,1.699493788444606,0.4910115975276907,1.0627360101397532,46870.43468973952,50849.999899245704,61607.24637661628,50849.999899245704
2022-01-20,88.37999725341797,1842.5,74.44920349121094,67.35232543945312,24.711000442504883,17757.0,1.8329999446868896,,42.04999923706055,,,,634.96492,,,,0,,-0.0325525253043745,-0.2284840131227761,-0.0678484693937386,46748.120590451086,50717.300640583715,62697.032759669375,50717.300640583715
2022-01-21,87.88999938964844,1831.800048828125,74.45220184326172,67.25312805175781,24.31399917602539,17617.150390625,1.746999979019165,,41.84000015258789,,,,634.28656,,,,0,,-0.5807300500339174,0.0040273796228618,-0.5544216779782452,46478.511997093294,50424.800751563474,61692.241089477444,50424.800751563474
2022-01-24,86.2699966430664,1841.699951171875,74.41320037841797,64.57490539550781,23.795000076293945,17149.099609375,1.7350000143051147,,42.040000915527344,,,,634.28656,,,,0,,0.5404466688426757,-0.052384568727537,-1.8432162451156309,46705.22441322804,50670.76233510589,60343.75022755111,50670.76233510589
2022-01-25,88.19999694824219,1852.699951171875,74.6447982788086,65.76522827148438,23.895999908447266,17277.94921875,1.7829999923706057,,42.060001373291016,,,,634.28656,,,,0,,0.5972742733147518,0.3112322803116463,2.237162837922635,47130.41264615433,51132.05145573347,60788.4906331012,51132.05145573347
2022-01-26,89.95999908447266,1829.9000244140625,74.77999877929688,,23.80699920654297,,1.8480000495910645,,,,,,634.28656,,,,0,,-1.2306324477091457,0.1811251468364805,1.995467343681745,46634.72499475432,50594.27711695043,60671.77693507949,50594.27711695043
2022-01-27,89.33999633789062,1793.300048828125,74.8949966430664,65.12047576904297,22.67300033569336,17110.150390625,1.807000041007996,,41.81999969482422,,,,634.28656,,,,0,,-2.000107934730311,0.1537815801641473,-0.6891982579944722,45772.26138705061,49658.585467083205,57870.65574844624,49658.585467083205
2022-01-28,90.02999877929688,1784.9000244140625,75.20929718017578,65.76522827148438,22.302000045776367,17101.94921875,1.781999945640564,,41.43000030517578,,,,629.7551500000001,,,,0,,-0.4684115421483281,0.4196549184817488,0.7723331874747386,45749.04462695319,49633.39747263789,57162.596302808175,49633.39747263789
2022-01-31,91.20999908447266,1795.0,75.03900146484375,66.01321411132812,22.395000457763672,17339.849609375,1.781999945640564,,41.25,,,,629.7551500000001,,,,0,,0.5658566557111833,-0.2264290742194585,1.3106745764470018,45903.74333665286,49801.23097844413,57270.99459818422,49801.23097844413
2022-02-01,89.16000366210938,1800.300048828125,74.55580139160156,66.21160125732422,22.59600067138672,17576.849609375,1.7999999523162842,,41.54999923706055,,,,629.7551500000001,,,,0,,0.2952673441852349,-0.6439319071544047,-2.2475555782702217,45742.82047321475,49626.644853016,57412.91862968566,49626.644853016
2022-02-02,89.47000122070312,1809.199951171875,74.74549865722656,69.1874008178711,22.711000442504883,17780.0,1.7660000324249268,,41.5099983215332,,,,629.7551500000001,,,,0,,0.4943566129181231,0.2544366261032049,0.3476867943708939,46085.91498456124,49998.870030420214,57851.93808620546,49998.870030420214
2022-02-03,91.11000061035156,1803.0,74.82240295410156,67.20352935791016,22.375,17560.19921875,1.8270000219345093,,41.560001373291016,,,,629.7551500000001,,,,0,,-0.3426902133099818,0.1028881982949592,1.83301594643206,45975.237538482754,49878.79544269355,57054.6833013617,49878.79544269355
2022-02-04,93.2699966430664,1806.5999755859373,74.6438980102539,66.310791015625,22.475000381469727,17516.30078125,1.9299999475479128,,41.59999847412109,,,,631.95295,,,,0,,0.1996658672178242,-0.2385715197588012,2.37075624875962,45957.13157115493,49859.15217625298,57172.95270404084,49859.15217625298
2022-02-07,92.69000244140624,1820.5999755859373,74.64219665527344,65.2692642211914,23.076000213623047,17213.599609375,1.9160000085830688,,41.630001068115234,,,,631.95295,,,,0,,0.7749363549869104,-0.0022792954626149,-0.6218443470945245,46312.2144751452,50244.38362869526,58700.46608002721,50244.38362869526
2022-02-08,90.77999877929688,1826.5999755859373,74.6583023071289,64.47571563720703,23.19499969482422,17266.75,1.9539999961853027,,41.81999969482422,,,,631.95295,,,,0,,0.3295616873810525,0.0215771407825027,-2.060636111555592,46474.86757496055,50420.84689736286,59015.90680096279,50420.84689736286
2022-02-09,91.5500030517578,1835.199951171875,74.69519805908203,64.32691955566406,23.336000442504883,17463.80078125,1.9290000200271609,,41.9900016784668,,,,631.95295,,,,0,,0.4708187726313095,0.0494194896119459,0.848209168115277,46716.75575438421,50683.272752397956,59404.00294041866,50683.272752397956
2022-02-10,91.41000366210938,1836.199951171875,74.80889892578125,64.32691955566406,23.518999099731445,17605.849609375,2.0309998989105225,,42.16999816894531,,,,631.95295,,,,0,,0.0544899752946026,0.1522197807271252,-0.1529212288166603,46813.3625952146,50788.08206084603,59960.97712722333,50788.08206084603
2022-02-11,94.44000244140624,1840.800048828125,75.53839874267578,63.78136444091797,23.36599922180176,17374.75,1.955000042915344,,42.18999862670898,,,,630.18975,,,,0,,0.2505226978856134,0.9751511215507548,3.314734337498826,47388.285363239156,51411.81902615568,60151.814947249164,51411.81902615568
2022-02-14,96.4800033569336,1868.0,75.34100341796875,62.24386215209961,23.84499931335449,16842.80078125,1.996000051498413,,42.959999084472656,,,,630.18975,,,,0,,1.4776157350273156,-0.2613178568683483,2.160102565428268,47962.838281174656,52035.15473901023,61224.50995081059,52035.15473901023
2022-02-15,93.27999877929688,1854.800048828125,75.6854019165039,62.78942108154297,23.33799934387207,17352.44921875,2.0450000762939453,,42.720001220703125,,,,630.18975,,,,0,,-0.7066355017063652,0.4571196067359784,-3.3167542146512075,47841.61409504596,51903.63793330457,60196.65349186252,51903.63793330457
2022-02-16,94.80999755859376,1870.199951171875,75.17479705810547,62.98781204223633,23.60099983215332,17322.19921875,2.046999931335449,,42.63999938964844,,,,630.18975,,,,0,,0.8302729101975048,-0.6746411401259866,1.6402216973832706,47913.391063600546,51981.50917277417,60464.33343885857,51981.50917277417
2022-02-17,92.97000122070312,1900.699951171875,75.04199981689453,62.44224548339844,23.874000549316406,17304.599609375,1.972000002861023,,43.38999938964844,,,,630.18975,,,,0,,1.6308416637958123,-0.1766512799606157,-1.9407197397652955,48608.76265085279,52735.92174384972,61055.69821857225,52735.92174384972
2022-02-18,93.54000091552734,1898.5999755859373,75.06300354003906,61.797489166259766,23.99099922180176,17276.30078125,1.932000041007996,,43.18000030517578,,,,632.9519,,,,0,,-0.1104843289253865,0.0279892902584899,0.6131006640207382,48568.64780164188,52692.40091687562,61372.08504142912,52692.40091687562
2022-02-21,,,74.68240356445312,59.9624137878418,,17206.650390625,,,43.09999847412109,,,,632.9519,,,,0,,,-0.5070406959973628,,,,,
2022-02-22,96.83999633789062,1906.0999755859373,74.51699829101562,58.7720947265625,24.31100082397461,17092.19921875,1.9479999542236328,,43.380001068115234,,,,632.9519,,,,0,,,-0.2214782405801307,,48405.82556324425,52515.75414880272,61738.31804344125,52515.75414880272
2022-02-23,96.83999633789062,1909.199951171875,74.62300109863281,58.7720947265625,24.55500030517578,17063.25,1.976999998092652,,43.09000015258789,,,,632.9519,,,,0,,0.1626344696313619,0.1422531906118962,0.0,48553.52094042055,52675.98969951286,62446.66624769125,52675.98969951286
2022-02-24,99.08000183105467,1925.0999755859373,74.63300323486328,55.49871063232422,24.68600082397461,16247.9501953125,1.968999981880188,,44.619998931884766,,,,632.9519,,,,0,,0.8328108537978496,0.0134035566557333,2.31309952279255,48964.44202988761,53121.800315444096,62788.23290345545,53121.800315444096
2022-02-25,97.93000030517578,1886.5,75.4083023071289,58.97047805786133,23.996999740600582,16658.400390625,1.9859999418258667,,43.619998931884766,,,,631.5266700000001,,,,0,,-2.005089401873217,1.0388153211868367,-1.1606797584035378,48481.11242803627,52597.43329456764,61669.82466788306,52597.43329456764
2022-02-28,100.98999786376952,1899.4000244140625,75.06800079345703,58.47451400756836,24.36100006103516,16793.900390625,1.83899998664856,,43.59000015258789,,,,631.5266700000001,,,,0,,0.6838072840743337,-0.4512785771066285,3.124678391767577,48592.34886498163,52718.11433464987,62322.7439428317,52718.11433464987
2022-03-01,104.97000122070312,1942.4000244140625,75.28479766845703,,25.53400039672852,,1.7070000171661377,,,,,,631.5266700000001,,,,0,,2.2638727728386154,0.2888006510210594,3.940987663255946,49835.92984679275,54067.28238095439,65512.28565100546,54067.28238095439
2022-03-02,112.93000030517578,1920.9000244140625,75.80120086669922,58.57370376586914,25.183000564575195,16605.94921875,1.8650000095367432,,44.38999938964844,,,,631.5266700000001,,,,0,,-1.1068780750497331,0.6859329031026373,7.583118026012481,49622.36414268017,53835.583739700174,65054.92260597225,53835.583739700174
2022-03-03,110.45999908447266,1934.4000244140625,75.63099670410156,59.16886901855469,25.20499992370605,16498.05078125,1.843999981880188,,44.400001525878906,,,,631.5266700000001,,,,0,,0.7027955556467846,-0.2245401928354318,-2.187196682925996,49858.902690413095,54092.20574903307,64965.55121211742,54092.20574903307
2022-03-04,118.11000061035156,1965.0999755859373,75.8917007446289,61.450313568115234,25.78199958801269,16245.349609375,1.7239999771118164,,44.650001525878906,,,,631.92032,,,,0,,1.5870528734703848,0.3447052820780838,6.92558536056902,50824.78371799709,55140.095543110045,66681.82632731047,55140.095543110045
2022-03-07,123.20999908447266,1993.9000244140625,76.41799926757812,59.615234375,25.71299934387207,15863.150390625,1.7510000467300415,,46.0,,,,631.92032,,,,0,,1.4655767740029413,0.6934862676489351,4.318007321789907,51927.28845358745,56336.20917134487,66964.55778059986,56336.20917134487
2022-03-08,127.9800033569336,2040.0999755859373,77.08080291748047,59.51604461669922,26.88800048828125,16013.4501953125,1.871999979019165,,45.93000030517578,,,,631.92032,,,,0,,2.317064577269945,0.8673397056386367,3.871442502966516,53591.298985356036,58141.50361618814,70631.97345865465,58141.50361618814
2022-03-09,111.13999938964844,1985.9000244140625,76.91449737548828,61.00394058227539,25.756999969482425,16345.349609375,1.9479999542236328,,45.65999984741211,,,,631.92032,,,,0,,-2.656730151487219,-0.215754812738822,-13.158308740091783,52054.96884553963,56474.730351292994,67514.97127160609,56474.730351292994
2022-03-10,109.33000183105467,1998.0999755859373,76.13490295410156,61.3015251159668,26.20199966430664,16594.900390625,2.010999917984009,,44.79999923706055,,,,631.92032,,,,0,,0.614328567495459,-1.0135857972012996,-1.628574382340997,51843.89428773538,56245.7343687695,67985.27187435854,56245.7343687695
2022-03-11,112.66999816894533,1982.699951171875,76.310302734375,60.90475082397461,26.106000900268555,16630.44921875,2.003999948501587,,45.27999877929688,,,,622.2746500000001,,,,0,,-0.7707334268670207,0.2303802506705476,3.054967787389096,51562.83360897574,55940.81004747368,67892.23855181446,55940.81004747368
2022-03-14,106.9000015258789,1959.5999755859373,76.75370025634766,59.9624137878418,25.24399948120117,16871.30078125,2.140000104904175,,44.63999938964844,,,,622.2746500000001,,,,0,,-1.165076721381075,0.5810454238611262,-5.121147365614109,51258.19991234986,55610.311225662575,66031.9446884949,55610.311225662575
2022-03-15,99.91000366210938,1928.5,76.49009704589844,59.7640266418457,25.12299919128418,16663.0,2.1600000858306885,,44.33000183105469,,,,622.2746500000001,,,,0,,-1.587057357287336,-0.3434403938426644,-6.538819236665172,50271.455393186,54539.786511475366,65489.74504473375,54539.786511475366
2022-03-16,98.0199966430664,1908.0,76.26589965820312,60.21039962768555,24.670000076293945,16975.349609375,2.187999963760376,,44.22999954223633,,,,622.2746500000001,,,,0,,-1.0630023334197602,-0.2931064233854807,-1.8917094883059704,49591.28610629758,53801.867002115294,64120.38951917589,53801.867002115294
2022-03-17,106.63999938964844,1942.0999755859373,76.02420043945312,60.656768798828125,25.583999633789062,17287.05078125,2.191999912261963,,44.22999954223633,,,,622.2746500000001,,,,0,,1.787210460478894,-0.3169164985048489,8.794126751474218,50317.61495858874,54589.86528526136,66285.2509580658,54589.86528526136
2022-03-18,107.93000030517578,1928.199951171875,75.98159790039062,,25.05500030517578,,2.1480000019073486,,,,,,619.67795,,,,0,,-0.7157213628957937,-0.056038128406799,1.20967828479992,49929.48580165702,54168.781765948646,64878.29652923151,54168.781765948646
2022-03-21,115.62000274658205,1928.5999755859373,75.94640350341797,60.40878677368164,25.28199958801269,17117.599609375,2.315000057220459,,44.13999938964844,,,,619.67795,,,,0,,0.020746002706784,-0.0463196325757642,7.124990660300656,49916.71222180254,54154.92363686124,65435.77277828946,54154.92363686124
2022-03-22,115.4800033569336,1920.699951171875,76.30709838867188,60.75596237182617,24.88500022888184,17315.5,2.372999906539917,,44.31999969482422,,,,619.67795,,,,0,,-0.409624832213451,0.4749334644104319,-0.1210857864752834,49948.34104140721,54189.237922281405,64714.14119052367,54189.237922281405
2022-03-23,121.5999984741211,1936.5999755859373,76.10189819335938,59.7640266418457,25.170000076293945,17245.650390625,2.321000099182129,,44.41999816894531,,,,619.67795,,,,0,,0.827824481609496,-0.2689136392885816,5.29961459930981,50226.39581857394,54490.90112392455,65279.2730828668,54490.90112392455
2022-03-24,119.02999877929688,1961.5999755859373,76.55239868164062,59.16886901855469,25.89999961853028,17222.75,2.3410000801086426,,44.58000183105469,,,,619.67795,,,,0,,1.290922251118798,0.5919701071537276,-2.1134866176590994,51175.943025077,55521.070263055226,67570.19378691126,55521.070263055226
2022-03-25,120.6500015258789,1953.800048828125,76.32350158691406,59.119266510009766,25.59499931335449,17153.0,2.492000102996826,,44.790000915527344,,,,617.64783,,,,0,,-0.3976308551636554,-0.2990070836035863,1.3610037496394556,50820.040443963204,55134.94953826196,66574.82177094115,55134.94953826196
2022-03-28,112.4800033569336,1939.5999755859373,76.27850341796875,58.57370376586914,25.176000595092773,17222.0,2.476999998092652,,44.4900016784668,,,,617.64783,,,,0,,-0.726792552324107,-0.0589571599962202,-6.771651940006718,50420.93988434019,54701.963082067174,65446.361544205036,54701.963082067174
2022-03-29,110.2300033569336,1912.0,76.03410339355469,60.30958938598633,24.715999603271484,17325.30078125,2.400000095367432,,44.18000030517578,,,,617.64783,,,,0,,-1.4229725682276206,-0.3204048499416245,-2.0003555590766275,49544.21143272788,53750.79542229911,64044.702411909035,53750.79542229911
2022-03-30,113.4499969482422,1933.5,75.66670227050781,60.45838165283203,25.10300064086914,17498.25,2.3580000400543213,,44.11000061035156,,,,617.64783,,,,0,,1.124476987447709,-0.4832057019798053,2.921158934271273,49859.23223123715,54092.563269738406,64733.19568937107,54092.563269738406
2022-03-31,107.91000366210938,1949.199951171875,75.82779693603516,58.276123046875,25.121000289916992,17464.75,2.32699990272522,,44.119998931884766,,,,617.64783,,,,0,,0.8119964402314439,0.2129003388457784,-4.883202675325105,50371.099834520886,54647.89132990473,64917.52745969875,54647.89132990473
2022-04-01,104.38999938964844,1919.0999755859373,75.9092025756836,61.40071868896485,24.64200019836425,17670.44921875,2.377000093460083,,44.56999969482422,,,,606.47533,,,,0,,-1.5442220572518095,0.1073559340212693,-3.2619814224850385,49646.49950594849,53861.76833192525,63748.06243745325,53861.76833192525
2022-04-04,107.52999877929688,1929.199951171875,75.99479675292969,63.97975158691406,24.583999633789062,18053.400390625,2.4119999408721924,,44.220001220703125,,,,606.47533,,,,0,,0.5262870988705926,0.1127586304977334,3.007950386059499,49964.057960092156,54206.28929632639,63669.72909404188,54206.28929632639
2022-04-05,106.63999938964844,1922.9000244140625,75.47799682617188,63.83095169067383,24.527999877929688,17957.400390625,2.555999994277954,,44.310001373291016,,,,606.47533,,,,0,,-0.3265564439800861,-0.6800464621781965,-0.82767543918153,49462.227870225746,53661.85099128265,63092.69872377849,53661.85099128265
2022-04-06,101.06999969482422,1918.4000244140625,75.45069885253906,65.76522827148438,24.45499992370605,17807.650390625,2.608999967575073,,44.4900016784668,,,,606.47533,,,,0,,-0.2340215270095091,-0.036166796656889,-5.2231805389197135,49328.62856977998,53516.908354006584,62882.172255963334,53516.908354006584
2022-04-07,100.58000183105467,1933.800048828125,75.94509887695312,65.56684875488281,24.732999801635746,17639.55078125,2.6519999504089355,,44.63999938964844,,,,606.47533,,,,0,,0.8027535559882004,0.6552623526792312,-0.4848103940329085,50050.44257768395,54300.00845692126,64013.732293356756,54300.00845692126
2022-04-08,102.77999877929688,1941.5999755859373,75.91320037841797,65.66602325439453,24.819000244140625,17784.349609375,2.713000059127808,,44.65999984741211,,,,604.00434,,,,0,,0.4033471176370762,-0.0420020501742168,2.187310507249296,50231.212590695555,54496.126867264036,64209.33731088073,54496.126867264036
2022-04-11,98.4800033569336,1944.300048828125,75.91729736328125,65.07086944580078,24.97800064086914,17674.94921875,2.7799999713897705,,45.220001220703125,,,,604.00434,,,,0,,0.1390643426111948,0.0053969333961179,-4.183688921418272,50303.78101131598,54574.85675755978,64624.17542478106,54574.85675755978
2022-04-12,104.63999938964844,1972.0999755859373,75.83699798583984,63.97975158691406,25.725000381469727,17530.30078125,2.7249999046325684,,45.20000076293945,,,,604.00434,,,,0,,1.4298166980229343,-0.1057721760788665,6.255072931291839,50969.06469978256,55296.6267969339,66486.44719218621,55296.6267969339
2022-04-13,108.77999877929688,1981.0,76.1498031616211,65.07086944580078,26.020000457763672,17475.650390625,2.687000036239624,,45.72999954223633,,,,604.00434,,,,0,,0.4512968168065789,0.4124704090207487,3.956421458138881,51410.26754769132,55775.290264004725,67526.2587140172,55775.290264004725
2022-04-14,111.6999969482422,1970.9000244140625,76.12169647216797,,25.690000534057617,,2.828000068664551,,,,,,604.00434,,,,0,,-0.5098422809660552,-0.0369097335596091,2.684315316889907,51129.277618776614,55470.44269961613,66645.24598211677,55470.44269961613
2022-04-15,,,76.30879974365234,,,,,,,,,,603.69372,,,,0,,,0.2457949312162144,,,,,
2022-04-18,113.16000366210938,1982.9000244140625,76.3313980102539,63.48377990722656,26.13999938964844,17173.650390625,2.861999988555908,,46.18999862670898,,,,603.69372,,,,0,,,0.0296142341086103,,51582.29229404329,55961.92088504696,67999.4489122765,55961.92088504696
2022-04-19,107.25,1955.699951171875,76.28019714355469,62.29346084594727,25.391000747680664,16958.650390625,2.9130001068115234,,45.97999954223633,,,,603.69372,,,,0,,-1.371731953567601,-0.0670770718654178,-5.222696598487553,50840.59623475582,55157.2506320464,66006.73156614332,55157.2506320464
2022-04-20,106.8000030517578,1952.300048828125,76.44539642333984,62.54144287109375,25.270000457763672,17136.55078125,2.8399999141693115,,45.220001220703125,,,,603.69372,,,,0,,-0.1738458060354664,0.2165690257384334,-0.4195775741185903,50862.125561486675,55180.60792048082,65834.44675899582,55180.60792048082
2022-04-21,108.33000183105467,1944.9000244140625,76.27619934082031,63.632572174072266,24.621000289916992,17392.599609375,2.9170000553131104,,45.209999084472656,,,,603.69372,,,,0,,-0.3790413475891929,-0.221330636553374,1.4325830857470967,50557.19030905967,54849.781939074164,64001.67523427104,54849.781939074164
2022-04-22,106.6500015258789,1931.0,76.28520202636719,62.64064025878906,24.256999969482425,17171.94921875,2.9059998989105225,,45.33000183105469,,,,600.42286,,,,0,,-0.7146909475848284,0.0118027453185565,-1.550817203710397,50201.78713639621,54464.203025335504,63062.90776983562,54464.203025335504
2022-04-25,102.31999969482422,1893.199951171875,76.4635009765625,61.450313568115234,23.667999267578125,16953.94921875,2.825999975204468,,44.900001525878906,,,,600.42286,,,,0,,-1.957537484625837,0.2337267850895719,-4.060011035259104,49334.106481320196,53522.8513712436,61675.45035820164,53522.8513712436
2022-04-26,104.98999786376952,1901.4000244140625,76.52780151367188,62.69023513793945,23.54199981689453,17200.80078125,2.7720000743865967,,44.63999938964844,,,,600.42286,,,,0,,0.4331329734670541,0.0840931114690635,2.6094587342736064,49589.455040891626,53799.880468891846,61398.70235103884,53799.880468891846
2022-04-27,105.31999969482422,1885.9000244140625,76.79409790039062,61.69829559326172,23.45800018310547,17038.400390625,2.818000078201294,,44.43000030517578,,,,600.42286,,,,0,,-0.815188797779498,0.3479733919589778,0.3143173995325599,49356.358792905856,53546.99303003937,61392.51596654104,53546.99303003937
2022-04-28,107.58999633789062,1888.699951171875,76.47219848632812,61.202335357666016,23.128999710083008,17245.05078125,2.86299991607666,,44.33000183105469,,,,600.42286,,,,0,,0.1484663408221953,-0.4191720755415851,2.155332937375576,49222.44114005238,53401.705010434176,60277.74957856431,53401.705010434176
2022-04-29,109.33999633789062,1909.300048828125,76.58899688720703,60.40878677368164,23.040000915527344,17102.55078125,2.88700008392334,,44.790000915527344,,,,597.7278699999999,,,,0,,1.0907025037761198,0.1527331542583887,1.626545273320823,49835.310504035886,54066.610452491754,60137.514810378416,54066.610452491754
2022-05-02,107.58000183105467,1861.800048828125,76.52310180664062,60.11119842529297,22.54400062561035,17069.099609375,2.996000051498413,,44.15999984741211,,,,597.7278699999999,,,,0,,-2.4878226986457253,-0.0860372680731802,-1.6096529776689183,48553.68609992062,52676.16888198934,58792.26023768076,52676.16888198934
2022-05-03,104.97000122070312,1868.800048828125,76.52410125732422,,22.621000289916992,,2.9600000381469727,,,,,,597.7278699999999,,,,0,,0.375980224321415,0.0013060770669204,-2.4261020319095605,48736.87489066788,52874.91143798873,58993.83734085304,52874.91143798873
2022-05-04,110.13999938964844,1867.0,76.46730041503906,59.912818908691406,22.36199951171875,16677.599609375,2.9170000553131104,,43.97999954223633,,,,597.7278699999999,,,,0,,-0.0963211034403443,-0.0742260821778972,4.925214926953481,48653.790366798145,52784.7725677527,58275.0956842853,52784.7725677527
2022-05-05,110.9000015258789,1874.0,76.00160217285156,59.9624137878418,22.39999961853028,16682.650390625,3.065999984741211,,44.540000915527344,,,,597.7278699999999,,,,0,,0.3749330476700674,-0.6090161934053429,0.6900328131851152,48538.78908169154,52660.00702258987,58018.615630406195,52660.00702258987
2022-05-06,112.38999938964844,1881.199951171875,76.54180145263672,59.71443176269531,22.325000762939453,16411.25,3.122999906539917,,44.54999923706055,,,,595.9543100000001,,,,0,,0.3842023037286646,0.7107735420584627,1.3435508054721046,49071.60259926568,53238.05942373163,58235.36008412196,53238.05942373163
2022-05-09,105.94000244140624,1857.0999755859373,76.9574966430664,58.82168960571289,21.78199958801269,16301.849609375,3.0789999961853027,,44.41999816894531,51699.0,62352.0,pdf,595.9543100000001,2992.960150718376,6.1449466225953495,5224.491848692713,0,,-1.281095907477814,0.543095645177516,-5.7389420618114695,48706.039849281624,52841.458327050816,57127.50815130729,52841.458327050816
2022-05-10,102.45999908447266,1839.9000244140625,77.3655014038086,57.978546142578125,21.38999938964844,16240.0498046875,2.993000030517578,,44.2599983215332,51486.0,61967.0,pdf,595.9543100000001,2975.2294446046144,6.133131695377097,5570.166541522653,0,,-0.9261726023365168,0.5301689614912286,-3.2848813259734766,48510.770555395386,52629.60956481574,56396.83345847735,52629.60956481574
2022-05-11,107.51000213623048,1852.5999755859373,77.27140045166016,60.954349517822266,21.549999237060547,16167.099609375,2.9210000038146973,,44.060001373291016,51045.0,60733.0,pdf,595.9543100000001,2258.7945036246747,4.629986039378481,3983.42075564908,0,,0.6902522421520896,-0.121631671017397,4.928755706501975,48786.205496375325,52928.430491350584,56749.57924435092,52928.430491350584
2022-05-12,107.4499969482422,1823.800048828125,77.41840362548828,61.35111618041992,20.756999969482425,15808.0,2.816999912261963,,44.02000045776367,51284.0,60460.0,pdf,595.9543100000001,3164.839901907282,6.577088825855723,5694.708962234581,0,,-1.5545680199366083,0.1902426680102431,-0.0558135864533348,48119.16009809272,52204.74916302511,54765.29103776542,52204.74916302511
2022-05-13,111.5500030517578,1807.4000244140625,77.44380187988281,61.202335357666016,20.983999252319336,15782.150390625,2.934999942779541,,43.41999816894531,50387.0,59207.0,pdf,593.27877,2684.894072074494,5.6284602531619425,3824.6307621688466,0,,-0.8992227204183023,0.0328064816699003,3.815734034399809,47702.105927925506,51752.284733126726,55382.36923783115,51752.284733126726
2022-05-16,114.23999786376952,1813.5,77.48629760742188,62.93821716308594,21.53499984741211,15842.2998046875,2.877000093460083,,43.13999938964844,50367.0,59683.0,pdf,593.27877,2477.6355382117254,5.173665522725139,2815.2053279694956,0,,0.3375000278599049,0.054872987259813,2.411469958242485,47889.364461788275,51955.442576468406,56867.794672030504,51955.442576468406
2022-05-17,111.93000030517578,1818.199951171875,77.8053970336914,63.037410736083984,21.73699951171875,16259.2998046875,2.9679999351501465,,43.540000915527344,50752.0,61239.0,pdf,593.27877,2540.7970058610663,5.270138158904586,3601.3955512961693,0,,0.2591646634615419,0.4118140059887976,-2.02205672425555,48211.202994138934,52304.60702194318,57637.60444870383,52304.60702194318
2022-05-18,109.11000061035156,1815.9000244140625,77.37239837646484,61.84708786010742,21.53300094604492,16240.2998046875,2.885999917984009,,43.38999938964844,50297.0,60961.0,pdf,593.27877,2414.744785363415,5.04308908287444,4182.067626329117,0,,-0.1264947101296654,-0.556514938210606,-2.5194315082064933,47882.255214636585,51947.729713992514,56778.93237367088,51947.729713992514
2022-05-19,112.04000091552734,1841.199951171875,77.81999969482422,60.55757141113281,21.89800071716309,15809.400390625,2.8550000190734863,,43.59000015258789,50395.0,61149.0,pdf,593.27877,1564.7685416097738,3.20450772989508,3073.588754496908,0,,1.3932444747874362,0.5785025768252794,2.685363659413098,48830.231458390226,52976.194506744105,58075.41124550309,52976.194506744105
2022-05-20,112.5500030517578,1841.800048828125,77.42109680175781,61.49991226196289,21.66900062561035,16266.150390625,2.7869999408721924,,43.91999816894531,51012.0,61855.0,pdf,597.5092,2416.237252401559,4.972115089439495,4681.496608590882,0,,0.0325927477821119,-0.5125968833599726,0.4551964763147342,48595.76274759844,52721.81807522472,57173.50339140912,52721.81807522472
2022-05-23,113.41999816894533,1847.800048828125,77.81839752197266,60.50797653198242,21.722999572753903,16214.7001953125,2.858999967575073,,44.25,51248.0,61759.0,pdf,597.5092,2243.737114705036,4.578657003691671,4148.893192420866,0,,0.3257682615340096,0.5131685504690786,0.7729854230100974,49004.262885294964,53165.002186876605,57610.10680757913,53165.002186876605
2022-05-24,113.55999755859376,1865.0999755859373,77.52680206298828,59.41685104370117,22.0629997253418,16125.150390625,2.759999990463257,,44.06999969482422,51000.0,61200.0,pdf,597.5092,1722.281790463654,3.495051826751089,2907.4528146453376,0,,0.9362445232526272,-0.3747127520867255,0.1234344841373635,49277.718209536346,53461.6754160064,58292.54718535466,53461.6754160064
2022-05-25,114.02999877929688,1846.199951171875,77.47879791259766,58.325721740722656,21.86000061035156,16025.7998046875,2.749000072479248,,44.119998931884766,51217.0,61757.0,pdf,597.5092,2468.8417224817167,5.0644820434586535,4036.558125670388,0,,-1.0133518128498609,-0.0619194254286692,0.4138792099397603,48748.15827751828,52887.15284825096,57720.44187432961,52887.15284825096
2022-05-26,117.4000015258789,1847.4000244140625,77.49729919433594,58.325721740722656,21.94099998474121,16170.150390625,2.75600004196167,,43.869998931884766,50989.0,61339.0,pdf,597.5092,2197.5060623214304,4.503871238557088,3390.8483493229287,0,,0.0650023439457747,0.0238791543450966,2.955365064157034,48791.49393767857,52934.16795125504,57948.15165067707,52934.16795125504
2022-05-27,119.43000030517578,1851.300048828125,77.63020324707031,57.87934875488281,22.059999465942383,16352.4501953125,2.743000030517578,,44.08000183105469,51163.0,62173.0,pdf,601.36287,2184.651259328093,4.460442859956905,3810.6428150641586,0,,0.2111088211823153,0.1714950767524259,1.7291301132133174,48978.34874067191,53136.887784691215,58362.35718493584,53136.887784691215
2022-05-30,,,77.69200134277344,58.92088317871094,,16661.400390625,,,43.97999954223633,51295.0,62462.0,pdf,601.36287,,,,0,,,0.0796057373525727,,,,,
2022-05-31,122.83999633789062,1842.699951171875,77.5208969116211,59.66483688354492,21.650999069213867,16584.55078125,2.844000101089477,,43.95000076293945,51192.0,61501.0,pdf,601.36287,2509.8201388670714,5.155521272930655,4301.354979638301,0,,,-0.2202342946443614,,48682.17986113293,52815.57249085176,57199.6450203617,52815.57249085176
2022-06-01,116.29000091552734,1843.300048828125,77.5989990234375,60.16080093383789,21.88400077819824,16522.75,2.930999994277954,,43.52000045776367,50702.0,60765.0,pdf,601.36287,1954.903046200292,4.010296342473605,2891.5404755963464,0,,0.03256621653831,0.1007497525543854,-5.332135800742366,48747.09695379971,52886.00141214119,57873.45952440365,52886.00141214119
2022-06-02,117.61000061035156,1866.5,77.58409881591797,60.70636367797852,22.253999710083008,16628.0,2.9130001068115234,,43.97999954223633,,,,601.36287,,,,0,,1.2586095891780724,-0.0192015460341532,1.1350930298668294,49351.15458591655,53541.34695641889,58840.64183483786,53541.34695641889
2022-06-03,119.72000122070312,1845.4000244140625,77.3604965209961,60.01200866699219,21.88999938964844,16584.30078125,2.9570000171661377,,44.150001525878906,51469.0,62699.0,pdf,601.0572199999999,2816.364155595991,5.788718548781211,4987.601124466535,0,,-1.130456768600996,-0.288206344256714,1.7940656401678856,48652.63584440401,52783.52001987227,57711.398875533465,52783.52001987227
2022-06-06,119.51000213623048,1839.199951171875,77.69419860839844,60.21039962768555,22.073999404907227,16569.55078125,3.0380001068115234,,44.0,51167.0,62471.0,pdf,601.0572199999999,2468.6617859344988,5.069293689412747,4023.4620869894716,0,,-0.3359744857571511,0.4313598055976531,-0.175408521827125,48698.3382140655,52833.102779410685,58447.53791301053,52833.102779410685
2022-06-07,120.56999969482422,1847.5,77.82099914550781,59.813621520996094,22.15900039672852,16416.349609375,2.9719998836517334,,43.86000061035156,50850.0,61668.0,pdf,601.0572199999999,1852.056464190442,3.7798657056635223,2899.640040655737,0,,0.4512858334319025,0.1632046399609343,0.8869530078206012,48997.94353580956,53158.14628884998,58768.35995934426,53158.14628884998
2022-06-08,123.58000183105467,1851.9000244140625,77.67060089111328,59.56563949584961,22.073999404907227,16356.25,3.0290000438690186,,43.880001068115234,51038.0,62287.0,pdf,601.0572199999999,2018.2823001597717,4.117286665170554,3857.214100658297,0,,0.2381609967016196,-0.1932617880083031,2.4964768548138894,49019.71769984023,53181.76920265685,58429.7858993417,53181.76920265685
2022-06-09,123.06999969482422,1848.800048828125,77.72429656982422,59.9624137878418,21.79700088500977,16478.099609375,3.0439999103546143,,43.95000076293945,51136.0,62048.0,pdf,601.0572199999999,2164.5066661218007,4.419931921137491,4311.540926700422,0,,-0.1673943271812583,0.0691325650823859,-0.4126898597458295,48971.4933338782,53129.45031505653,57736.45907329958,53129.45031505653
2022-06-10,122.01000213623048,1871.5,77.8187026977539,59.46644592285156,21.913000106811523,16201.7998046875,3.1559998989105225,,43.810001373291016,50984.0,61203.0,pdf,596.45816,1351.0120003288248,2.7220041645241575,3088.777646905197,0,,1.2278207795517693,0.1214628270644668,-0.8612964664192924,49632.987999671175,53847.10962228476,58114.2223530948,53847.10962228476
2022-06-13,122.2699966430664,1828.0,78.17759704589844,58.12733459472656,21.23600006103516,15774.400390625,3.365999937057495,,44.18999862670898,51657.0,61325.0,pdf,596.45816,2954.0674541783083,6.065481686136665,4746.4727289025905,0,,-2.3243387656959658,0.4611929211136623,0.2130927811521799,48702.93254582169,52838.08719593862,56578.52727109741,52838.08719593862
2022-06-14,121.16999816894533,1809.5,78.16059875488281,57.82975769042969,20.93600082397461,15732.099609375,3.4830000400543213,,43.56999969482422,50725.0,60164.0,pdf,596.45816,2525.4405762122988,5.239551162714426,4396.881137793185,0,,-1.0120350109409149,-0.021743174077915,-0.8996470960347169,48199.5594237877,52291.97484656212,55767.118862206815,52291.97484656212
2022-06-15,118.51000213623048,1815.300048828125,77.9854965209961,58.07773971557617,21.402000427246094,15692.150390625,3.3949999809265137,,43.61000061035156,50619.0,60193.0,pdf,596.45816,2373.2719690720332,4.919133912852647,3312.315586572622,0,,0.3205332317283815,-0.2240287775121197,-2.195259612867251,48245.72803092797,52342.06342978033,56880.68441342738,52342.06342978033
2022-06-16,119.80999755859376,1845.699951171875,77.90019989013672,57.53217315673828,21.867000579833984,15360.599609375,3.306999921798706,,43.720001220703125,50861.0,61074.0,pdf,596.45816,1860.977866955509,3.797912298697735,3021.0368564048767,0,,1.674648902443132,-0.1093749923569586,1.0969499611255706,49000.02213304449,53160.40137075581,58052.96314359512,53160.40137075581
2022-06-17,113.12000274658205,1835.5999755859373,77.97769927978516,56.93701553344727,21.57299995422364,15293.5,3.239000082015991,,44.08000183105469,51185.0,61673.0,pdf,590.58812,2404.632945528807,4.929509740760343,4343.578000132904,0,,-0.5472165494464498,0.0994854823963775,-5.583836865316638,48780.36705447119,52922.09633268101,57329.421999867096,52922.09633268101
2022-06-20,,,77.9614028930664,55.399513244628906,,15350.150390625,,,43.81999969482422,51064.0,61067.0,pdf,590.58812,,,,0,,,-0.0208987785857539,,,,,
2022-06-21,114.6500015258789,1834.5999755859373,77.93399810791016,56.58983612060547,21.753999710083008,15638.7998046875,3.306999921798706,,43.77999877929688,50943.0,60773.0,pdf,590.58812,2216.530732023195,4.548925389675024,2994.976864989716,0,,,-0.0351517342419338,,48726.469267976805,52863.622319031434,57778.023135010284,52863.622319031434
2022-06-22,111.73999786376952,1834.300048828125,78.13490295410156,57.38338470458984,21.40699958801269,15413.2998046875,3.1559998989105225,,43.68000030517578,50764.0,60383.0,pdf,590.58812,1919.906029185564,3.9306820397421145,3380.0303834380175,0,,-0.0163483463318292,0.2577884505722716,-2.538162776607133,48844.093970814436,52991.23402494018,57002.96961656198,52991.23402494018
2022-06-23,110.0500030517578,1825.699951171875,78.19309997558594,57.82975769042969,21.03199958801269,15556.650390625,3.068000078201294,,43.7599983215332,50994.0,60409.0,pdf,590.58812,2342.701227884616,4.815290212205683,4362.873960799392,0,,-0.4688490120111077,0.074482746230009,-1.5124349779137458,48651.298772115384,52782.069422578,56046.12603920061,52782.069422578
2022-06-24,113.12000274658205,1826.5,78.14240264892578,57.87934875488281,21.11599922180176,15699.25,3.125,,43.65999984741211,50776.0,59666.0,pdf,593.3225799999999,2134.9389153764932,4.389170112186129,3432.5147544198335,0,,0.0438214848837326,-0.0648360618468735,2.7896407175748594,48641.06108462351,52770.96249746889,56233.48524558017,52770.96249746889
2022-06-27,115.08999633789062,1820.9000244140625,78.2522964477539,57.978546142578125,21.15900039672852,15832.0498046875,3.194000005722046,,43.869998931884766,51021.0,60507.0,pdf,593.3225799999999,2460.874926326018,5.067686548567268,4079.755674508684,0,,-0.3065959806152429,0.1406327360087056,1.741507729381775,48560.12507367398,52683.15456106139,56427.244325491316,52683.15456106139
2022-06-28,117.9800033569336,1817.5,78.44110107421875,59.9624137878418,20.79700088500977,15850.2001953125,3.2060000896453857,,43.79999923706055,51039.0,60488.0,pdf,593.3225799999999,2452.601917939741,5.04791878952913,4892.326607315314,0,,-0.1867221905912486,0.2412767867980836,2.511084465202562,48586.39808206026,52711.6582965748,55595.67339268469,52711.6582965748
2022-06-29,116.26000213623048,1813.699951171875,79.07319641113281,60.06160736083984,20.667999267578125,15799.099609375,3.0929999351501465,,43.7599983215332,51025.0,59691.0,pdf,593.3225799999999,2149.485791609237,4.397878623730615,3994.957707622125,0,,-0.209081090955987,0.8058216015045305,-1.4578752091568226,48875.51420839076,53025.32201853714,55696.042292377875,53025.32201853714
2022-06-30,114.80999755859376,1804.0999755859373,78.89830017089844,59.41685104370117,20.28199958801269,15780.25,2.9719998836517334,,43.7599983215332,,,,593.3225799999999,,,,0,,-0.529303404332937,-0.2211827119331544,-1.2472084560411711,48509.28245914936,52627.995120775246,54534.9625943938,52627.995120775246
2022-07-01,111.62999725341795,1798.9000244140625,78.96299743652344,60.90475082397461,19.597000122070312,15752.0498046875,2.888999938964844,,44.36000061035156,51849.0,58400.0,pdf,588.31423,3439.872314256674,7.1058341240669165,5663.679565748462,0,,-0.2882296570169917,0.0820008358670021,-2.7697938966968927,48409.127685743326,52519.33664019322,52736.32043425154,52519.33664019322
2022-07-04,,,78.95069885253906,60.70636367797852,,15835.349609375,,,44.68000030517578,52339.0,58013.0,pdf,588.31423,,,,0,,,-0.0155751230115908,,,,,
2022-07-05,102.7699966430664,1761.800048828125,78.93949890136719,60.70636367797852,19.052000045776367,15810.849609375,2.809000015258789,,44.79999923706055,52411.0,58661.0,pdf,588.31423,5014.356599729865,10.579560576437963,7406.5541375293615,0,,,-0.0141860063744281,,47396.643400270135,51420.88670784023,51254.44586247064,51420.88670784023
2022-07-06,100.69000244140624,1734.9000244140625,79.36840057373047,60.70636367797852,19.084999084472656,15989.7998046875,2.9130001068115234,,44.16999816894531,51581.0,56081.0,pdf,588.31423,4654.4436643289955,9.918570693820424,4458.815891367616,0,,-1.5268488857152265,0.543329611072374,-2.023931370635579,46926.556335671004,50910.886590586466,51622.184108632384,50910.886590586466
2022-07-07,104.6500015258789,1737.9000244140625,79.04389953613281,63.13660430908203,19.121999740600582,16132.900390625,3.007999897003174,,43.59000015258789,50871.0,56583.0,pdf,588.31423,4055.4909320026345,8.662708176711742,5072.20307966791,0,,0.1729206269976968,-0.4088541979577975,3.932862239006374,46815.509067997365,50790.41078131789,51510.79692033209,50790.41078131789
2022-07-08,107.0199966430664,1740.5999755859375,79.22160339355469,62.44224548339844,19.16699981689453,16220.599609375,3.1010000705718994,,43.56999969482422,50877.0,56526.0,pdf,580.25225,3883.3471349969914,8.263556668285704,4777.904602290575,0,,0.155357105353926,0.2248166632273118,2.264687131037846,46993.65286500301,50983.67999505043,51748.095397709425,50983.67999505043
2022-07-11,107.0999984741211,1730.0,79.3313980102539,63.23579406738281,19.066999435424805,16216.0,2.990999937057495,,43.560001373291016,50924.0,56466.0,pdf,580.25225,4151.798263474011,8.876636355204404,4916.546583588672,0,,-0.6089840132491808,0.1385917628475397,0.0747540960232884,46772.20173652599,50743.42641226875,51549.45341641133,50743.42641226875
2022-07-12,99.48999786376952,1723.300048828125,79.47779846191406,63.087005615234375,18.89900016784668,16058.2998046875,2.9579999446868896,,43.619998931884766,50770.0,56046.0,pdf,580.25225,4092.9573493727366,8.768673242664688,4856.455991766001,0,,-0.3872804145592434,0.1845428863376907,-7.105509541338028,46677.04265062726,50640.187781340894,51189.544008234,50640.187781340894
2022-07-13,99.56999969482422,1734.199951171875,79.47640228271484,63.38459014892578,19.13800048828125,15966.650390625,2.9040000438690186,,43.43999862670898,50656.0,55888.0,pdf,580.25225,3684.5494122910895,7.844231690079487,4052.013978007628,0,,0.6325017138577804,-0.0017566908321997,0.0804119336339947,46971.45058770891,50959.59261874079,51835.98602199237,50959.59261874079
2022-07-14,99.0999984741211,1704.5,79.80750274658203,65.12047576904297,18.16900062561035,15938.650390625,2.9600000381469727,,43.29999923706055,50804.0,56317.0,pdf,580.25225,4444.650815039466,9.58738828991447,6900.570293667537,0,,-1.7126024684642305,0.4166022295390092,-0.4720309552512347,46359.349184960534,50295.52034217416,49416.42970633246,50295.52034217416
2022-07-15,101.16000366210938,1702.4000244140625,79.87830352783203,65.71562957763672,18.54800033569336,16049.2001953125,2.930000066757202,,43.11000061035156,50386.0,54560.0,pdf,572.7117099999999,4042.689623839353,8.723350988579666,4068.00492909881,0,,-0.1232018530910816,0.0887144426443553,2.0787136424893493,46343.31037616065,50278.11974772145,50491.99507090119,50278.11974772145
2022-07-18,106.2699966430664,1709.199951171875,79.72049713134766,64.82289123535156,18.791000366210938,16278.5,2.9600000381469727,,43.54999923706055,50629.0,54574.0,pdf,572.7117099999999,4192.500573069003,9.028459562646422,3521.5601061921698,0,,0.3994317822071824,-0.1975585227963594,5.05139659546201,46436.499426931,50379.221076387395,51052.43989380783,50379.221076387395
2022-07-19,107.3499984741211,1710.0,80.0302963256836,65.02127838134766,18.670000076293945,16340.5498046875,3.0190000534057617,,43.38999938964844,50493.0,55204.0,pdf,572.7117099999999,3854.2245824636702,8.263991813589662,4283.184760019933,0,,0.0468083811713482,0.3886067015180794,1.0162810437287728,46638.77541753633,50598.671443553554,50920.81523998007,50598.671443553554
2022-07-20,106.91999816894533,1699.5,79.85590362548828,64.87248992919922,18.638999938964844,16520.849609375,3.0360000133514404,,43.38999938964844,50477.0,55230.0,pdf,572.7117099999999,4225.608772579166,9.136176578563003,4504.511428953461,0,,-0.6140350877193002,-0.2179083524639469,-0.4005592093971444,46251.391227420834,50178.39614295655,50725.48857104654,50178.39614295655
2022-07-21,103.86000061035156,1712.699951171875,80.00340270996094,64.37651824951172,18.687000274658203,16605.25,2.9100000858306885,,43.02999877929688,50182.0,54737.0,pdf,572.7117099999999,3485.2831193177626,7.463657730420817,3786.9453463594473,0,,0.7766961560385477,0.1847065498931765,-2.861950627569798,46696.71688068224,50661.532464891105,50950.05465364055,50661.532464891105
2022-07-22,103.1999969482422,1727.0999755859375,79.7759017944336,64.32691955566406,18.584999084472656,16719.44921875,2.782999992370605,,43.68999862670898,50677.0,55085.0,pdf,571.55989,3721.571985788367,7.925754578708105,4557.144114929812,0,,0.8407791688327837,-0.2843640493043864,-0.6354743483831582,46955.42801421163,50942.20963805979,50527.85588507019,50942.20963805979
2022-07-25,105.1500015258789,1719.0,79.87680053710938,64.52531433105469,18.29400062561035,16631.0,2.819999933242798,,43.59999847412109,50803.0,54402.0,pdf,571.55989,4008.6799618407895,8.566595173456617,4602.3885949333635,0,,-0.4689928608903826,0.1264777212243606,1.889539375291549,46794.32003815921,50767.422682908575,49799.61140506664,50767.422682908575
2022-07-26,104.4000015258789,1717.699951171875,79.72250366210938,63.88055419921875,18.48699951171875,16483.849609375,2.7869999408721924,,43.459999084472656,50822.0,54106.0,pdf,571.55989,4153.393223731342,8.89975833999693,3878.2224363535643,0,,-0.0756282040794031,-0.1931685720540588,-0.7132667514183622,46668.60677626866,50631.035653499006,50227.777563646436,50631.035653499006
2022-07-27,106.62000274658205,1719.0999755859375,79.84120178222656,65.17005920410156,18.55299949645996,16641.80078125,2.733999967575073,,43.56999969482422,50780.0,54411.0,pdf,571.55989,4003.8145171275755,8.559514795394364,3928.854805724375,0,,0.0815057608348546,0.1488891024048477,2.126437919785684,46776.185482872424,50747.74840122951,50482.145194275625,50747.74840122951
2022-07-28,107.13999938964844,1750.300048828125,79.84739685058594,64.92207336425781,19.82699966430664,16929.599609375,2.680999994277954,,44.02000045776367,51174.0,55844.0,pdf,571.55989,3545.174702923461,7.443338526220305,1891.1532404563404,0,,1.814907433266244,0.0077592373625146,0.4877102135350197,47628.82529707654,51672.78216192265,53952.84675954366,51672.78216192265
2022-07-29,110.01000213623048,1762.9000244140625,79.57150268554688,64.52531433105469,20.1560001373291,17158.25,2.6419999599456787,,44.060001373291016,51623.0,57912.0,pdf,573.8747,3817.061675169971,7.984492740700833,3253.398485675003,0,,0.7198751776515966,-0.345526812295871,2.678740678487745,47805.93832483003,51864.933088258986,54658.601514325,51864.933088258986
2022-08-01,100.02999877929688,1769.0,79.1948013305664,65.07086944580078,20.32200050354004,17340.05078125,2.6059999465942383,,44.220001220703125,51405.0,57912.0,pdf,573.8747,3660.7462128061816,7.6674069074844,3064.1340020070056,0,,0.346019371572992,-0.4734123929632572,-9.071905429630744,47744.25378719382,51798.0111842197,54847.865997992994,51798.0111842197
2022-08-02,100.54000091552734,1771.0999755859375,78.95570373535156,65.41804504394531,20.104999542236328,17345.44921875,2.740999937057495,,44.18000030517578,51437.0,57622.0,pdf,573.8747,3780.385260329298,7.93255098160046,3523.630019015174,0,,0.1187097561298866,-0.3019107203979576,0.5098491876978972,47656.6147396707,51702.93108549179,54098.369980984826,51702.93108549179
2022-08-03,96.77999877929688,1758.0,78.60449981689453,65.96361541748047,19.864999771118164,17388.150390625,2.747999906539917,,44.18999862670898,51486.0,57057.0,pdf,573.8747,4392.292436932614,9.326707673313898,3842.1825960501083,0,,-0.7396519545207259,-0.4448113332435333,-3.739807143417062,47093.707563067386,51092.22990332782,53214.81740394989,51092.22990332782
2022-08-04,94.12000274658205,1788.5,79.11830139160156,69.73297119140625,20.099000930786133,17382.0,2.6760001182556152,,44.65999984741211,51815.0,57598.0,pdf,573.8747,3591.0808393871484,7.4466797844174035,3404.39663990424,0,,1.7349260523321863,0.6536541494493342,-2.7484976919465165,48223.91916061285,52318.40286292903,54193.60336009576,52318.40286292903
2022-08-05,94.91999816894533,1772.9000244140625,79.15489959716797,70.62570190429688,19.819000244140625,17397.5,2.8399999141693115,,44.720001220703125,52140.0,57838.0,pdf,572.97761,4314.595516899877,9.02155572656894,4374.652373280485,0,,-0.8722379416235659,0.0462575724234248,0.8499738621101205,47825.40448310012,51886.05203355201,53463.347626719515,51886.05203355201
2022-08-08,96.6500015258789,1786.800048828125,79.41059875488281,70.8240966796875,20.59199905395508,17525.099609375,2.765000104904175,,44.619998931884766,,,,572.97761,,,,0,,0.7840275380816442,0.3230364248026918,1.8225910138076613,48356.073572638765,52461.77793257978,55728.016232919974,52461.77793257978
2022-08-09,96.30999755859376,1794.0,79.60189819335938,,20.45800018310547,,2.796999931335449,,,51968.0,57380.0,pdf,572.97761,3300.1157810471705,6.780890178418727,1881.2494836849146,0,,0.402952259632916,0.2408991261570126,-0.3517888897230037,48667.88421895283,52800.06306773183,55498.750516315085,52800.06306773183
2022-08-10,97.4000015258789,1795.5999755859375,79.57839965820312,68.6914291381836,20.718000411987305,17534.75,2.7860000133514404,,44.869998931884766,52297.0,58291.0,pdf,572.97761,3600.0910243401086,7.392853263313976,2103.508691363386,0,,0.0891848152696495,-0.0295200688546048,1.1317661664584922,48696.90897565989,52831.55219057441,56187.491308636614,52831.55219057441
2022-08-11,99.5999984741211,1789.699951171875,79.0978012084961,69.48497772216797,20.326000213623047,17659.0,2.888000011444092,,44.90999984741211,52224.0,58436.0,pdf,572.97761,3980.2297431842017,8.250246035905292,3644.5315248552433,0,,-0.3285823398464504,-0.6039307799242555,2.2587237307770014,48243.7702568158,52339.93942956431,54791.46847514476,52339.93942956431
2022-08-12,98.1500015258789,1798.5999755859375,79.61399841308594,69.38578796386719,20.677000045776367,17698.150390625,2.8489999771118164,,45.0,,,,570.7401,,,,0,,0.4972914263217554,0.6526062630100027,-1.4558202514620922,48800.08993785257,52943.49380050042,56101.3830521236,52943.49380050042
2022-08-15,95.0999984741211,1781.4000244140625,79.62760162353516,,20.2509994506836,,2.79099988937378,,,52481.0,58490.0,pdf,570.7401,4139.325215885445,8.562643380418542,3535.064775934836,0,,-0.9562966421297614,0.0170864555484762,-3.107491598921297,48341.674784114555,52446.15660540729,54954.935224065164,52446.15660540729
2022-08-16,92.33999633789062,1773.199951171875,79.55290222167969,69.68336486816406,20.065000534057617,17825.25,2.8239998817443848,,44.650001525878906,52180.0,57905.0,pdf,570.7401,4105.990812877273,8.5409785501666,3505.8884177772125,0,,-0.4603162192548304,-0.09381094034282,-2.9022104947578176,48074.00918712273,52155.764684142574,54399.11158222279,52155.764684142574
2022-08-17,93.6500015258789,1760.300048828125,79.14600372314453,69.93135070800781,19.711000442504883,17944.25,2.8929998874664307,,44.59999847412109,52147.0,58005.0,pdf,570.7401,4666.826684615415,9.829000946597773,4838.966297234758,0,,-0.7274928208307663,-0.5114816520474741,1.418675806737868,47480.173315384585,51511.50878555874,53166.03370276524,51511.50878555874
2022-08-18,96.58999633789062,1755.300048828125,79.35970306396484,70.22893524169922,19.44799995422364,17956.5,2.880000114440918,,44.54999923706055,51974.0,56650.0,pdf,570.7401,4500.855143970039,9.480844712562469,4051.7151880495294,0,,-0.2840424848779999,0.2700064826618886,3.1393430476339024,47473.14485602996,51503.88357022117,52598.28481195047,51503.88357022117
2022-08-19,96.72000122070312,1747.5999755859375,79.7667007446289,69.43537902832031,19.058000564575195,17758.44921875,2.989000082015991,,44.41999816894531,51868.0,56064.0,pdf,564.0531500000001,4360.709395946658,9.179031976987972,4256.150160111742,0,,-0.4386756126012914,0.5128518189338793,0.1345945623165034,47507.29060405334,51540.92848552956,51807.84983988826,51540.92848552956
2022-08-22,96.4800033569336,1734.0,79.91790008544922,69.68336486816406,18.87299919128418,17490.69921875,3.0369999408721924,,43.9900016784668,51550.0,55166.0,pdf,564.0531500000001,4323.065065648851,9.153812483613901,3763.814024057683,0,,-0.7782087305979513,0.1895519551502689,-0.2481367460096306,47226.93493435115,51236.76903255077,51402.18597594232,51236.76903255077
2022-08-23,100.22000122070312,1746.800048828125,79.88379669189453,76.7260971069336,19.011999130249023,17577.5,3.053999900817871,,44.150001525878906,51430.0,54829.0,pdf,564.0531500000001,3874.7470028466196,8.147884321167545,3070.3325310358705,0,,0.7381804399149372,-0.0426730351000492,3.8764487288968974,47555.25299715338,51592.96315728904,51758.66746896413,51592.96315728904
2022-08-24,101.22000122070312,1747.800048828125,79.85449981689453,79.4043197631836,18.895000457763672,17604.94921875,3.1059999465942383,,44.33000183105469,51578.0,55166.0,pdf,564.0531500000001,4012.9733631711497,8.43681512850025,3744.7175324193813,0,,0.0572475367556224,-0.0366743647813749,0.99780481722187,47565.02663682885,51603.56663429544,51421.28246758062,51603.56663429544
2022-08-25,99.33999633789062,1757.699951171875,79.79679870605469,80.8426284790039,19.11100006103516,17522.44921875,3.026000022888184,,44.63999938964844,51958.0,55785.0,pdf,564.0531500000001,4158.1192982582215,8.699016058646155,3813.4719585149287,0,,0.5664207613672811,-0.0722578076027713,-1.857345248112852,47799.88070174178,51858.361138682114,51971.52804148507,51858.361138682114
2022-08-26,100.98999786376952,1736.0999755859375,79.88289642333984,78.85874938964844,18.739999771118164,17558.900390625,3.0350000858306885,,44.29999923706055,51908.0,55697.0,pdf,561.0457700000001,4644.580705672372,9.827009503372508,4679.404284693905,0,,-1.2288772933933712,0.1078962047115661,1.6609639487670913,47263.41929432763,51276.3511212045,51017.595715306095,51276.3511212045
2022-08-29,105.08999633789062,1736.5999755859375,79.95909881591797,76.67650604248047,18.55500030517578,17312.900390625,3.109999895095825,,43.84999847412109,51231.0,54205.0,pdf,561.0457700000001,3908.8699520335213,8.260131038208609,3642.8584690856514,0,,0.0288001847261742,0.0953926259437132,4.0598064767283,47322.13004796648,51340.0467501523,50562.14153091435,51340.0467501523
2022-08-30,99.30999755859376,1723.199951171875,79.96790313720703,80.99141693115234,18.15900039672852,17759.30078125,3.109999895095825,,43.900001525878906,,,,561.0457700000001,,,,0,,-0.7716241277465952,0.0110110311639877,-5.500046608349607,46962.15152257255,50949.50401033814,49488.49537453135,50949.50401033814
2022-08-31,96.48999786376952,1712.800048828125,79.68229675292969,,17.761999130249023,,3.132999897003174,,,51325.0,54365.0,pdf,561.0457700000001,4812.989366050628,10.347841988446744,6131.331803202585,0,,-0.6035226693615781,-0.3571512732893689,-2.8395929555434685,46512.01063394937,50461.14361230356,48233.668196797415,50461.14361230356
2022-09-01,92.36000061035156,1696.5999755859375,79.54879760742188,83.12406921386719,17.551000595092773,17542.80078125,3.265000104904175,,43.34999847412109,50401.0,51850.0,pdf,561.0457700000001,4406.0999523007995,9.579540226702168,4269.1601010952945,0,,-0.9458239596192964,-0.1675392790468244,-4.280233542184286,45994.9000476992,49900.12741023969,47580.839898904705,49900.12741023969
2022-09-02,93.0199966430664,1709.800048828125,79.716796875,84.11601257324219,17.775999069213867,17539.44921875,3.193000078201294,,43.369998931884766,50470.0,52382.0,pdf,553.10518,4019.352908626184,8.652953533068443,4089.413973547882,0,,0.7780309697121623,0.2111902035367263,0.7145907626172843,46450.647091373816,50394.56995762253,48292.58602645212,50394.56995762253
2022-09-05,,,79.72450256347656,81.93375396728516,,17665.80078125,,,43.540000915527344,50784.0,53082.0,pdf,553.10518,,,,0,,,0.009666329780722,,,,,
2022-09-06,92.83000183105467,1700.4000244140625,79.78299713134766,80.3466567993164,17.795000076293945,17655.599609375,3.3399999141693115,,43.5,50865.0,53627.0,pdf,553.10518,4631.363629119267,10.017303402152965,5242.6462635507705,0,,,0.0733708784504738,,46233.63637088073,50159.13379859702,48384.35373644923,50159.13379859702
2022-09-07,88.0,1715.300048828125,79.89510345458984,81.53697204589844,18.136999130249023,17624.400390625,3.265000104904175,,43.40999984741211,50422.0,52816.0,pdf,553.10518,3717.700050414518,7.960080879977978,3432.4622251812543,0,,0.8762658315767169,0.1405140534613158,-5.203061225663896,46704.29994958548,50669.75937926726,49383.537774818746,50669.75937926726
2022-09-08,89.1500015258789,1708.0,79.6498031616211,82.33052062988281,18.32999992370605,17798.75,3.2920000553131104,,43.59999847412109,50770.0,54134.0,pdf,553.10518,4407.251232802817,9.506017977780166,4378.193128482024,0,,-0.4255843654357938,-0.3070279433434519,1.3068199157714844,46362.74876719718,50299.20856818561,49755.806871517976,50299.20856818561
2022-09-09,92.83999633789062,1716.199951171875,79.706298828125,81.78495788574219,18.65800094604492,17833.349609375,3.321000099182129,,43.65999984741211,50779.0,54639.0,pdf,550.8713100000001,4160.624921203678,8.924860452924875,3956.928500736285,0,,0.4800908180254692,0.0709300767376186,4.139085528720465,46618.37507879632,50576.53900058091,50682.071499263715,50576.53900058091
2022-09-12,94.0,1728.0999755859375,79.65579986572266,80.94181060791016,19.7549991607666,17936.349609375,3.361999988555908,,43.59999847412109,50658.0,55076.0,pdf,550.8713100000001,3746.116465533567,7.985431799559431,1448.0714688894805,0,,0.6933938208037338,-0.0633563007501281,1.249465432858865,46911.88353446643,50894.96798550603,53627.92853111052,50894.96798550603
2022-09-13,93.16999816894533,1705.0,79.35530090332031,82.87609100341797,19.38999938964844,18070.05078125,3.421999931335449,,43.5,50566.0,56776.0,pdf,550.8713100000001,4455.808117230925,9.663390966924206,4337.490178095904,0,,-1.3367268047154046,-0.3772468080276647,-0.8829806713347765,46110.191882769075,50025.2081747023,52438.509821904096,50025.2081747023
2022-09-14,94.0999984741211,1696.5,79.60240173339844,91.10913848876952,19.47100067138672,18003.75,3.4119999408721924,,43.18000030517578,50296.0,56055.0,pdf,550.8713100000001,4272.818360263933,9.284056877490656,3233.4615027024047,0,,-0.4985337243401777,0.3113854112646752,0.9981757255049128,46023.18163973607,49930.810269524976,52821.538497297595,49930.810269524976
2022-09-15,90.83999633789062,1665.4000244140625,79.45369720458984,96.6143798828125,19.174999237060547,17877.400390625,3.4590001106262207,,43.04999923706055,49918.0,56256.0,pdf,550.8713100000001,4822.907608413792,10.694972230090485,4334.638793819708,0,,-1.833184532032861,-0.1868090981810177,-3.464401901267855,45095.09239158621,48923.92099087182,51921.36120618029,48923.92099087182
2022-09-16,91.3499984741211,1671.699951171875,79.8490982055664,93.53938293457033,19.29599952697754,17530.849609375,3.447999954223633,,42.2599983215332,49374.0,55570.0,pdf,545.65249,3883.0560272492003,8.535887999104089,3060.981694135902,0,,0.3782830950797455,0.4976495932699221,0.5614290585541859,45490.9439727508,49353.38261194662,52509.0183058641,49353.38261194662
2022-09-19,92.0,1666.199951171875,79.68949890136719,96.91194915771484,19.27300071716309,17622.25,3.490000009536743,,42.34000015258789,49328.0,56350.0,pdf,545.65249,4077.3505460570886,9.010590113644898,4008.3948544375453,0,,-0.3290064102798196,-0.1998761511223801,0.7115506696620866,45250.64945394291,49092.68572833428,52341.605145562455,49092.68572833428
2022-09-20,90.62000274658205,1659.699951171875,79.7074966430664,96.01921844482422,19.10199928283692,17816.25,3.571000099182129,,42.4900016784668,49460.0,56450.0,pdf,545.65249,4375.697595537,9.70559011045902,4561.084079433647,0,,-0.3901092420167451,0.0225848348243351,-1.499997014584753,45084.302404463,48912.21487276646,51888.91592056635,48912.21487276646
2022-09-21,89.83000183105469,1664.5999755859375,79.76270294189453,92.8946304321289,19.410999298095703,17718.349609375,3.509999990463257,,42.70000076293945,49578.0,56318.0,pdf,545.65249,4329.274624421436,9.567727242009811,3553.1922751944076,0,,0.2952355581262056,0.0692611123836117,-0.8717732195799743,45248.725375578564,49090.5982848258,52764.80772480559,49090.5982848258
2022-09-22,90.45999908447266,1670.800048828125,80.05069732666016,92.99382019042967,19.54800033569336,17629.80078125,3.7079999446868896,,42.9900016784668,49654.0,56450.0,pdf,545.65249,4072.753020645323,8.935150507159257,3120.9237961360486,0,,0.372466258147397,0.3610639736913335,0.7013216526509991,45581.24697935468,49451.352854960256,53329.07620386395,49451.352854960256
2022-09-23,86.1500015258789,1645.300048828125,81.06220245361328,92.39865112304688,18.840999603271484,17327.349609375,3.697000026702881,,42.81999969482422,50078.0,57622.0,pdf,537.51817,4625.255326780585,10.175964862042242,5572.214614915654,0,,-1.526214942229942,1.2635806566750007,-4.764534161192091,45452.744673219415,49311.93997566257,52049.785385084346,49311.93997566257
2022-09-26,84.05999755859375,1623.300048828125,81.25479888916016,88.53011322021484,18.4060001373291,17016.30078125,3.878000020980835,,42.63999938964844,49492.0,55084.0,pdf,537.51817,4540.475527014401,10.100826568725337,4115.125439796742,0,,-1.3371421228407288,0.2375909236577822,-2.4260057228871146,44951.5244729856,48768.16334333343,50968.87456020326,48768.16334333343
2022-09-27,86.2699966430664,1626.699951171875,81.61579895019531,95.9200210571289,18.256999969482425,17007.400390625,3.96399998664856,,42.41999816894531,49351.0,55066.0,pdf,537.51817,4105.197714995273,9.073101829726664,4285.1162640995535,0,,0.2094438638256868,0.4442815267164723,2.629073457838471,45245.80228500473,49087.427007316444,50780.88373590045,49087.427007316444
2022-09-28,89.31999969482422,1660.4000244140625,81.72460174560547,94.0353546142578,18.79599952697754,16858.599609375,3.704999923706055,,42.29999923706055,49368.0,54193.0,pdf,537.51817,3123.2807312196965,6.753810555248014,1843.22231266585,0,,2.071683423726056,0.1333109481370664,3.5354157533781905,46244.7192687803,50171.157697261646,52349.77768733415,50171.157697261646
2022-09-29,88.48999786376953,1658.5,81.42870330810547,94.13453674316406,18.61100006103516,16818.099609375,3.746999979019165,,42.900001525878906,50010.0,55445.0,pdf,537.51817,3985.444981213528,8.659388406007912,3798.150662420805,0,,-0.1144317264589855,-0.3620677631701152,-0.9292452237914416,46024.55501878647,49932.3002562306,51646.849337579195,49932.3002562306
2022-09-30,87.95999908447266,1662.4000244140625,81.48059844970703,95.52324676513672,18.959999084472656,17094.349609375,3.803999900817871,,43.15999984741211,50362.0,56039.0,pdf,532.66372,4199.815749613612,9.09795716518431,3390.1213744674023,0,,0.2351537180622642,0.0637307724343783,-0.5989363680546256,46162.18425038639,50081.61498862674,52648.8786255326,50081.61498862674
2022-10-03,88.86000061035156,1692.9000244140625,81.52130126953125,93.48978424072266,20.518999099731445,16887.349609375,3.651000022888184,,43.13999938964844,50391.0,57268.0,pdf,532.66372,3358.396696827389,7.140571563047726,261.5654251143933,0,,1.8346967969246952,0.0499540020552746,1.0231941055554028,47032.60330317261,51025.937545894805,57006.43457488561,51025.937545894805
2022-10-04,91.8000030517578,1721.0999755859375,81.49500274658203,99.39179229736328,21.03700065612793,17274.30078125,3.617000102996826,,44.04999923706055,,,,532.66372,,,,0,,1.6657777048373124,-0.0322596947542219,3.3085780117176444,47800.6366073816,51859.181224989465,58426.70605642623,51859.181224989465
2022-10-05,93.37000274658205,1711.4000244140625,81.46549987792969,,20.47900009155273,,3.759000062942505,,,51169.0,61144.0,pdf,532.66372,3654.9703927878727,7.69240248196732,4287.636625266554,0,,-0.563590221920296,-0.036202058602397,1.710239262126212,47514.02960721213,51548.23966820183,56856.363374733446,51548.23966820183
2022-10-06,94.41999816894533,1711.699951171875,81.6488037109375,98.69744110107422,20.59499931335449,17331.80078125,3.825999975204468,,44.27999877929688,51792.0,60894.0,pdf,532.66372,4162.71438109249,8.739821156250992,3586.9290997877542,0,,0.0175252280900872,0.2250079276288508,1.1245532735102204,47629.28561890751,51673.28156768267,57307.070900212246,51673.28156768267
2022-10-07,97.91999816894533,1700.5,82.3489990234375,100.92929077148438,20.191999435424805,17314.650390625,3.882999897003174,,44.4900016784668,51908.0,61154.0,pdf,532.86805,4184.579417198445,8.768397918875232,4486.473892121765,0,,-0.6543174324569634,0.8575695915630455,3.706841842696784,47723.420582801555,51775.40912285074,56667.526107878235,51775.40912285074
2022-10-10,96.19000244140624,1667.300048828125,82.8322982788086,100.92929077148438,19.55599975585937,17241.0,3.888000011444092,,43.72999954223633,51317.0,58774.0,pdf,532.86805,4250.697923805485,9.031297842188943,3569.2639023675656,0,,-1.9523640794986807,0.5868914754307397,-1.7667440358344666,47066.302076194515,51062.49753549404,55204.736097632434,51062.49753549404
2022-10-11,94.29000091552734,1678.699951171875,82.42070007324219,96.81275939941406,19.427000045776367,16983.55078125,3.938999891281128,,43.41999816894531,50771.0,57881.0,pdf,532.86805,3618.363576506301,7.673724845432946,3312.9237146448504,0,,0.6837343015591246,-0.4969054512781845,-1.975258839437377,47152.6364234937,51156.162157563915,54568.07628535515,51156.162157563915
2022-10-12,92.4499969482422,1670.300048828125,82.2739028930664,95.57284545898438,18.87800025939941,17123.599609375,3.901999950408936,,43.59000015258789,50731.0,57186.0,pdf,532.86805,3897.8685965427067,8.322886981362428,4254.440343802598,0,,-0.5003814015653085,-0.1781071745876161,-1.9514306389004976,46833.13140345729,50809.52935280744,52931.5596561974,50809.52935280744
2022-10-13,94.56999969482422,1670.0,82.19999694824219,100.18534088134766,18.857999801635746,17014.349609375,3.95199990272522,,43.68999862670898,50774.0,56750.0,pdf,532.86805,3991.3438366169867,8.531674265517717,3922.016727600596,0,,-0.017963768146656,-0.0898291465767364,2.2931344689701927,46782.65616338301,50754.76847914194,52827.983272399404,50754.76847914194
2022-10-14,91.62999725341795,1641.699951171875,82.19210052490234,102.3179931640625,18.01499938964844,17185.69921875,4.010000228881836,,43.2599983215332,50763.0,56710.0,pdf,528.36692,4777.547088413594,10.38925744104143,6248.409528270415,0,,-1.6946137022829322,-0.0096063547846747,-3.108810881773916,45985.452911586406,49889.878158796564,50461.590471729585,49889.878158796564
2022-10-17,91.62000274658205,1657.0,82.41280364990234,103.01234436035156,18.67399978637696,17311.80078125,4.014999866485596,,43.2400016784668,50315.0,55452.0,pdf,528.36692,3776.347891150035,8.114433315166664,3004.0350308427514,0,,0.931963774330602,0.2685210909449065,-0.0109074616779669,46538.652108849965,50490.047099224015,52447.96496915725,50490.047099224015
2022-10-18,90.02999877929688,1649.0,82.1947021484375,106.83129119873048,18.57099914550781,17486.94921875,3.997999906539917,,43.119998931884766,50339.0,56105.0,pdf,528.36692,4147.604281402455,8.979170724067446,4084.3589799946712,0,,-0.4828002414001164,-0.2646451665342719,-1.7354332237721648,46191.395718597545,50113.30667583695,52020.64102000533,50113.30667583695
2022-10-19,92.41000366210938,1627.5,82.2863998413086,104.50025177001952,18.336000442504883,17512.25,4.126999855041504,,43.18999862670898,50135.0,55765.0,pdf,528.36692,4494.99720731315,9.848810105755316,4345.331096612586,0,,-1.3038204972710687,0.1115615611155806,2.64356871607534,45640.00279268685,49515.09736942441,51419.66890338741,49515.09736942441
2022-10-20,92.37999725341795,1630.800048828125,82.99700164794922,103.6571044921875,18.666000366210938,17563.94921875,4.22599983215332,,43.040000915527344,50247.0,55778.0,pdf,528.36692,4119.520712952763,8.930730177812988,2980.874694348495,0,,0.2027679771505308,0.8635713896962827,-0.0324709528214284,46127.47928704724,50043.96337745691,52797.125305651505,50043.96337745691
2022-10-21,93.5,1651.0,82.82569885253906,99.24300384521484,19.042999267578125,17576.30078125,4.2129998207092285,,42.72999954223633,,,,524.51977,,,,0,,1.23865284320972,-0.206396366144379,1.2123866420017615,46602.45391479239,50559.26603963325,53752.301378966375,50559.26603963325
2022-10-24,93.26000213623048,1648.699951171875,82.54129791259766,102.21880340576172,19.17399978637696,17730.75,4.234000205993652,,43.47999954223633,49855.0,55800.0,pdf,524.51977,3477.2663467285893,7.4977064914928375,1863.766513221024,0,,-0.1393124668761403,-0.343372822543575,-0.2566822072401442,46377.73365327141,50315.46575590766,53936.233486778976,50315.46575590766
2022-10-25,93.5199966430664,1652.800048828125,82.7614974975586,99.29259490966795,19.339000701904297,17656.349609375,4.107999801635742,,43.16999816894531,,,,524.51977,,,,0,,0.2486867093879352,0.2667750453767992,0.278784581686109,46617.10081867212,50575.15654855937,54545.50573690075,50575.15654855937
2022-10-26,95.69000244140624,1664.0,82.44529724121094,,19.479999542236328,,4.014999866485596,,,,,,524.51977,,,,0,,0.6776349734389342,-0.3820620287314002,2.320365564834237,46753.681446119415,50723.333644374834,54733.274829823866,50723.333644374834
2022-10-27,96.95999908447266,1660.699951171875,82.04959869384766,101.9708251953125,19.47800064086914,17736.94921875,3.937000036239624,,43.459999084472656,50791.0,57966.0,pdf,524.51977,4353.991169091118,9.376123223063978,3501.008468554035,0,,-0.1983202420748231,-0.4799528421925436,1.327198882499836,46437.00883090888,50379.77373164642,54464.991531445965,50379.77373164642
2022-10-28,95.7699966430664,1639.5999755859375,82.44249725341797,103.80590057373048,19.14699935913086,17786.80078125,4.010000228881836,,43.27999877929688,50654.0,57800.0,pdf,531.08081,4587.454603827646,9.958321303183318,4004.1883196128474,0,,-1.2705471311086791,0.4788549436254286,-1.22731276056377,46066.545396172354,49977.855854337926,53795.81168038715,49977.855854337926
2022-10-31,94.83000183105467,1635.9000244140625,82.23919677734375,101.6732406616211,19.125,18012.19921875,4.077000141143799,,43.22999954223633,50301.0,57042.0,pdf,531.08081,4451.751440577267,9.70954068049249,3440.5044554888955,0,,-0.2256618216008865,-0.2465966981195388,-0.9815128380082028,45849.24855942273,49742.10928616617,53601.495544511105,49742.10928616617
2022-11-01,94.6500015258789,1645.0,82.72899627685547,101.17727661132812,19.67300033569336,18145.400390625,4.052000045776367,,43.310001373291016,50462.0,58200.0,pdf,531.08081,4083.1195499050227,8.803833793052805,2734.2412970334044,0,,0.5562672198869079,0.5955791383004616,-0.1898136683540996,46378.88045009498,50316.70992227284,55465.758702966596,50316.70992227284
2022-11-02,96.16000366210938,1645.699951171875,82.68450164794922,100.97888946533205,19.600000381469727,18082.849609375,4.059000015258789,,43.5,50690.0,58532.0,pdf,531.08081,4316.340076138411,9.307740823616632,3301.777045286697,0,,0.0425502232142882,-0.0537835957266419,1.5953535255016416,46373.65992386159,50311.0461438121,55230.2229547133,50311.0461438121
2022-11-03,94.66999816894533,1627.300048828125,82.88839721679688,100.58210754394533,19.43600082397461,18052.69921875,4.124000072479248,,43.0,50401.0,57673.0,pdf,531.08081,4432.748707229315,9.64306577380385,2769.851029632846,0,,-1.1180593601310962,0.2465946637929761,-1.5495064854611496,45968.251292770685,49871.21602517574,54903.148970367154,49871.21602517574
2022-11-04,98.56999969482422,1672.5,82.68180084228516,103.60750579833984,20.790000915527344,18117.150390625,4.156000137329102,,43.290000915527344,,,,529.99426,,,,0,,2.7776039953065323,-0.2492464343005207,4.119574945928561,47127.31063167979,51128.68606267147,58581.57436047619,51128.68606267147
2022-11-07,97.91999816894533,1676.5,81.9749984741211,104.4506607055664,20.89800071716309,18202.80078125,4.214000225067139,,43.7400016784668,,,,529.99426,,,,0,,0.2391629297458841,-0.854846363968631,-0.6594313968665277,46836.19208075486,50812.84989893215,58382.50973413678,50812.84989893215
2022-11-08,95.36000061035156,1712.0999755859375,81.82599639892578,,21.47699928283692,,4.125999927520752,,,50960.0,60019.0,pdf,529.99426,3216.195083154751,6.736361060364492,128.00773431368725,0,,2.123470061791677,-0.181765267421563,-2.614376640588656,47743.80491684525,51797.524202237764,59890.99226568631,51797.524202237764
2022-11-09,92.6500015258789,1710.0999755859375,81.40519714355469,106.43453216552734,21.29800033569336,18157.0,4.151000022888184,,43.970001220703125,51502.0,61389.0,pdf,529.99426,4059.2082927558004,8.556006395669137,2302.5952206006186,0,,-0.1168156082307914,-0.5142610831398553,-2.8418614378432405,47442.7917072442,51470.953267293226,59086.40477939938,51470.953267293226
2022-11-10,93.66999816894533,1750.300048828125,81.34380340576172,101.9708251953125,21.677000045776367,18028.19921875,3.828999996185303,,44.18000030517578,51619.0,61248.0,pdf,529.99426,3097.5709462445157,6.3839235707852025,1155.5021152172703,0,,2.3507440393017776,-0.0754174671240059,1.1009137898195354,48521.429053755484,52641.17303001774,60092.49788478273,52641.17303001774
2022-11-11,95.98999786376952,1766.0,80.48290252685547,102.6155776977539,21.645999908447266,18349.69921875,3.812999963760376,,44.7599983215332,52277.0,62200.0,pdf,544.71487,3838.4724342365444,7.924420140610533,2828.5185020477948,0,,0.8969862728614109,-1.0583484455624403,2.476779908375581,48438.527565763456,52551.232736441474,59371.481497952205,52551.232736441474
2022-11-14,93.13999938964844,1773.5999755859375,80.49700164794922,101.9708251953125,22.09199905395508,18329.150390625,3.865000009536743,,44.81999969482422,52560.0,61500.0,pdf,544.71487,3904.4953246430305,8.024776129021593,894.5997939821027,0,,0.4303496934279449,0.0175181568396354,-2.969057753460791,48655.50467535697,52786.632430811806,60605.4002060179,52786.632430811806
2022-11-15,93.86000061035156,1773.800048828125,80.99199676513672,102.51638793945312,21.499000549316406,18403.400390625,3.799000024795532,,45.150001525878906,52877.0,62467.0,pdf,544.71487,3916.7787111778234,7.99992035998424,3125.7103727702197,0,,0.0112806295073042,0.614923670514278,0.7730311632180964,48960.22128882218,53117.221209571224,59341.28962722978,53117.221209571224
2022-11-16,92.86000061035156,1773.0,81.07140350341797,100.5325164794922,21.503999710083008,18409.650390625,3.691999912261963,,45.34999847412109,52952.0,61784.0,pdf,544.71487,3965.881294306535,8.09592880410343,2370.718418199438,0,,-0.0451036647932001,0.0980426973686166,-1.06541657095377,48986.118705693465,53145.31746372404,59413.28158180056,53145.31746372404
2022-11-17,89.77999877929688,1760.800048828125,81.49530029296875,99.78855895996094,20.95499992370605,18343.900390625,3.775000095367432,,45.16999816894531,52893.0,61300.0,pdf,544.71487,3989.582552050604,8.158085385948613,3100.8245982974404,0,,-0.6880965127961103,0.5228684483461699,-3.3168229709351738,48903.417447949396,53055.59440107717,58199.17540170256,53055.59440107717
2022-11-18,87.62000274658203,1751.9000244140625,81.52490234375,97.70549774169922,20.97599983215332,18307.650390625,3.818000078201294,,45.2599983215332,52918.0,61200.0,pdf,547.2523,4244.092847830027,8.719441475206942,2921.3394585321585,0,,-0.5054534397580079,0.0363236293072555,-2.4058766563638367,48673.90715216997,52806.597382071195,58278.66054146784,52806.597382071195
2022-11-21,87.44999694824219,1737.4000244140625,81.5198974609375,95.22566986083984,20.849000930786133,18159.94921875,3.825000047683716,,44.79999923706055,52558.0,60600.0,pdf,547.2523,4289.916938866496,8.887688648072352,2677.7429188639,0,,-0.827672800840884,-0.0061390847073905,-0.1940262417379101,48268.083061133504,52366.31652858823,57922.2570811361,52366.31652858823
2022-11-22,88.36000061035156,1738.300048828125,81.72769927978516,90.46438598632812,21.03400039672852,18244.19921875,3.757999897003174,,44.900001525878906,52465.0,61291.0,pdf,547.2523,4048.809067281647,8.36251053476735,2705.821913315456,0,,0.0518029470136571,0.2549093231468236,1.0405988494750495,48416.19093271835,52526.99959681707,58585.178086684544,52526.99959681707
2022-11-23,85.41000366210938,1744.9000244140625,81.71499633789062,97.90388488769533,21.35700035095215,18267.25,3.7060000896453857,,44.77000045776367,52350.0,61243.0,pdf,547.2523,3757.5364343951005,7.732755572933721,1767.4285114419108,0,,0.3796798826754211,-0.0155430068464856,-3.3386112809698054,48592.4635656049,52718.23877400531,59475.57148855809,52718.23877400531
2022-11-24,,,81.63289642333984,98.15187072753906,,18484.099609375,,,45.040000915527344,52729.0,62379.0,pdf,547.2523,,,,0,,,-0.1004710496605776,,,,,
2022-11-25,83.62999725341797,1753.300048828125,81.65540313720703,99.34219360351562,21.424999237060547,18512.75,3.690999984741211,,44.97999954223633,52662.0,61777.0,pdf,550.14202,3871.218368994465,7.934323328270654,2155.5758222861186,0,,,0.0275706422940835,,48790.781631005535,52933.39516571354,59621.42417771388,52933.39516571354
2022-11-28,83.19000244140625,1740.0999755859375,81.6697006225586,99.04460906982422,20.90999984741211,18562.75,3.703000068664551,,45.119998931884766,52673.0,61445.0,pdf,550.14202,4241.070891381816,8.756766392415168,3246.5260916216357,0,,-0.7528701804925042,0.0175095398494695,-0.5261208017004138,48431.929108618184,52544.07403293481,58198.473908378364,52544.07403293481
2022-11-29,83.02999877929688,1748.4000244140625,81.65029907226562,98.15187072753906,21.20400047302246,18618.05078125,3.747999906539917,,45.09999847412109,52715.0,61590.0,pdf,550.14202,4063.617363047051,8.35252184582427,2587.2588628356825,0,,0.4769868941197019,-0.0237561178075496,-0.1923352054498006,48651.38263695295,52782.160408014985,59002.74113716432,52782.160408014985
2022-11-30,85.43000030517578,1746.0,81.63089752197266,105.04581451416016,21.549999237060547,18758.349609375,3.703000068664551,,45.09999847412109,52751.0,61600.0,pdf,550.14202,4177.945553469508,8.601364688870072,1648.7235816476314,0,,-0.1372697540922729,-0.0237617626798858,2.890523378494048,48573.05444653049,52697.181710858546,59951.27641835237,52697.181710858546
2022-12-01,86.87999725341797,1801.0999755859375,81.3052978515625,105.1946029663086,22.636999130249023,18812.5,3.5290000438690186,,45.369998931884766,53120.0,63683.0,pdf,550.14202,3213.941783405724,6.439983237019218,958.919618194559,0,,3.155783252344646,-0.3988681740544564,1.6972924535437972,49906.058216594276,54143.3650463051,62724.08038180544,54143.3650463051
2022-12-02,85.56999969482422,1795.9000244140625,81.16220092773438,108.86476135253906,23.038000106811523,18696.099609375,3.50600004196167,,45.880001068115234,53611.0,64686.0,pdf,561.1616,3936.6062676951915,7.924819956353274,963.1494764018571,0,,-0.2887097463972421,-0.175999507546698,-1.507824125238688,49674.39373230481,53892.03093599106,63722.85052359814,53892.03093599106
2022-12-05,82.68000030517578,1767.4000244140625,81.42250061035156,114.5683822631836,22.198999404907227,18701.05078125,3.5989999771118164,,46.09000015258789,53972.0,64434.0,pdf,561.1616,4929.127866450806,10.050650893830694,2834.889766393884,0,,-1.5869480267588163,0.3207154064845507,-3.377351174424792,49042.872133549194,53206.88957885054,61599.110233606116,53206.88957885054
2022-12-06,79.3499984741211,1769.300048828125,81.89900207519531,112.63410949707033,22.12299919128418,18642.75,3.513000011444092,,45.81999969482422,53461.0,64538.0,pdf,561.1616,4078.087185411656,8.258093646122342,2790.5230254756316,0,,0.1075039259825993,0.5852208680301452,-4.027578397149845,49382.912814588344,53575.80163846848,61747.47697452437,53575.80163846848
2022-12-07,77.16999816894531,1785.5,82.37220001220703,108.96395111083984,22.709999084472656,18560.5,3.407999992370605,,45.84000015258789,53594.0,64479.0,pdf,561.1616,3470.992329125853,6.924948223214472,726.916084202312,0,,0.9156135604362126,0.5777822989555537,-2.7473224286031384,50123.00767087415,54378.734737269115,63752.08391579769,54378.734737269115
2022-12-08,76.1500015258789,1788.699951171875,82.25350189208984,106.93049621582033,23.0629997253418,18609.349609375,3.490999937057495,,46.060001373291016,53792.0,65025.0,pdf,561.1616,3651.5190550315456,7.282576844524607,375.25829767037794,0,,0.1792187718776317,-0.1440997327977089,-1.3217528408298818,50140.480944968454,54397.69159123936,64649.74170232962,54397.69159123936
2022-12-09,76.0999984741211,1798.0999755859375,82.2791976928711,109.75749969482422,23.53499984741211,18496.599609375,3.566999912261963,,46.11000061035156,53914.0,66315.0,pdf,564.0699599999999,3494.273356841193,6.93036949916767,321.54719064649544,0,,0.5255227075901647,0.0312397651044182,-0.0656638880575988,50419.72664315881,54700.646829842095,65993.4528093535,54700.646829842095
2022-12-12,77.98999786376953,1780.5,82.41300201416016,118.04014587402344,23.21999931335449,18497.150390625,3.611000061035156,,46.18999862670898,53898.0,66770.0,pdf,564.0699599999999,3890.5953376999605,7.780038504243817,1553.9426048162568,0,,-0.9788096226519438,0.1626222970580348,2.4835734921744512,50007.40466230004,54253.316378910415,65216.05739518374,54253.316378910415
2022-12-13,80.68000030517578,1813.9000244140625,82.64469909667969,118.23853302001952,23.801000595092773,18608.0,3.500999927520752,,46.15999984741211,53864.0,67040.0,pdf,564.0699599999999,2775.288114935698,5.432292208070035,4.196173285439727,0,,1.8758789336738249,0.2811414180492022,3.449163373622688,51088.7118850643,55426.432705494284,67035.80382671456,55426.432705494284
2022-12-14,82.69999694824219,1807.5,82.40249633789062,117.7425765991211,23.94599914550781,18660.30078125,3.503000020980835,,46.540000915527344,54462.0,67976.0,pdf,564.0699599999999,3702.74047660824,7.294709401546489,729.4614011757658,0,,-0.3528322580032994,-0.2930650863713913,2.5037142233833354,50759.25952339176,55069.007973491054,67246.53859882423,55069.007973491054
2022-12-15,81.20999908447266,1777.199951171875,82.50800323486328,117.99055480957033,23.12800025939941,18414.900390625,3.450000047683716,,46.02999877929688,54046.0,66846.0,pdf,564.0699599999999,4073.7420613419017,8.152007192355603,1813.4529415804645,0,,-1.6763512491355437,0.1280384717230243,-1.801690349156904,49972.2579386581,54215.185499487554,65032.547058419535,54215.185499487554
2022-12-16,79.04000091552734,1790.0,82.85790252685547,124.43811798095705,23.150999069213867,18269.0,3.4820001125335693,,46.09999847412109,53885.0,66307.0,pdf,563.49855,3339.375149274012,6.6066551934732844,933.7198954195264,0,,0.720236843338018,0.4240792144686534,-2.672082494038863,50545.62485072599,54837.23450786309,65373.28010458047,54837.23450786309
2022-12-19,79.80000305175781,1787.699951171875,82.72599792480469,128.1578826904297,23.02899932861328,18420.44921875,3.5810000896453857,,46.41999816894531,54126.0,66495.0,pdf,563.49855,3725.6855023174066,7.392187012024923,1569.7418229671166,0,,-0.1284943479399447,-0.1591937498152673,0.96154115312157,50400.31449768259,54679.58648333488,64925.25817703288,54679.58648333488
2022-12-20,79.98999786376953,1815.9000244140625,82.58190155029297,129.9929656982422,24.0939998626709,18385.30078125,3.684000015258789,,46.75,54180.0,66444.0,pdf,563.49855,3073.8204176967483,6.014576794468771,-1365.4755924115307,0,,1.5774500202733632,-0.1741851148688411,0.2380887277516619,51106.17958230325,55445.383509102576,67809.47559241153,55445.383509102576
2022-12-21,82.19999694824219,1815.9000244140625,82.63690185546875,122.65264892578124,24.03499984741211,18199.099609375,3.684000015258789,,46.86000061035156,54704.0,68471.0,pdf,563.49855,3563.7832325432537,6.96865101051171,782.5212469333492,0,,0.0,0.0666009187767269,2.762844284902344,51140.216767456746,55482.310643938916,67688.47875306665,55482.310643938916
2022-12-22,80.9800033569336,1787.0,82.87860107421875,121.66071319580078,23.47599983215332,18127.349609375,3.6689999103546143,,46.869998931884766,54763.0,68229.0,pdf,563.49855,4289.482959536181,8.498482394435422,1921.4299065407686,0,,-1.5914986522117425,0.2924833982434816,-1.4841771734818598,50473.51704046382,54759.004336352256,66307.57009345923,54759.004336352256
2022-12-23,83.91999816894531,1795.9000244140625,82.8749008178711,106.83129119873048,23.763999938964844,17806.80078125,3.750999927520752,,46.68999862670898,54284.0,67416.0,pdf,562.80765,3561.367953363646,7.021260154814494,297.97513925241947,0,,0.4980427763884965,-0.0044646703729278,3.6305194988115455,50722.632046636354,55029.270616633774,67118.02486074758,55029.270616633774
2022-12-26,,,82.6041030883789,120.76797485351562,,18014.599609375,,,46.68999862670898,54476.0,67706.0,pdf,562.80765,,,,0,,,-0.3267548157762534,,,,,
2022-12-27,84.33000183105469,1814.800048828125,82.90290069580078,122.99982452392578,24.040000915527344,18132.30078125,3.859999895095825,,46.869998931884766,54550.0,68470.0,pdf,562.80765,3276.2463952364124,6.389714356570986,549.5101147929236,0,,,0.3617224765483984,,51273.75360476359,55627.185514601995,67920.48988520708,55627.185514601995
2022-12-28,83.26000213623047,1807.9000244140625,82.7761001586914,130.09214782714844,23.663000106811523,18122.5,3.88700008392334,,46.54999923706055,54687.0,68256.0,pdf,562.80765,3686.3189487784184,7.227979848104642,1502.91051134601,0,,-0.3802085204107186,-0.1529506640239875,-1.2688244653045744,51000.68105122158,55330.927555570575,66753.08948865399,55330.927555570575
2022-12-29,82.26000213623047,1819.5,82.85199737548828,125.47966003417967,24.077999114990234,18191.0,3.8350000381469727,,46.61000061035156,,,,562.80765,,,,0,,0.6416270495763099,0.0916897711433328,-1.20105689928256,51374.97766430884,55737.00406976902,67986.0767647085,55737.00406976902
2022-12-30,85.91000366210938,1819.699951171875,82.83509826660156,125.52925872802734,23.86199951171875,18105.30078125,3.878999948501587,,46.790000915527344,54935.0,68520.0,pdf,562.85139,3564.8565346936884,6.939549501358262,1157.5572249338438,0,,0.0109893471764266,-0.0203967428933915,4.437152238136521,51370.14346530631,55731.75941990779,67362.44277506616,55731.75941990779
2023-01-02,,,82.74980163574219,124.0909423828125,,18197.44921875,,,47.16999816894531,55113.0,68092.0,pdf,562.85139,,,,0,,,-0.1029716058099539,,,,,
2023-01-03,82.0999984741211,1839.699951171875,82.70600128173828,123.69417572021484,24.05900001525879,18232.55078125,3.7929999828338623,,47.630001068115234,55702.0,69659.0,pdf,562.85139,3848.1957301226284,7.421240898921087,1846.274510415402,0,,,-0.0529310682782169,,51853.80426987737,56256.48576448959,67812.7254895846,56256.48576448959
2023-01-04,77.83999633789062,1852.800048828125,82.78569793701172,119.8256378173828,23.79199981689453,18042.94921875,3.7090001106262207,,48.06999969482422,55905.0,68880.0,pdf,562.85139,3631.6333722045238,6.947387563657445,1755.221477698622,0,,0.712077947705847,0.0963613934156448,-5.188796851894306,52273.366627795476,56711.67134147622,67124.77852230138,56711.67134147622
2023-01-05,78.69000244140625,1834.800048828125,82.66649627685547,122.1070785522461,23.257999420166016,17992.150390625,3.7200000286102295,,47.77999877929688,55957.0,68200.0,pdf,562.85139,4266.006738940028,8.252901462726797,2676.288461982862,0,,-0.971502565070892,-0.14398822879641,1.091991448491192,51690.99326105997,56079.85117945185,65523.71153801714,56079.85117945185
2023-01-06,78.56999969482422,1864.199951171875,82.64520263671875,119.42886352539062,23.82200050354004,17859.44921875,3.569000005722046,,47.5,55584.0,67591.0,pdf,561.58337,3078.26473446445,5.8627209368592625,495.6408810356661,0,,1.6023491149636415,-0.0257584887418005,-0.1525006263297434,52505.73526553555,56963.76939185459,67095.35911896433,56963.76939185459
2023-01-09,79.6500015258789,1872.699951171875,82.27339935302734,124.1901397705078,23.71199989318848,18101.19921875,3.5169999599456787,,48.11000061035156,56336.0,69074.0,pdf,561.58337,3828.148983803105,7.290622087394608,2588.9148207914986,0,,0.4559596729233117,-0.4498788457519165,1.374572782550021,52507.851016196895,56966.064781723035,66485.0851792085,56966.064781723035
2023-01-10,80.0999984741211,1871.5999755859373,82.18009948730469,119.87522888183594,23.506999969482425,17914.150390625,3.621000051498413,,47.959999084472656,56148.0,67964.0,pdf,561.58337,3730.500835682564,7.116899690289033,2128.449277137872,0,,-0.0587374173449006,-0.1134022253320488,0.564967909129277,52417.499164317436,56868.04154619344,65835.55072286213,56868.04154619344
2023-01-11,82.66999816894531,1874.5999755859373,81.63739776611328,118.33773803710938,23.32699966430664,17895.69921875,3.553999900817871,,48.02000045776367,56084.0,68304.0,pdf,561.58337,3929.1905120611045,7.533706959412349,3404.0085745304677,0,,0.1602906624884381,-0.6603809493747836,3.208489068391862,52154.809487938895,56583.04802936766,64899.99142546953,56583.04802936766
2023-01-12,84.02999877929688,1895.5,81.63179779052734,117.84176635742188,23.863000869750977,17858.19921875,3.4489998817443848,,47.95000076293945,56110.0,68025.0,pdf,561.58337,3377.3309837602574,6.404627428814883,1638.3090689095698,0,,1.1149058298440373,-0.0068595713964114,1.645095730584445,52732.66901623974,57209.971102524236,66386.69093109043,57209.971102524236
2023-01-13,85.27999877929688,1918.4000244140625,81.1156005859375,122.05748748779295,24.231000900268555,17956.599609375,3.510999917984009,,48.22999954223633,56254.0,67848.0,pdf,572.0004,3221.736636362686,6.075050227955644,863.8045791278564,0,,1.2081257934087208,-0.6323482007764225,1.4875639868603407,53032.263363637314,57535.00270583292,66984.19542087214,57535.00270583292
2023-01-16,,,81.27799987792969,120.22239685058594,,17894.849609375,,,48.70000076293945,56814.0,69236.0,pdf,572.0004,,,,0,,,0.2002072237881513,,,,,
2023-01-17,85.91999816894531,1907.199951171875,81.65260314941406,119.6272430419922,23.944000244140625,18053.30078125,3.5350000858306885,,48.5,56825.0,69049.0,pdf,572.0004,3753.3163682556187,7.072163744228012,2419.9921157122153,0,,,0.4608913507308187,,53071.68363174438,57577.76997783588,66629.00788428778,57577.76997783588
2023-01-18,84.9800033569336,1904.4000244140625,81.52549743652344,118.04014587402344,23.530000686645508,18165.349609375,3.375,,48.459999084472656,56605.0,68661.0,pdf,572.0004,3693.723498322419,6.980975970604882,3285.955027564618,0,,-0.1468082439962326,-0.1556664551870312,-1.0940349534963922,52911.27650167758,57403.74337446152,65375.04497243538,57403.74337446152
2023-01-19,86.16000366210938,1922.0999755859373,81.43599700927734,118.63531494140624,23.753999710083008,18107.849609375,3.3970000743865967,,48.5,56642.0,67264.0,pdf,572.0004,3297.5803896187426,6.181678259326317,1339.0562377347815,0,,0.92942401517353,-0.1097821295917622,1.3885623188546248,53344.41961038126,57873.662784847584,65924.94376226522,57873.662784847584
2023-01-20,87.62999725341797,1926.4000244140625,81.23979949951172,118.33773803710938,23.82999992370605,18027.650390625,3.483999967575073,,48.7599983215332,56990.0,68509.0,pdf,573.7271800000001,3655.0464276984567,6.853003861236383,2532.467428817501,0,,0.2237161897270301,-0.2409223402069615,1.7061206230601034,53334.95357230154,57863.39302655355,65976.5325711825,57863.39302655355
2023-01-23,88.19000244140625,1927.0999755859373,80.97599792480469,118.63531494140624,23.45199966430664,18118.55078125,3.525000095367432,,48.77000045776367,,,,573.7271800000001,,,,0,,0.0363346741592662,-0.3247196279806408,0.6390564938268728,53181.08066338975,57696.45543669642,64719.14802894785,57696.45543669642
2023-01-24,86.12999725341797,1933.9000244140625,81.48799896240234,117.94095611572266,23.64900016784668,18118.30078125,3.469000101089477,,48.90999984741211,57362.0,68006.0,pdf,573.7271800000001,3655.818453288666,6.807072012946949,2330.5524391883955,0,,0.3528643513192708,0.6322874070327611,-2.335871562490266,53706.181546711334,58266.14035728116,65675.4475608116,58266.14035728116
2023-01-25,86.12000274658203,1941.199951171875,81.60189819335938,115.4115219116211,23.839000701904297,17891.94921875,3.461999893188477,,48.7599983215332,,,,573.7271800000001,,,,0,,0.3774717754618351,0.1397742396516355,-0.0116039790487021,53984.25798890492,58567.827063434575,66295.63138575113,58567.827063434575
2023-01-26,87.47000122070312,1929.0999755859373,81.50270080566406,,23.93000030517578,,3.493000030517578,,,57138.0,67947.0,pdf,573.7271800000001,3555.4547486751762,6.635471928402407,1479.1994482510781,0,,-0.6233245358693185,-0.1215625982869395,1.5675782989622356,53582.545251324824,58132.006640588246,66467.80055174892,58132.006640588246
2023-01-27,86.66000366210938,1928.5999755859373,81.44509887695312,110.10467529296876,23.527000427246094,17604.349609375,3.5179998874664307,,48.77999877929688,57062.0,68350.0,pdf,576.76072,3531.2022929807863,6.5965807427483165,3047.7539942550866,0,,-0.0259188225767426,-0.0706748710674998,-0.92602897826648,53530.797707019214,58075.86543686046,65302.24600574491,58075.86543686046
2023-01-30,84.9000015258789,1922.9000244140625,81.50800323486328,104.153076171875,23.645000457763672,17648.94921875,3.5510001182556152,,48.77000045776367,57288.0,68334.0,pdf,576.76072,3874.189369403539,7.253160416127151,2653.5402373453253,0,,-0.2955486489697456,0.0772352895110239,-2.030927835051544,53413.81063059646,57948.945495458414,65680.45976265467,57948.945495458414
2023-01-31,84.48999786376953,1929.5,81.57990264892578,116.99861907958984,23.74799919128418,17662.150390625,3.5290000438690186,,48.66999816894531,57041.0,67949.0,pdf,576.76072,3396.5781533369372,6.33165208312935,1924.242983598786,0,,0.3432303032992356,0.088211477657385,-0.4829253883869455,53644.42184666306,58199.13690911558,66024.75701640121,58199.13690911558
2023-02-01,82.83999633789062,1927.800048828125,81.76840209960938,111.4933853149414,23.520999908447266,17616.30078125,3.3970000743865967,,49.40999984741211,57426.0,68794.0,pdf,576.76072,3704.998397660005,6.896741101525966,3249.252527956065,0,,-0.0881031962619904,0.2310611370729187,-1.952895688954026,53721.001602339995,58282.2187195198,65544.74747204393,58282.2187195198
2023-02-02,82.16999816894531,1916.300048828125,81.71029663085938,109.75749969482422,23.53400039672852,17610.400390625,3.3959999084472656,,50.470001220703125,58689.0,71250.0,pdf,576.76072,5326.409889920746,9.981543022805186,5715.627259726512,0,,-0.5965348951511129,-0.0710610300042491,-0.8087858505117507,53362.590110079254,57893.37606282182,65534.37274027349,57893.37606282182
2023-02-03,79.94000244140625,1862.9000244140625,82.0458984375,113.0308837890625,22.333999633789062,17854.05078125,3.532000064849853,,49.41999816894531,58013.0,69745.0,pdf,575.2667700000001,5924.358987113985,11.373610199675548,7296.791611990913,0,,-2.786621252069488,0.4107215620043236,-2.7138807073526894,52088.641012886015,56511.26147624425,62448.20838800909,56511.26147624425
2023-02-06,80.98999786376953,1866.199951171875,82.22599792480469,118.93289184570312,22.177000045776367,17764.599609375,3.634000062942505,,49.040000915527344,57432.0,67599.0,pdf,575.2667700000001,5136.546912383179,9.822167337908533,5453.662101469454,0,,0.1771392299407148,0.2195106528596113,1.3134793473804196,52295.45308761682,56735.63306675409,62145.337898530546,56735.63306675409
2023-02-07,83.69000244140625,1871.699951171875,82.75499725341797,116.7506332397461,22.117000579833984,17721.5,3.674000024795532,,49.06999969482422,57476.0,67494.0,pdf,575.2667700000001,4688.990249470924,8.882848775922426,5118.06605133554,0,,0.2947165439880272,0.6433480188310359,3.333750646812339,52787.009750529076,57268.925672743804,62375.93394866446,57268.925672743804
2023-02-08,85.08999633789062,1877.4000244140625,82.74189758300781,116.205078125,22.367000579833984,17871.69921875,3.6530001163482666,,49.20000076293945,57542.0,67363.0,pdf,575.2667700000001,4602.614086855494,8.69412065792908,4291.983699948818,0,,0.3045399044124819,-0.0158294614765575,1.672832901952126,52939.385913144506,57434.23943407186,63071.01630005118,57434.23943407186
2023-02-09,84.5,1866.199951171875,82.65950012207031,112.8324966430664,22.097000122070312,17893.44921875,3.683000087738037,,49.11000061035156,57555.0,67422.0,pdf,575.2667700000001,4983.840999501284,9.480180947606662,5174.38788737866,0,,-0.596573617584939,-0.0995837216022699,-0.6933792023538943,52571.159000498716,57034.747972239165,62247.61211262134,57034.747972239165
2023-02-10,86.38999938964844,1862.800048828125,82.533203125,112.7332992553711,22.03400039672852,17856.5,3.74399995803833,,48.65999984741211,56983.0,66425.0,pdf,566.9480500000001,4587.794926659997,8.756135070448236,4449.697277685889,0,,-0.1821831761176007,-0.1527918713321474,2.236685668222993,52395.20507334,56843.85456069905,61975.30272231411,56843.85456069905
2023-02-13,86.61000061035156,1851.9000244140625,82.51300048828125,106.78170013427734,21.81800079345703,17770.900390625,3.7170000076293945,,48.66999816894531,57076.0,66307.0,pdf,566.9480500000001,5000.131600672226,9.601628843383379,4954.263724941855,0,,-0.5851419437593264,-0.0244781929621074,0.2546605188765483,52075.868399327774,56497.404395497106,61352.736275058145,56497.404395497106
2023-02-14,85.58000183105469,1854.0,82.59739685058594,104.40105438232422,21.84199905395508,17929.849609375,3.760999917984009,,48.790000915527344,57025.0,66387.0,pdf,566.9480500000001,4836.754887184557,9.267900993277191,4903.957908215176,0,,0.1133957318566247,0.1022825031270935,-1.1892377000789156,52188.24511281544,56619.32252805448,61483.042091784824,56619.32252805448
2023-02-15,85.37999725341797,1834.199951171875,82.86759948730469,108.86476135253906,21.54599952697754,18015.849609375,3.809000015258789,,48.15999984741211,56770.0,66055.0,pdf,566.9480500000001,4970.205202197358,9.59502874789032,5206.761862280946,0,,-1.067963798712246,0.3271321458320653,-0.2337048064471325,51799.79479780264,56197.89058252172,60848.238137719054,56197.89058252172
2023-02-16,85.13999938964844,1842.0,82.73770141601562,109.856689453125,21.68400001525879,18035.849609375,3.8429999351501465,,48.18000030517578,56343.0,65474.0,pdf,566.9480500000001,4404.466790297287,8.480152438102511,4332.026334869013,0,,0.425256189934009,-0.156753751879779,-0.2810937824900494,51938.53320970271,56348.40867090388,61141.97366513099,56348.40867090388
2023-02-17,83.0,1840.4000244140625,82.69529724121094,110.25347900390624,21.694000244140625,17944.19921875,3.828000068664551,,47.95000076293945,56204.0,65164.0,pdf,561.26684,4337.177074814106,8.362141404092107,4025.179402558606,0,,-0.0868607809955235,-0.0512513329219421,-2.513506465808857,51866.822925185894,56270.60977732432,61138.820597441394,56270.60977732432
2023-02-20,,,82.75800323486328,117.69297790527344,,17844.599609375,,,48.380001068115234,56587.0,65712.0,pdf,561.26684,,,,0,,,0.0758277625745096,,,,,
2023-02-21,83.05000305175781,1833.0,82.69750213623047,115.95709228515624,21.86899948120117,17826.69921875,3.954999923706055,,48.2599983215332,56447.0,65639.0,pdf,561.26684,4787.349896103951,9.267097021516413,4005.346900101664,0,,,-0.073106039619053,,51659.65010389605,56045.84681083061,61633.653099898336,56045.84681083061
2023-02-22,80.5999984741211,1832.0,82.86119842529297,117.04822540283205,21.660999298095703,17554.30078125,3.92300009727478,,48.15999984741211,56456.0,65850.0,pdf,561.26684,4722.330655378035,9.128157185063369,4681.715318680595,0,,-0.0545553737043125,0.197945868779481,-2.9500355058504235,51733.669344621965,56126.150704071,61168.284681319405,56126.150704071
2023-02-23,82.20999908447266,1818.0,82.83529663085938,117.34579467773438,21.29899978637696,17511.25,3.878999948501587,,47.86000061035156,56197.0,65293.0,pdf,561.26684,4874.723268636488,9.498259974225773,5165.763413768393,0,,-0.7641921397379958,-0.0312592563537994,1.9975194054978829,51322.27673136351,55679.82852930947,60127.23658623161,55679.82852930947
2023-02-24,83.16000366210938,1808.800048828125,82.6178970336914,117.59378051757812,20.80599975585937,17465.80078125,3.9489998817443848,,47.77999877929688,56038.0,64549.0,pdf,560.94154,5109.451264348019,10.032587598105271,5967.656349177625,0,,-0.5060479192450451,-0.2624480215683511,1.155582761484486,50928.54873565198,55252.67079811299,58581.343650822375,55252.67079811299
2023-02-27,82.44999694824219,1817.0,82.91799926757812,114.41959381103516,20.670000076293945,17392.69921875,3.921999931335449,,47.43999862670898,55712.0,63104.0,pdf,560.94154,4366.741444100873,8.504663462443842,4694.176209809186,0,,0.4533365187151306,0.3632411918743639,-0.8537838896112149,51345.25855589913,55704.76164083395,58409.823790190814,55704.76164083395
2023-02-28,83.88999938964844,1828.9000244140625,82.6520004272461,112.7332992553711,20.961000442504883,17303.94921875,3.9159998893737793,,47.40999984741211,,,,560.94154,,,,0,,0.6549270453529266,-0.3207974657874257,1.7465160639244193,51515.739494017456,55889.71737558497,59042.124988544194,55889.71737558497
2023-03-01,84.30999755859375,1837.699951171875,82.6353988647461,114.4691925048828,20.958999633789062,17450.900390625,3.99399995803833,,47.77000045776367,56085.0,64407.0,pdf,560.94154,4331.784906412126,8.370078841630896,5382.368938644206,0,,0.4811595297906867,-0.0200860988411433,0.5006534414126351,51753.215093587874,56147.35599776042,59024.631061355794,56147.35599776042
2023-03-02,84.75,1833.5,82.4198989868164,115.65951538085938,20.766000747680664,17321.900390625,4.072999954223633,,47.810001373291016,56066.0,63911.0,pdf,560.94154,4565.71936281526,8.865426180840409,5582.400806242578,0,,-0.2285439018049007,-0.2607839750158547,0.5218864359478381,51500.28063718474,55872.945974304195,58328.59919375742,55872.945974304195
2023-03-03,85.83000183105469,1847.699951171875,82.35569763183594,116.10588073730467,21.093000411987305,17594.349609375,3.96399998664856,,47.81999969482422,56091.0,64043.0,pdf,562.3998,4232.290979261779,8.16119617935204,4842.058307827538,0,,0.7744723846127677,-0.0778954545803789,1.274338443722356,51858.70902073822,56261.80695646127,59200.94169217246,56261.80695646127
2023-03-06,86.18000030517578,1847.9000244140625,81.7125015258789,116.4034652709961,20.983999252319336,17711.44921875,3.983000040054321,,47.83000183105469,,,,562.3998,,,,0,,0.0108282322603736,-0.7809977019833991,0.4077810400261006,51459.26522046783,55828.448116545274,58435.043489627744,55828.448116545274
2023-03-07,83.29000091552734,1813.9000244140625,81.85440063476562,,20.054000854492188,,3.974999904632568,,,56108.0,64293.0,pdf,562.3998,5507.829193374433,10.885001187887768,8350.784059994934,0,,-1.8399263786351705,0.1736565473298812,-3.3534455551340603,50600.17080662557,54896.41172416924,55942.215940005066,54896.41172416924
2023-03-08,82.66000366210938,1812.699951171875,82.07460021972656,116.205078125,20.0049991607666,17754.400390625,3.9760000705718994,,47.119998931884766,55309.0,61745.0,pdf,562.3998,4606.274827786423,9.08486636988653,5789.353624934905,0,,-0.0661598338406288,0.2690137405604753,-0.7563900186012829,50702.72517221358,55007.673535892085,55955.646375065095,55007.673535892085
2023-03-09,81.58999633789062,1829.300048828125,81.9645004272461,117.94095611572266,20.02499961853028,17589.599609375,3.924999952316284,,47.06999969482422,55121.0,61497.0,pdf,562.3998,4022.5948328136,7.872251236907035,5560.5479873343575,0,,0.9157664314779934,-0.1341459991102134,-1.294468033890528,51098.4051671864,55436.94900213618,55936.45201266564,55436.94900213618
2023-03-10,82.77999877929688,1862.0,82.01840209960938,115.46112823486328,20.375,17412.900390625,3.694999933242798,,47.43000030517578,55607.0,61557.0,pdf,560.0025,3560.9728351982776,6.841968598146013,4605.453088999195,0,,1.7875662985316731,0.0657622166698068,1.4585151303084576,52046.02716480172,56465.029471247144,56951.546911000805,56465.029471247144
2023-03-13,80.7699966430664,1911.699951171875,81.95800018310547,106.83129119873048,21.792999267578125,17154.30078125,3.515000104904175,,48.81999969482422,56748.0,63430.0,pdf,560.0025,3352.1277524784964,6.277878066940078,2559.767510397847,0,,2.669170309982549,-0.0736443468266401,-2.428125351377952,53395.8722475215,57929.48404212238,60870.23248960215,57929.48404212238
2023-03-14,77.44999694824219,1906.199951171875,82.41739654541016,107.0296859741211,21.929000854492188,17043.30078125,3.638000011444092,,49.130001068115234,57772.0,66621.0,pdf,560.0025,4231.3118115940815,7.902983608847896,5027.577111081388,0,,-0.2877020526483975,0.5605265639453627,-4.11043683646014,53540.68818840592,58086.595676100755,61593.42288891861,58086.595676100755
2023-03-15,73.69000244140625,1926.5999755859373,82.30490112304688,109.80709838867188,21.77400016784668,16972.150390625,3.492000102996826,,48.93000030517578,57501.0,66364.0,pdf,560.0025,3461.1852769234974,6.404879984618961,5289.4152516631075,0,,1.0701933132209571,-0.136494753630445,-4.854738095533618,54039.8147230765,58628.100878809404,61074.58474833689,58628.100878809404
2023-03-16,74.69999694824219,1919.0,82.7156982421875,108.07121276855467,21.58799934387207,16985.599609375,3.5850000381469727,,49.70000076293945,58115.0,66500.0,pdf,560.0025,4019.70190738557,7.430778735156605,5644.90569411547,0,,-0.3944760553433624,0.4991162294533113,1.3705990953644331,54095.29809261443,58688.29510047792,60855.09430588453,58688.29510047792
2023-03-17,72.97000122070312,1969.800048828125,82.622802734375,118.53611755371094,22.35099983215332,17100.05078125,3.3949999809265137,,49.75,58159.0,66937.0,pdf,572.80076,2694.044315875144,4.857200880530464,4001.8195524318653,0,,2.6472146340867697,-0.1123069862029146,-2.315924763340671,55464.955684124856,60174.24437428639,62935.180447568135,60174.24437428639
2023-03-20,73.79000091552734,1979.199951171875,82.53299713134766,117.544189453125,22.53300094604492,16988.400390625,3.4809999465942383,,50.90999984741211,59671.0,68250.0,pdf,572.80076,4001.9395643648822,7.188803858099864,4871.310508881186,0,,0.4772008381938253,-0.1086934841899034,1.1237490490702662,55669.06043563512,60395.67877450979,63378.689491118814,60395.67877450979
2023-03-21,75.31999969482422,1938.0,82.52909851074219,116.6018524169922,22.323999404907227,17107.5,3.6059999465942383,,50.47999954223633,59487.0,68409.0,pdf,572.80076,4979.347649413263,9.135135040098023,5621.136293220428,0,,-2.0816467354640267,-0.00472371141359,2.0734500072013384,54507.65235058674,59135.66056903278,62787.86370677957,59135.66056903278
2023-03-22,76.69000244140625,1946.800048828125,82.677001953125,117.59378051757812,22.674999237060547,17151.900390625,3.5,,50.040000915527344,58614.0,68250.0,pdf,572.80076,3760.711165732093,6.855944731216744,4360.630199748062,0,,0.4540788869001444,0.1792136895371054,1.8189096549826145,54853.28883426791,59510.6435466114,63889.36980025194,59510.6435466114
2023-03-23,75.91000366210938,1993.800048828125,82.52580261230469,116.70104217529295,23.143999099731445,17076.900390625,3.4059998989105225,,50.36000061035156,59192.0,69368.0,pdf,572.80076,3117.170403757489,5.558947617321634,4276.427429529722,0,,2.414218143681035,-0.182879564145344,-1.017080133610404,56074.82959624251,60835.900033659316,65091.57257047028,60835.900033659316
2023-03-24,74.98999786376953,1982.0999755859373,82.26529693603516,115.65951538085938,23.246999740600582,16945.05078125,3.380000114440918,,50.900001525878906,59370.0,69528.0,pdf,578.77817,3800.200578264732,6.838607693045483,4353.128467073308,0,,-0.5868227984578644,-0.3156657288064801,-1.211969113366107,55569.79942173527,60287.98993867505,65174.87153292669,60287.98993867505
2023-03-27,78.12000274658203,1952.4000244140625,82.33879852294922,117.69297790527344,23.054000854492188,16985.69921875,3.5280001163482666,,50.400001525878906,59003.0,69580.0,pdf,578.77817,4216.957084824375,7.6971375562813025,4888.468326835013,0,,-1.498408331451362,0.0893470146606345,4.173896482166351,54786.042915175625,59437.68806835091,64691.53167316499,59437.68806835091
2023-03-28,78.6500015258789,1972.4000244140625,82.21489715576172,106.28572845458984,23.323999404907227,16951.69921875,3.563999891281128,,50.40999984741211,58897.0,69400.0,pdf,578.77817,3633.024863228413,6.573947773820324,4049.31518717749,0,,1.0243802371392663,-0.1504775019919302,0.6784418339258913,55263.97513677159,59956.199440837096,65350.68481282251,59956.199440837096
2023-03-29,78.27999877929688,1966.0999755859373,82.16429901123047,109.2119369506836,23.3759994506836,17080.69921875,3.565999984741211,,50.68999862670898,,,,578.77817,,,,0,,-0.3194102996422643,-0.061543766740213,-0.470442135287541,55053.55341257957,59727.9117211948,65456.07295209433,59727.9117211948
2023-03-30,79.2699966430664,1980.300048828125,82.25540161132812,,23.902000427246094,,3.5510001182556152,,,59106.0,69620.0,pdf,578.77817,3593.3411748106955,6.473012193716415,2616.8407695372007,0,,0.7222457361536483,0.1108785703693548,1.2646881441078506,55512.658825189304,60225.99778204499,67003.1592304628,60225.99778204499
2023-03-31,79.7699966430664,1969.0,82.10050201416016,104.50025177001952,24.076000213623047,17359.75,3.49399995803833,,51.06999969482422,,,,578.44915,,,,0,,-0.5706230646619459,-0.1883154104576623,0.6307556719743257,55091.94842182849,59769.5666840592,67363.82742371013,59769.5666840592
2023-04-03,84.93000030517578,1983.9000244140625,82.18479919433594,104.89702606201172,23.94099998474121,17398.05078125,3.430000066757202,,50.79999923706055,,,,578.44915,,,,0,,0.7567305441372518,0.1026755965039649,6.468602080050201,55565.84006166328,60283.69440652147,67054.87976700402,60283.69440652147
2023-04-04,84.94000244140625,2022.199951171875,82.14089965820312,,25.02199935913086,,3.336999893188477,,,59251.0,71173.0,pdf,578.44915,2642.69460841571,4.668386714873447,1127.850389108935,0,,1.9305371382877248,-0.0534156395868401,0.0117769176904758,56608.30539158429,61414.67094369993,70045.14961089107,61414.67094369993
2023-04-05,84.98999786376953,2020.9000244140625,82.11479949951172,105.24419403076172,24.96299934387207,17557.05078125,3.2869999408721924,,51.86000061035156,60977.0,74522.0,pdf,578.44915,4423.059661414874,7.820957540596245,4664.21591813759,0,,-0.0642828003758588,-0.031774863435896,0.0588596902828753,56553.940338585126,61355.68998997442,69857.78408186241,61355.68998997442
2023-04-06,85.12000274658203,2011.9000244140625,81.94999694824219,103.45872497558594,25.02499961853028,17599.150390625,3.2880001068115234,,51.810001373291016,,,,578.44915,,,,0,,-0.4453461275309434,-0.2006977454417469,0.1529649206732264,56189.08255101673,60959.853711008705,69890.73772760035,60959.853711008705
2023-04-07,,,81.831298828125,,,,,,,60575.0,73965.0,pdf,584.75478,,,,0,,,-0.1448421287826962,,,,,
2023-04-10,84.18000030517578,1989.0999755859373,81.88480377197266,103.16114044189452,24.84600067138672,17624.05078125,3.414999961853028,,51.380001068115234,60068.0,73856.0,pdf,584.75478,4559.878774185709,8.214795733466687,4520.379157828211,0,,,0.065384448999195,,55508.12122581429,60221.07491479852,69335.62084217179,60221.07491479852
2023-04-11,85.61000061035156,2004.800048828125,81.98390197753906,103.2107391357422,25.131000518798828,17722.30078125,3.434000015258789,,51.54999923706055,60324.0,74519.0,pdf,584.75478,4310.043201262888,7.694588005538044,4303.18081185309,0,,0.7893053860986932,0.121021485063788,1.6987411499069127,56013.95679873711,60769.85879108271,70215.81918814691,60769.85879108271
2023-04-12,87.33000183105469,2010.9000244140625,82.07009887695312,102.56597900390624,25.40399932861328,17812.400390625,3.4210000038146973,,51.720001220703125,,,,584.75478,,,,0,,0.3042685274026846,0.1051388105895112,2.009112496718224,56243.461239233315,61018.84945765878,71053.20176107202,61018.84945765878
2023-04-13,86.08999633789062,2041.300048828125,81.96060180664062,103.4091339111328,25.874000549316406,17828.0,3.45199990272522,,51.93999862670898,,,,584.75478,,,,0,,1.5117620988104763,-0.1334189574654587,-1.4199077833101703,57017.55471187189,61858.66784778553,72271.20984896756,61858.66784778553
2023-04-14,86.30999755859375,2002.199951171875,81.68070220947266,,25.42399978637696,,3.5220000743865967,,,60743.0,75621.0,pdf,586.4119000000001,5008.576589766402,8.986504718817562,4849.24875476271,0,,-1.9154507774933327,-0.3415050536455299,0.2555479498914659,55734.4234102336,60466.591435630784,70771.75124523729,60466.591435630784
2023-04-17,84.76000213623047,1994.199951171875,81.84480285644531,102.6155776977539,25.05299949645996,17706.849609375,3.5910000801086426,,51.70000076293945,60709.0,75570.0,pdf,586.4119000000001,5085.743462441627,9.143196171924222,5690.877938643156,0,,-0.3995604932123586,0.2009050394202294,-1.7958469078985018,55623.25653755837,60345.98586621898,69879.12206135684,60345.98586621898
2023-04-18,84.7699966430664,2007.4000244140625,82.00370025634766,102.66517639160156,25.24799919128418,17660.150390625,3.572000026702881,,51.52000045776367,60479.0,74574.0,pdf,586.4119000000001,4378.855742783315,7.8054268857250255,4014.252086747467,0,,0.661923255711172,0.1941447646725214,0.0117915367909837,56100.144257216685,60863.36405264073,70559.74791325253,60863.36405264073
2023-04-19,83.12000274658203,1995.199951171875,82.10790252685547,101.77243041992188,25.36599922180176,17618.75,3.601999998092652,,51.119998931884766,60373.0,74359.0,pdf,586.4119000000001,4542.953831835148,8.137112797921363,3379.4018487954745,0,,-0.607754961333562,0.1270702055908179,-1.9464361942018948,55830.04616816485,60570.333106971295,70979.59815120453,60570.333106971295
2023-04-20,81.0999984741211,2007.5999755859373,82.34010314941406,102.07001495361328,25.36800003051757,17624.44921875,3.5450000762939453,,51.63999938964844,60517.0,75112.0,pdf,586.4119000000001,4181.105834758899,7.421743981723495,3926.0574675009266,0,,0.621492818641034,0.2827993596385525,-2.430226426507187,56335.8941652411,61119.13046228987,71185.94253249907,61119.13046228987
2023-04-21,81.66000366210938,1979.5,82.14089965820312,102.26840209960938,25.05299949645996,17624.05078125,3.569999933242798,,51.290000915527344,60446.0,74763.0,pdf,584.2476700000001,5033.012546556543,9.082730922575054,4631.07038300272,0,,-1.3996800123359354,-0.2419276677968929,0.6905119587233832,55412.98745344346,60117.86374666035,70131.92961699728,60117.86374666035
2023-04-24,82.7300033569336,1989.0999755859373,82.05480194091797,102.36759185791016,25.30599975585937,17743.400390625,3.515000104904175,,51.2599983215332,,,,584.2476700000001,,,,0,,0.484969718915762,-0.1048171101648676,1.3103106133225628,55623.35968930576,60346.0977761336,70765.91141694653,60346.0977761336
2023-04-25,80.7699966430664,1994.0,81.85230255126953,102.3179931640625,24.87700080871582,17769.25,3.3959999084472656,,51.31999969482422,60368.0,74768.0,pdf,584.2476700000001,4745.224182337886,8.531081220925183,5373.424323019106,0,,0.2463437974061122,-0.2467855443661237,-2.369160684559457,55622.775817662114,60345.46433048247,69394.5756769809,60345.46433048247
2023-04-26,77.69000244140625,1985.699951171875,81.9916000366211,100.5325164794922,24.871000289916992,17813.599609375,3.431999921798706,,51.47999954223633,60434.0,74315.0,pdf,584.2476700000001,4948.488993015002,8.918524680059345,4819.094562397979,0,,-0.416251194991224,0.1701815110995985,-3.8132899958769007,55485.511006985,60196.54496040824,69495.90543760202,60196.54496040824
2023-04-27,78.37000274658203,1989.9000244140625,81.76689910888672,100.87969207763672,24.982999801635746,17915.05078125,3.5280001163482666,,51.470001220703125,60382.0,74179.0,pdf,584.2476700000001,4931.509924922269,8.89353713239541,4561.453110719114,0,,0.2115160067214017,-0.2740535952878264,0.8752738882826572,55450.49007507773,60158.550553150366,69617.54688928089,60158.550553150366
2023-04-28,79.54000091552734,1990.0999755859373,81.76509857177734,101.87162017822266,24.999000549316406,18065.0,3.45199990272522,,51.25,,,,588.77985,,,,0,,0.0100483023981912,-0.0022020366786557,1.492915819753926,55454.84074517801,60163.270619768584,69660.60053554803,60163.270619768584
2023-05-01,79.30999755859375,1983.4000244140625,81.74479675292969,,25.00900077819824,,3.5739998817443848,,,60169.0,73934.0,pdf,588.77985,4914.578540031725,8.894452987065169,4262.83673078155,0,,-0.3366640497496798,-0.0248294433716544,-0.2891669025473886,55254.421459968275,59945.83460279576,69671.16326921845,59945.83460279576
2023-05-02,75.31999969482422,2014.300048828125,81.77469635009766,104.74822998046876,25.40399932861328,18147.650390625,3.438999891281128,,51.310001373291016,60220.0,74233.0,pdf,588.77985,4084.227067062806,7.275622751185848,3435.5466251077305,0,,1.5579320375974648,0.0365767588343723,-5.030888900005004,56135.772932937194,60902.017804601666,70797.45337489227,60902.017804601666
2023-05-03,72.33000183105469,2028.5999755859373,81.77870178222656,104.20267486572266,25.47599983215332,18089.849609375,3.4030001163482666,,52.060001373291016,61071.0,75173.0,pdf,588.77985,4533.9386451020255,8.019409810922614,4171.41354026449,0,,0.7099203897717121,0.0048981314608065,-3.96972633548085,56537.061354897975,61337.377885030815,71001.58645973551,61337.377885030815
2023-05-04,72.5,2048.0,81.77999877929688,104.79783630371094,26.03499984741211,18255.80078125,3.3510000705718994,,52.5099983215332,61565.0,76359.0,pdf,588.77985,4486.354911826638,7.859953411466325,3798.3302655721054,0,,0.9563257738115284,0.0015859839322951,0.2350313350501398,57078.64508817336,61924.94514282958,72560.6697344279,61924.94514282958
2023-05-05,75.30000305175781,2017.4000244140625,81.71610260009766,103.9546890258789,25.74300003051757,18069.0,3.446000099182129,,52.5,61739.0,77251.0,pdf,595.97617,5557.1196896533875,9.891302425187739,5560.203477686548,0,,-1.4941394329071045,-0.0781317928013836,3.862073174838354,56181.88031034661,60952.0399593383,71690.79652231345,60952.0399593383
2023-05-08,77.01000213623047,2026.300048828125,81.72979736328125,104.05388641357422,25.63599967956543,18264.400390625,3.5209999084472656,,52.16999816894531,61108.0,76231.0,pdf,595.97617,4668.808934298271,8.272281806561045,4826.220391371171,0,,0.4411630963793378,0.0167589529454392,2.270915026785958,56439.19106570173,61231.19785429904,71404.77960862883,61231.19785429904
2023-05-09,77.44000244140625,2036.199951171875,81.78710174560547,104.3018569946289,25.69799995422364,18265.94921875,3.5209999084472656,,52.369998931884766,61370.0,76285.0,pdf,595.97617,4615.298395439582,8.132010679215215,4657.342883291829,0,,0.4885704044411021,0.0701144309333212,0.5583694237731862,56754.70160456042,61573.49702381554,71627.65711670817,61573.49702381554
2023-05-10,76.41000366210938,2030.5,82.1050033569336,104.05388641357422,25.461000442504883,18315.099609375,3.438999891281128,,52.43000030517578,61430.0,76351.0,pdf,595.97617,4614.18767173183,8.121308985379207,5108.083337537057,0,,-0.279930817628915,0.3886940661095295,-1.3300603652178444,56815.81232826817,61639.79639387584,71242.91666246294,61639.79639387584
2023-05-11,74.9800033569336,2014.699951171875,81.9198989868164,105.59137725830078,24.2549991607666,18297.0,3.3970000743865967,,52.369998931884766,61539.0,75688.0,pdf,595.97617,5292.385478139571,9.409251602303403,7972.626937616806,0,,-0.7781358693979334,-0.2254483436441634,-1.871483099908422,56246.61452186043,61022.2704718297,67715.3730623832,61022.2704718297
2023-05-12,74.16999816894531,2014.5,82.10030364990234,107.6744384765625,23.992000579833984,18314.80078125,3.463000059127808,,51.90999984741211,61037.0,72354.0,pdf,599.52881,4672.113281498234,8.289049359456289,5225.3628775094985,0,,-0.0099246129310115,0.2202208075414935,-1.0802949476173662,56364.886718501766,61150.584647431155,67128.6371224905,61150.584647431155
2023-05-15,75.2300033569336,2018.0,82.20030212402344,105.6905746459961,24.12700080871582,18398.849609375,3.507999897003174,,52.27999877929688,61235.0,72565.0,pdf,599.52881,4703.412793590403,8.319973002734171,4976.414754854661,0,,0.1737403822288374,0.1218003706143555,1.4291562817269954,56531.5872064096,61331.43895035002,67588.58524514534,61331.43895035002
2023-05-16,74.91000366210938,1988.4000244140625,82.2667007446289,107.4760513305664,23.73699951171875,18286.5,3.549000024795532,,52.04999923706055,61079.0,72015.0,pdf,599.52881,5331.622259478972,9.56389784698982,5465.238284105435,0,,-1.4667976008888806,0.080776613819844,-0.4253617978799751,55747.37774052103,60480.64566188602,66549.76171589456,60480.64566188602
2023-05-17,76.95999908447266,1980.699951171875,82.2959976196289,106.28572845458984,23.75200080871582,18181.75,3.5810000896453857,,51.619998931884766,60618.0,71739.0,pdf,599.52881,5066.72790044525,9.12081345565777,5123.465473775257,0,,-0.3872497056751189,0.0356120699321005,2.736611029429437,55551.27209955475,60267.88954196977,66615.53452622474,60267.88954196977
2023-05-18,75.86000061035156,1956.5,82.45030212402344,105.88895416259766,23.4950008392334,18129.94921875,3.6480000019073486,,51.59000015258789,60512.0,71745.0,pdf,599.52881,5536.560878360637,10.070971631732437,5726.702616910741,0,,-1.2217878410890617,0.1874994032002863,-1.4293119636263452,54975.43912163936,59643.165084797416,66018.29738308926,59643.165084797416
2023-05-19,75.58000183105469,1978.699951171875,82.72509765625,103.9546890258789,23.920000076293945,18203.400390625,3.691999912261963,,51.43999862670898,60302.0,71834.0,pdf,593.47663,4517.462730979765,8.098055396954102,4397.492764998809,0,,1.1346767785266998,0.3332862647527967,-0.3690993633589157,55784.537269020235,60520.96024469176,67436.50723500119,60520.96024469176
2023-05-22,75.98999786376953,1974.800048828125,82.90480041503906,106.1369400024414,23.71500015258789,18314.400390625,3.7190001010894775,,51.97999954223633,60760.0,72095.0,pdf,593.47663,4964.4695477462665,8.897611524626589,5091.203135901262,0,,-0.1970941749627197,0.2172288264146615,0.5424662910584743,55795.53045225373,60532.88681140735,67003.79686409874,60532.88681140735
2023-05-23,76.83999633789062,1972.4000244140625,82.82499694824219,105.1946029663086,23.474000930786133,18348.0,3.697999954223633,,51.43000030517578,60450.0,71568.0,pdf,593.47663,4775.922303606989,8.578359087781367,5308.958452176783,0,,-0.1215325275835788,-0.0962591627955977,1.1185662561077114,55674.07769639301,60401.122029105616,66259.04154782322,60401.122029105616
2023-05-24,78.36000061035156,1962.800048828125,82.8906021118164,105.24419403076172,23.114999771118164,18285.400390625,3.7190001010894775,,51.75,60704.0,71337.0,pdf,593.47663,5257.012186791231,9.481150183489117,6039.614696962337,0,,-0.4867154465174605,0.0792093763857471,1.9781420417785744,55446.98781320877,60154.7509294246,65297.38530303766,60154.7509294246
2023-05-25,76.26000213623047,1943.0999755859373,82.71369934082031,104.35145568847656,22.785999298095703,18321.150390625,3.813999891281128,,51.45000076293945,60228.0,70312.0,pdf,593.47663,5454.663751681728,9.958611480141863,6081.377953278556,0,,-1.0036719356079749,-0.2134171624878056,-2.679936776115444,54773.33624831827,59423.902533552835,64230.622046721444,59423.902533552835
2023-05-26,76.94999694824219,1944.0999755859373,82.74210357666016,104.79783630371094,23.239999771118164,18499.349609375,3.809999942779541,,51.33000183105469,60052.0,70191.0,pdf,589.1376300000001,5231.6560400234885,9.543274744578472,4658.116039210305,0,,0.0514641558625239,0.0343404249431689,0.9047925422020152,54820.34395997651,59474.90146601225,65532.883960789695,59474.90146601225
2023-05-29,,,82.57479858398438,104.84742736816406,,18598.650390625,,,51.18000030517578,59973.0,70969.0,pdf,589.1376300000001,,,,0,,,-0.2022005550303296,,,,,
2023-05-30,73.54000091552734,1958.0,82.57969665527344,104.50025177001952,23.125,18633.849609375,3.700000047683716,,51.13999938964844,59981.0,70323.0,pdf,589.1376300000001,4877.069955443301,8.850675353826364,5242.388034710239,0,,,0.0059316781549023,,55103.9300445567,59782.56561437754,65080.61196528976,59782.56561437754
2023-05-31,72.66000366210938,1963.9000244140625,82.68389892578125,104.79783630371094,23.474000930786133,18534.400390625,3.63700008392334,,51.130001068115234,,,,589.1376300000001,,,,0,,0.3013291324853062,0.1261838862678388,-1.1966239359022968,55339.716040359184,60038.37117586137,66146.16475848392,60038.37117586137
2023-06-01,74.27999877929688,1978.0,82.66680145263672,107.82323455810548,23.875,18487.75,3.608000040054321,,50.9900016784668,,,,589.1376300000001,,,,0,,0.7179579108230971,-0.0206781167393699,2.22955551271502,55725.50654097268,60456.91747369677,67262.20771818617,60456.91747369677
2023-06-02,76.12999725341797,1952.4000244140625,82.27670288085938,111.74137878417967,23.64299964904785,18534.099609375,3.690999984741211,,51.31999969482422,,,,595.06654,,,,0,,-1.2942353683487062,-0.4718926641922194,2.490574184872929,54744.72612924473,59392.86325342588,66294.28008993171,59392.86325342588
2023-06-05,76.70999908447266,1958.0,82.40979766845703,110.30306243896484,23.53400039672852,18593.849609375,3.693000078201294,,50.720001220703125,,,,595.06654,,,,0,,0.2868252159348383,0.1617648531570203,0.7618571548400288,54990.5595399004,59659.56931215608,66095.39581350047,59659.56931215608
2023-06-06,76.29000091552734,1965.5,82.51119995117188,110.20387268066406,23.573999404907227,18599.0,3.6989998817443848,,51.06999969482422,,,,595.06654,,,,0,,0.3830439223697635,0.1230463920355529,-0.5475142405917843,55269.120618023706,59961.78180257288,66289.19951966606,59961.78180257288
2023-06-07,76.94999694824219,1942.699951171875,82.51719665527344,109.65830993652344,23.43899917602539,18726.400390625,3.783999919891357,,50.9900016784668,,,,595.06654,,,,0,,-1.1600126597875904,0.0072677455970948,0.8651147264313597,54631.96204537178,59270.52486054484,65914.37409537614,59270.52486054484
2023-06-08,75.95999908447266,1963.5999755859373,82.61810302734375,110.94782257080078,24.263999938964844,18634.55078125,3.71399998664856,,50.70000076293945,,,,595.06654,,,,0,,1.0758235929050786,0.1222852643575134,-1.286546982497505,55287.23114527162,59981.43001609656,68317.85444151402,59981.43001609656
2023-06-09,74.79000091552734,1962.199951171875,82.48829650878906,110.10467529296876,24.333999633789062,18563.400390625,3.744999885559082,,50.959999084472656,59960.0,73559.0,pdf,593.7486,4798.991346727897,8.699970257783212,5151.702182745925,0,,-0.0712988608407738,-0.1571163144616472,-1.5402819682030169,55161.0086532721,59844.49052005936,68407.29781725408,59844.49052005936
2023-06-12,71.83999633789062,1955.300048828125,82.4448013305664,108.46798706054688,23.98500061035156,18601.5,3.765000104904175,,50.93000030517578,59834.0,73249.0,pdf,593.7486,4895.9436682950545,8.911752608673176,5858.354997090835,0,,-0.3516411433824196,-0.0527289082979498,-3.944383662956019,54938.056331704945,59602.60828439687,67390.64500290916,59602.60828439687
2023-06-13,74.29000091552734,1944.5999755859373,82.33719635009766,113.87403106689452,23.756000518798828,18716.150390625,3.83899998664856,,50.88999938964844,59772.0,73102.0,pdf,593.7486,5205.895023728095,9.540528916241833,6441.893325126672,0,,-0.5472343361623944,-0.1305176053943091,3.410362893273855,54566.104976271905,59199.07615350253,66660.10667487333,59199.07615350253
2023-06-14,73.19999694824219,1955.300048828125,82.29039764404297,111.6917724609375,24.04400062561035,18755.900390625,3.796000003814697,,50.560001373291016,59347.0,72173.0,pdf,593.7486,4511.832368263364,8.227990472399096,4743.103210854111,0,,0.550245468298094,-0.0568378668805991,-1.4672283670107422,54835.16763173664,59490.98375141238,67429.89678914589,59490.98375141238
2023-06-15,75.66999816894531,1957.800048828125,82.04499816894531,113.27886962890624,23.891000747680664,18688.099609375,3.7279999256134033,,50.15999984741211,59020.0,71421.0,pdf,593.7486,4278.455316430482,7.815737281733383,4619.985986991989,0,,0.1278576145639753,-0.2982115558113563,3.3743187481955816,54741.54468356952,59389.411685004656,66801.01401300801,59389.411685004656
2023-06-16,76.61000061035156,1958.4000244140625,81.9126968383789,130.0425567626953,24.076000213623047,18826.0,3.7690000534057617,,50.65999984741211,59492.0,72284.0,pdf,596.09837,4821.979861626773,8.82015380536177,5074.267559149128,0,,0.0306453964130204,-0.1612545962813905,1.2422392812902583,54670.02013837323,59311.814301065286,67209.73244085087,59311.814301065286
2023-06-19,,,81.91480255126953,131.77845764160156,,18755.44921875,,,50.52999877929688,59370.0,72626.0,pdf,596.09837,,,,0,,,0.0025706794818169,,,,,
2023-06-20,75.9000015258789,1935.5,81.98139953613281,126.8683624267578,23.19300079345703,18816.69921875,3.7290000915527344,,50.4900016784668,59308.0,72263.0,pdf,596.09837,5231.93179857052,9.675133515776238,7463.914869398592,0,,,0.0813003056701511,,54076.06820142948,58667.432482682925,64799.08513060141,58667.432482682925
2023-06-21,77.12000274658203,1933.300048828125,81.9917984008789,127.61231231689452,22.77400016784668,18856.849609375,3.723000049591065,,50.09000015258789,58859.0,70124.0,pdf,596.09837,4837.544947340175,8.954858662404709,6487.492713801104,0,,-0.1136631966868972,0.0126844196426612,1.6073797051073146,54021.455052659825,58608.182368451686,63636.507286198896,58608.182368451686
2023-06-22,74.13999938964844,1912.699951171875,81.94149780273438,122.00788116455078,22.43600082397461,18771.25,3.799000024795532,,49.86000061035156,58670.0,68753.0,pdf,596.09837,5256.9536299725805,9.842077895265874,6099.411723662808,0,,-1.065540637043738,-0.0613483288884553,-3.864112099069738,53413.04637002742,57948.11634484106,62653.58827633719,57948.11634484106
2023-06-23,73.8499984741211,1919.0999755859373,81.91929626464844,125.57884216308594,22.327999114990234,18665.5,3.739000082015991,,49.75,58670.0,68753.0,pdf,593.19772,5092.750292026874,9.505434339734304,6417.905461843366,0,,0.334606816408467,-0.0270943766971232,-0.3911531129144219,53577.249707973126,58126.26147563122,62335.094538156634,58126.26147563122
2023-06-26,74.18000030517578,1923.699951171875,81.98480224609375,129.14981079101562,22.80500030517578,18691.19921875,3.7190001010894775,,49.9900016784668,58544.0,69095.0,pdf,593.19772,4795.383386980509,8.921873136766328,5377.307564857314,0,,0.2396944215755647,0.0799640431891512,0.4468542151295107,53748.61661301949,58312.178400917364,63717.692435142686,58312.178400917364
2023-06-27,72.26000213623047,1914.0,82.00650024414062,134.55584716796875,22.93899917602539,18817.400390625,3.767999887466431,,49.79999923706055,58521.0,69695.0,pdf,593.19772,5029.2489252584855,9.401914919987107,5585.9491208123945,0,,-0.5042341018913099,0.0264658783730942,-2.5882962537698284,53491.751074741514,58033.50352448371,64109.050879187605,58033.50352448371
2023-06-28,74.02999877929688,1912.300048828125,81.99839782714844,140.80503845214844,22.86800003051757,18972.099609375,3.7100000381469727,,49.54999923706055,,,,593.19772,,,,0,,-0.0888166756465524,-0.0098802131148989,2.4494832420977053,53438.96107473597,57976.23135466637,63904.31063560177,57976.23135466637
2023-06-29,74.33999633789062,1909.199951171875,82.02649688720703,,22.590999603271484,,3.8540000915527344,,,,,,593.19772,,,,0,,-0.1621135583900534,0.0342678159612752,0.4187458647918252,53370.61195137749,57902.07900385293,63151.87011605904,57902.07900385293
2023-06-30,74.9000015258789,1921.0999755859373,82.07540130615234,145.86390686035156,22.809999465942383,19189.05078125,3.819000005722046,,49.310001373291016,,,,595.05138,,,,0,,0.623299011020717,0.0596202700360981,0.7533026843893564,53735.28848270536,58297.71863689731,63802.08823952166,58297.71863689731
2023-07-03,74.6500015258789,1921.699951171875,82.09629821777344,149.23646545410156,22.895999908447266,19322.55078125,3.858000040054321,,49.560001373291016,,,,595.05138,,,,0,,0.0312308361648083,0.0254606267999113,-0.3337783643617475,53765.7560766718,58330.773102049585,64058.94663515938,58330.773102049585
2023-07-04,,,81.95010375976562,145.86390686035156,,19389.0,,,49.880001068115234,,,,595.05138,,,,0,,,-0.1780767966175656,,,,,
2023-07-05,76.6500015258789,1919.5999755859373,82.0071029663086,147.2526092529297,23.19700050354004,19398.5,3.944999933242798,,49.97999954223633,,,,595.05138,,,,0,,,0.0695535501822774,,53648.651381072676,58203.72555493733,64830.57975248829,58203.72555493733
2023-07-06,76.5199966430664,1908.699951171875,82.39409637451172,152.60906982421875,22.68600082397461,19497.30078125,4.040999889373779,,49.900001525878906,,,,595.05138,,,,0,,-0.5678279096005601,0.4719023038310732,-0.1696084543046039,53595.75102174809,58146.33365567009,63701.64420523045,58146.33365567009
2023-07-07,78.47000122070312,1926.199951171875,82.76840209960938,161.23887634277344,23.09199905395508,19331.80078125,4.050000190734863,,50.02000045776367,,,,596.2796999999999,,,,0,,0.9168544269755774,0.454287068573822,2.5483594657389697,54332.85694787152,58946.0240472191,65136.24301961023,58946.0240472191
2023-07-10,77.69000244140625,1925.0,82.61530303955078,162.4788055419922,23.150999069213867,19355.900390625,4.00600004196167,,50.02999877929688,,,,596.2796999999999,,,,0,,-0.0622962933388593,-0.1849728352546265,-0.994008878760011,54198.571174370525,58800.33665143971,65181.87380834148,58800.33665143971
2023-07-11,79.4000015258789,1931.300048828125,82.52529907226562,172.79490661621094,23.086000442504883,19439.400390625,3.9800000190734863,,50.15999984741211,,,,596.2796999999999,,,,0,,0.3272752637986986,-0.1089434571729053,2.201054229290756,54316.71065169244,58928.506839100286,64928.0574968792,58928.506839100286
2023-07-12,80.11000061035156,1956.199951171875,82.39990234375,178.1513671875,24.11899948120117,19384.30078125,3.861000061035156,,50.09999847412109,,,,596.2796999999999,,,,0,,1.2892819196508976,-0.1519494384453201,0.894205378876789,54933.40814953163,59597.56544524657,67730.2359539193,59597.56544524657
2023-07-13,81.36000061035156,1959.199951171875,82.00180053710938,171.95176696777344,24.76799964904785,19413.75,3.760999917984009,,50.52000045776367,,,,596.2796999999999,,,,0,,0.1533585561231953,-0.4831338330716139,1.5603545006570352,54751.844334177564,59400.585834249236,69216.70554567434,59400.585834249236
2023-07-14,79.87000274658203,1960.0999755859373,82.03079986572266,181.1767425537109,25.013999938964844,19564.5,3.819000005722046,,50.59000015258789,,,,609.02225,,,,0,,0.0459383644596522,0.0353642583740043,-1.83136412560444,54796.367914525305,59448.88971858876,69928.89958379246,59448.88971858876
2023-07-17,78.5,1952.4000244140625,82.07679748535156,179.54006958007812,24.8439998626709,19711.44921875,3.796999931335449,,50.4900016784668,,,,609.02225,,,,0,,-0.392834613937143,0.056073596385997,-1.715290721760565,54611.71440483617,59248.55808071848,69492.59415119886,59248.55808071848
2023-07-18,79.62999725341797,1977.199951171875,82.06159973144531,172.84451293945312,25.083999633789062,19749.25,3.7890000343322754,,50.65999984741211,,,,609.02225,,,,0,,1.2702277426602349,-0.0185165045078261,1.439486947029267,55295.16692366635,59990.0395869965,70150.91953858639,59990.0395869965
2023-07-19,79.45999908447266,1977.5,82.07540130615234,171.3566131591797,25.2189998626709,19833.150390625,3.742000102996826,,51.02000045776367,,,,609.02225,,,,0,,0.0151754418134197,0.0168185542960497,-0.2134850870386229,55312.85946851359,60009.23432904776,70540.32846221891,60009.23432904776
2023-07-20,79.63999938964844,1968.300048828125,82.06169891357422,169.47193908691406,24.80500030517578,19979.150390625,3.8540000915527344,,51.08000183105469,,,,609.02225,,,,0,,-0.4652314119785061,-0.0166948834365299,0.2265294579030019,55046.335215399384,59720.080658216306,69370.74266851379,59720.080658216306
2023-07-21,81.06999969482422,1964.300048828125,82.0823974609375,172.6461181640625,24.69799995422364,19745.0,3.836999893188477,,50.650001525878906,,,,607.035,,,,0,,-0.2032210486598074,0.0252231523808488,1.7955805074524545,54948.325680671325,59613.749559218886,69088.92284330602,59613.749559218886
2023-07-24,82.73999786376953,1960.300048828125,81.99030303955078,171.40621948242188,24.43600082397461,19672.349609375,3.857000112533569,,50.650001525878906,,,,607.035,,,,0,,-0.2036348775934837,-0.1121975286242693,2.0599459420646005,54774.90660375071,59425.60622105029,68279.32610125336,59425.60622105029
2023-07-25,83.63999938964844,1962.0999755859373,81.81420135498047,172.84451293945312,24.68000030517578,19680.599609375,3.911999940872192,,50.58000183105469,,,,607.035,,,,0,,0.0918189416405201,-0.2147835512760099,1.08774661483646,54707.44483098736,59352.41656192025,68812.99484859096,59352.41656192025
2023-07-26,82.91999816894531,1968.9000244140625,81.95010375976562,172.89410400390625,24.825000762939453,19778.30078125,3.8510000705718994,,50.84000015258789,,,,607.035,,,,0,,0.3465699461157268,0.16611102050057,-0.8608336034878539,54988.23443372538,59657.04679130583,69332.26394652363,59657.04679130583
2023-07-27,84.23999786376953,1945.4000244140625,81.97550201416016,174.28280639648438,24.23600006103516,19659.900390625,4.01200008392334,,50.93000030517578,,,,607.035,,,,0,,-1.1935598409570591,0.0309923395203748,1.59189547029992,54348.75568244228,58963.27267434775,67708.25688837873,58963.27267434775
2023-07-28,84.98999786376953,1960.4000244140625,82.3749008178711,173.83645629882812,24.3700008392334,19646.05078125,3.9690001010894775,,50.66999816894531,,,,603.87,,,,0,,0.7710496459214289,0.4872172708889843,0.8903134128907197,55034.649807554815,59707.403093101915,68414.32591788974,59707.403093101915
2023-07-31,85.55999755859375,1970.5,82.25279998779297,173.29087829589844,24.85400009155273,19753.80078125,3.9590001106262207,,50.65999984741211,,,,603.87,,,,0,,0.5151997276145792,-0.1482257688517174,0.6706667950949541,55236.192363722024,59926.05775309465,69669.64374853953,59926.05775309465
2023-08-01,84.91000366210938,1940.699951171875,82.2332992553711,171.15823364257812,24.20800018310547,19733.55078125,4.051000118255615,,50.68999862670898,,,,603.87,,,,0,,-1.512308999143619,-0.0237082900822471,-0.7596936828326184,54387.95294438791,59005.79800570386,67842.71695588193,59005.79800570386
2023-08-02,83.19999694824219,1937.4000244140625,82.30729675292969,166.8928985595703,23.753999710083008,19526.55078125,4.078000068664551,,50.68000030517578,,,,603.87,,,,0,,-0.170037967786818,0.0899848336727959,-2.01390488766433,54344.33046534839,58958.47173127419,66630.2876975008,58958.47173127419
2023-08-03,85.13999938964844,1932.0,82.7332992553711,169.0751495361328,23.586000442504883,19381.650390625,4.189000129699707,,50.540000915527344,,,,603.87,,,,0,,-0.2787253198107908,0.5175756211750926,2.331733789140777,54473.348083353834,59098.4436753367,66501.4706003471,59098.4436753367
2023-08-04,86.23999786376953,1939.5999755859373,82.7843017578125,169.72181701660156,23.617000579833984,19517.0,4.059999942779541,,50.5,,,,601.453,,,,0,,0.3933734775329878,0.0616468857164598,1.2919878811448848,54721.345008906756,59367.49694362525,66629.92643182709,59367.49694362525
2023-08-07,85.33999633789062,1933.5,82.69529724121094,173.4525146484375,23.14200019836425,19597.30078125,4.078000068664551,,50.4900016784668,,,,601.453,,,,0,,-0.3144965798473342,-0.1075137613190779,-1.043601053075871,54490.60030184199,59117.160704828566,65219.62673877498,59117.160704828566
2023-08-08,86.16999816894531,1924.0999755859373,82.74829864501953,176.7355194091797,22.71699905395508,19570.849609375,4.026000022888184,,50.560001373291016,,,,601.453,,,,0,,-0.4861662484645701,0.0640924037723644,0.9725824545016692,54260.43993982013,58867.45842527655,64062.906211758134,58867.45842527655
2023-08-09,87.55000305175781,1915.4000244140625,82.84500122070312,181.6600341796875,22.64999961853028,19632.55078125,4.01200008392334,,50.369998931884766,,,,601.453,,,,0,,-0.4521569191967556,0.1168635213860236,1.6014911362848716,54078.22155138839,58669.76866424212,63948.61031102064,58669.76866424212
2023-08-10,86.4000015258789,1914.4000244140625,82.86630249023438,180.56570434570312,22.746000289916992,19543.099609375,4.079999923706055,,50.22999954223633,,,,601.453,,,,0,,-0.0522084153312008,0.0257121965325346,-1.313536819866301,54063.88560806092,58654.21551817929,64236.16496198992,58654.21551817929
2023-08-11,86.80999755859375,1912.9000244140625,82.79989624023438,201.3581085205078,22.67399978637696,19428.30078125,4.168000221252441,,50.130001068115234,,,,602.161,,,,0,,-0.0783535301332349,-0.0801366152518134,0.4745324368912618,53978.233623801745,58561.29119563396,63981.51717468757,58561.29119563396
2023-08-14,86.20999908447266,1910.5999755859373,82.89730072021484,207.72515869140625,22.643999099731445,19434.55078125,4.184000015258789,,50.09000015258789,,,,602.161,,,,0,,-0.1202388414851651,0.1176384082630432,-0.6911628740873033,53976.753605257785,58559.68551513815,63972.028455043146,58559.68551513815
2023-08-15,84.88999938964844,1902.5,83.2333984375,,22.59499931335449,,4.2210001945495605,,,,,,602.161,,,,0,,-0.4239493190328014,0.4054386745589111,-1.531144541053553,53965.83437844114,58547.839184157834,64092.40424312638,58547.839184157834
2023-08-16,83.44999694824219,1896.0999755859373,83.19419860839844,221.6530914306641,22.479999542236328,19465.0,4.257999897003174,,50.11000061035156,,,,602.161,,,,0,,-0.3364007576379779,-0.0470962736562996,-1.6963157636467607,53758.96250495683,58323.40271764183,63736.16729408349,58323.40271764183
2023-08-17,84.12000274658203,1884.0999755859373,83.23699951171875,221.60336303710932,22.670000076293945,19365.25,4.308000087738037,,49.81999969482422,,,,602.161,,,,0,,-0.6328780209119422,0.0514469807225026,0.802882951278483,53446.21617269714,57984.10245151103,64307.93166036014,57984.10245151103
2023-08-18,84.80000305175781,1886.0999755859373,83.09829711914062,213.4953155517578,22.69499969482422,19310.150390625,4.250999927520752,,49.75,,,,594.8882199999999,,,,0,,0.1061514795348328,-0.1666355027112653,0.8083693330637853,53413.79521201883,57948.92876775627,64271.56999774518,57948.92876775627
2023-08-21,84.45999908447266,1893.300048828125,83.16729736328125,218.71829223632807,23.304000854492188,19393.599609375,4.3420000076293945,,49.68000030517578,,,,594.8882199999999,,,,0,,0.38174398681865,0.0830344863044452,-0.4009480601995241,53662.22034444092,58218.446600100986,66051.04296779766,58218.446600100986
2023-08-22,84.02999877929688,1896.4000244140625,83.1135025024414,222.4489898681641,23.420000076293945,19396.44921875,4.328000068664551,,49.900001525878906,,,,594.8882199999999,,,,0,,0.1637339833090001,-0.0646827088835899,-0.5091171084973811,53715.31662522039,58276.05105566362,66336.88585031038,58276.05105566362
2023-08-23,83.20999908447266,1918.5,83.07330322265625,221.35464477539065,24.363000869750977,19444.0,4.197999954223633,,49.810001373291016,,,,594.8882199999999,,,,0,,1.165364654156531,-0.0483667257122011,-0.9758416122055746,54315.012833483685,58926.664866515304,68974.54807936921,58926.664866515304
2023-08-24,83.36000061035156,1918.199951171875,82.5447006225586,215.63424682617188,24.211000442504883,19386.69921875,4.235000133514404,,50.02999877929688,,,,594.8882199999999,,,,0,,-0.0156397616953296,-0.6363086329682521,0.1802686306084711,53960.96103200935,58542.552063029005,68108.06405379302,58542.552063029005
2023-08-25,84.4800033569336,1911.0999755859373,82.64140319824219,209.91384887695312,24.21999931335449,19265.80078125,4.238999843597412,,49.93999862670898,,,,594.85785,,,,0,,-0.3701374083343034,0.1171517674111832,1.343573342588189,53824.2135620175,58394.19395879257,68213.19827154635,58394.19395879257
2023-08-28,84.41999816894531,1917.9000244140625,82.66429901123047,219.4644317626953,24.238000869750977,19306.05078125,4.211999893188477,,49.79999923706055,,,,594.85785,,,,0,,0.3558185817065906,0.02770501480156,-0.0710288655349056,54030.69518135223,58618.207036372696,68282.8103721913,58618.207036372696
2023-08-29,85.48999786376953,1936.5,82.69149780273438,226.67710876464844,24.777000427246094,19342.650390625,4.122000217437744,,49.97999954223633,,,,594.85785,,,,0,,0.9698094451831452,0.0329027062822007,1.2674718289887643,54572.63993592194,59206.165968217196,69824.2356317214,59206.165968217196
2023-08-30,85.86000061035156,1944.300048828125,82.49469757080078,231.60162353515625,24.733999252319336,19347.44921875,4.118000030517578,,50.34000015258789,,,,594.85785,,,,0,,0.4027910574812887,-0.2379933090619235,0.4328023813635395,54662.05127585884,59303.16883701665,69537.16512028183,59303.16883701665
2023-08-31,86.86000061035156,1938.199951171875,82.70040130615234,250.5038146972656,24.472000122070312,19253.80078125,4.0929999351501465,,50.34999847412109,,,,594.85785,,,,0,,-0.3137426067507776,0.2493538874726031,1.1646866909984954,54626.42744382069,59264.52033999414,68972.13769225295,59264.52033999414
2023-09-01,88.55000305175781,1939.800048828125,82.68240356445312,244.2362518310547,24.23200035095215,19435.30078125,4.172999858856201,,50.369998931884766,,,,598.89664,,,,0,,0.0825558609307774,-0.0217625808520471,1.9456624793125377,54659.62682651344,59300.53853819854,68280.85694931049,59300.53853819854
2023-09-04,,,82.6969985961914,249.5587158203125,,19528.80078125,,,50.43999862670898,,,,598.89664,,,,0,,,0.0176519200084657,,,,,
2023-09-05,90.04000091552734,1926.199951171875,82.7345962524414,241.40090942382807,23.558000564575195,19574.900390625,4.26800012588501,,50.34999847412109,,,,598.89664,,,,0,,,0.0454643540735766,,54310.66528762939,58921.94818940923,66423.56535883133,58921.94818940923
2023-09-06,90.5999984741211,1918.0999755859373,83.08609771728516,239.61019897460932,23.20599937438965,19611.05078125,4.289999961853027,,50.310001373291016,,,,598.89664,,,,0,,-0.4205158234486306,0.4248542698767066,0.6219430840733953,54312.05122357253,58923.45179915887,65709.05806570528,58923.45179915887
2023-09-07,89.91999816894531,1917.5,83.25740051269531,241.15220642089844,22.950000762939453,19727.05078125,4.260000228881836,,50.16999816894531,,,,598.89664,,,,0,,-0.0312796826846484,0.2061750402492679,-0.7505522258590469,54407.005453430924,59026.468180609016,65118.16514552753,59026.468180609016
2023-09-08,90.6500015258789,1918.4000244140625,83.24150085449219,245.23110961914065,22.89200019836425,19819.94921875,4.257999897003174,,50.209999084472656,,,,593.90428,,,,0,,0.0469373879563139,-0.0190969909043658,0.8118364899897257,54422.14770293128,59042.896092802795,64941.19058361803,59042.896092802795
2023-09-11,90.63999938964844,1923.300048828125,83.03130340576172,246.1762084960937,23.10300064086914,19996.349609375,4.288000106811523,,50.15999984741211,,,,593.90428,,,,0,,0.2554224536959637,-0.2525152076461201,-0.0110337959868811,54423.378876408846,59044.23179987751,65374.26949196211,59044.23179987751
2023-09-12,92.05999755859376,1911.300048828125,82.94329833984375,227.92068481445312,23.12700080871582,19993.19921875,4.263999938964844,,50.02000045776367,,,,593.90428,,,,0,,-0.6239276085554968,-0.1059902257440237,1.5666352366585423,54026.49283100733,58613.64788269662,65372.820147253886,58613.64788269662
2023-09-13,91.87999725341795,1909.0999755859373,82.84300231933594,222.1505279541016,22.91200065612793,20070.0,4.249000072479248,,49.880001068115234,,,,593.90428,,,,0,,-0.1151087315430343,-0.1209211865398351,-0.1955249945137294,53899.04934416661,58475.3837224449,64686.767048917536,58475.3837224449
2023-09-14,93.6999969482422,1910.0,82.93679809570312,225.8314819335937,22.74799919128418,20103.099609375,4.288000106811523,,49.880001068115234,,,,593.90428,,,,0,,0.047143912082781,0.1132211215687517,1.980844306954444,53985.51334240859,58569.18900355648,64296.46145833361,58569.18900355648
2023-09-15,93.93000030517578,1923.699951171875,83.0282974243164,227.4729766845703,23.1259994506836,20192.349609375,4.322000026702881,,50.119998931884766,,,,593.0370899999999,,,,0,,0.7172749304646509,0.1103241633559237,0.2454678382333819,54432.72416387348,59054.370555145746,65436.979833893034,59054.370555145746
2023-09-18,94.43000030517578,1931.5,83.08580017089844,228.1693878173828,23.23200035095215,20133.30078125,4.318999767303467,,50.43999862670898,,,,593.0370899999999,,,,0,,0.4054711766964258,0.0692568056504416,0.5323112939162211,54691.28439304122,59334.884011318296,65782.44567502756,59334.884011318296
2023-09-19,94.33999633789062,1932.0,83.25489807128906,,23.194000244140625,,4.364999771118164,,,,,,593.0370899999999,,,,0,,0.0258866166191973,0.2035220218651101,-0.0953128952602799,54816.77973802122,59471.03462143811,65808.50945272604,59471.03462143811
2023-09-20,93.52999877929688,1945.5999755859373,83.19499969482422,218.0218811035156,23.57900047302246,19901.400390625,4.348999977111816,,50.380001068115234,,,,593.0370899999999,,,,0,,0.7039324837441852,-0.0719457687805347,-0.8585940110625412,55162.936884154326,59846.58246865799,66852.74111874244,59846.58246865799
2023-09-21,93.3000030517578,1919.199951171875,83.08699798583984,212.00303649902344,23.444000244140625,19742.349609375,4.480000019073486,,50.27000045776367,,,,593.0370899999999,,,,0,,-1.35690916659843,-0.129817548386979,-0.2459058382773937,54343.78646328806,58957.88154035968,66383.68984612142,58957.88154035968
2023-09-22,93.2699966430664,1925.4000244140625,82.89129638671875,214.5896453857422,23.59600067138672,19674.25,4.438000202178955,,50.220001220703125,,,,590.70181,,,,0,,0.3230550958695843,-0.2355381754849839,-0.0321612086923051,54390.9329599253,59009.03104142838,66656.7193500641,59009.03104142838
2023-09-25,93.29000091552734,1916.5999755859373,82.97480010986328,203.1488494873047,23.145000457763672,19674.55078125,4.541999816894531,,50.220001220703125,,,,590.70181,,,,0,,-0.4570504163571409,0.1007388311976109,0.0214477036355908,54196.881333837264,58798.50333388004,65448.54738910967,58798.50333388004
2023-09-26,93.95999908447266,1900.4000244140625,83.0282974243164,215.43527221679688,22.950000762939453,19664.69921875,4.558000087738037,,50.02000045776367,,,,590.70181,,,,0,,-0.8452442543166794,0.0644741709317608,0.7181886186837794,53773.43294464054,58339.10177956284,64938.976597091736,58339.10177956284
2023-09-27,96.5500030517578,1871.5999755859373,83.29869842529297,223.0458984375,22.47699928283692,19716.44921875,4.625999927520752,,49.70000076293945,,,,590.70181,,,,0,,-1.515472977169885,0.3256733058064176,2.756496373479811,53130.98283327144,57642.10401722844,63807.708838315695,57642.10401722844
2023-09-28,95.37999725341795,1860.4000244140625,83.22270202636719,223.0956420898437,22.51499938964844,19523.55078125,4.5970001220703125,,49.369998931884766,,,,590.70181,,,,0,,-0.5984158643926429,-0.0912335971178901,-1.2118133209303328,52764.855368224555,57244.89025797947,63857.2710610788,57244.89025797947
2023-09-29,95.30999755859376,1848.0999755859373,83.19300079345703,226.378646850586,22.23600006103516,19638.30078125,4.572999954223633,,49.290000915527344,,,,586.90763,,,,0,,-0.6611507561121943,-0.0356888591537707,-0.0733903300901062,52397.29345553631,56846.120258364856,63043.462792427505,56846.120258364856
2023-10-02,90.70999908447266,1830.0,83.03479766845703,,21.218000411987305,,4.683000087738037,,,57760.0,71596.0,pdf,586.90763,5974.541605519327,11.537102867773587,11553.165161254525,0,,-0.979382924357164,-0.1901639843389868,-4.826354623808637,51785.45839448067,56182.33693740827,60042.834838745475,56182.33693740827
2023-10-03,90.91999816894533,1824.5999755859373,83.3593978881836,228.46783447265625,21.17799949645996,19528.75,4.802000045776367,,48.83000183105469,56577.0,67113.0,pdf,586.90763,4742.509131532941,9.149330980345354,6949.082637284322,0,,-0.2950833013148912,0.3909207089570321,0.2315059933768681,51834.49086846706,56235.53254597841,60163.91736271568,56235.53254597841
2023-10-04,85.80999755859375,1818.5,83.22979736328125,225.23455810546875,20.95599937438965,19436.099609375,4.735000133514404,,48.36000061035156,56527.0,67091.0,pdf,586.90763,4946.120132642762,9.589057312248167,7650.313377464627,0,,-0.3343185173494634,-0.1554720021804678,-5.62032634542764,51580.87986735724,55960.38853534039,59440.68662253537,55960.38853534039
2023-10-05,84.06999969482422,1816.5999755859373,83.44979858398438,233.19337463378903,20.847999572753903,19545.75,4.7170000076293945,,48.25,56561.0,67417.0,pdf,586.90763,4897.812193310572,9.480274836382426,8126.339876900551,0,,-0.1044830582382472,0.2643298766460633,-2.027733263343124,51663.18780668943,56049.684884615875,59290.66012309945,56049.684884615875
2023-10-06,84.58000183105469,1830.199951171875,83.22489929199219,256.8211364746094,21.540000915527344,19653.5,4.783999919891357,,48.380001068115234,56477.0,66637.0,pdf,584.7415,4567.3116955591395,8.798572761162982,5543.41659746223,0,,0.748649992772954,-0.2695024982784733,0.6066398692539332,51909.68830444086,56317.11466991225,61093.58340253777,56317.11466991225
2023-10-09,88.1500015258789,1849.5,83.12460327148438,249.95664978027344,21.74099922180176,19512.349609375,4.796999931335449,,48.880001068115234,57415.0,68984.0,pdf,584.7415,5021.124398975364,9.583418560617357,7394.640244982162,0,,1.054532255656948,-0.1205120358943601,4.220855542135316,52393.875601024636,56842.412208658796,61589.35975501784,56842.412208658796
2023-10-10,87.6500015258789,1861.0,83.27030181884766,260.7010498046875,21.775999069213867,19689.849609375,4.65500020980835,,48.93000030517578,57532.0,68628.0,pdf,584.7415,4719.939111042804,8.93723712272271,6831.3643868244035,0,,0.621789672884554,0.1752772844971328,-0.5672149646568148,52812.060888957196,57296.10379462337,61796.6356131756,57296.10379462337
2023-10-11,85.81999969482422,1872.800048828125,83.25029754638672,269.803955078125,21.957000732421875,19811.349609375,4.59499979019165,,49.16999816894531,57542.0,68875.0,pdf,584.7415,4407.841147003157,8.295682555544111,6579.680989201428,0,,0.634070329292058,-0.0240232976511323,-2.087851453732581,53134.15885299684,57645.549699006006,62295.31901079857,57645.549699006006
2023-10-12,86.0,1869.300048828125,83.21800231933594,273.1366882324219,21.79199981689453,19794.0,4.711999893188477,,49.38999938964844,58032.0,69621.0,pdf,584.7415,5017.715193837183,9.464836151583587,7817.798020042268,0,,-0.1868859413043044,-0.0387929268754749,0.2097416753855219,53014.28480616282,57515.49766706343,61803.20197995773,57515.49766706343
2023-10-13,90.88999938964844,1927.4000244140625,83.26239776611328,272.9874572753906,22.72699928283692,19751.05078125,4.629000186920166,,49.4900016784668,58032.0,69404.0,pdf,585.8949399999999,3340.8095113376403,6.1084965997041145,4914.707104447953,0,,3.108113950051017,0.053348368790429,5.686045801916784,54691.19048866236,59334.782133926135,64489.29289555205,59334.782133926135
2023-10-16,89.6500015258789,1921.0999755859373,83.28230285644531,282.38885498046875,22.61000061035156,19731.75,4.711999893188477,,50.25,59037.0,70572.0,pdf,585.8949399999999,4511.545378072173,8.274200388340862,6399.360473237597,0,,-0.3268677362417427,0.0239064582165271,-1.3642841589794896,54525.45462192783,59154.974353978294,64172.6395267624,59154.974353978294
2023-10-17,89.9000015258789,1922.699951171875,83.19950103759766,293.1829833984375,22.863000869750977,19811.5,4.8470001220703125,,50.310001373291016,59108.0,70383.0,pdf,585.8949399999999,4591.390236640822,8.422002499001163,5556.801004370289,0,,0.0832843478356437,-0.0994230658947881,0.2788622373060878,54516.60976335918,59145.37851685193,64826.19899562971,59145.37851685193
2023-10-18,91.5,1955.300048828125,83.26429748535156,299.6495361328125,22.944000244140625,19671.099609375,4.90399980545044,,50.77999877929688,59636.0,71847.0,pdf,585.8949399999999,4151.862833741441,7.48297269416006,6740.467759511623,0,,1.6955374465152715,0.0778808129205277,1.779753556133712,55484.13716625856,60195.05447282767,65106.53224048838,60195.05447282767
2023-10-19,92.37999725341795,1968.4000244140625,83.26860046386719,302.7335510253906,22.886999130249023,19624.69921875,4.98799991607666,,50.90999984741211,59885.0,71300.0,pdf,585.8949399999999,4026.2477383056394,7.207908475010235,6351.859450634278,0,,0.6699726517057414,0.0051678554261247,0.96174563215079,55858.75226169436,60601.47651032878,64948.14054936572,60601.47651032878
2023-10-20,92.16000366210938,1982.5,83.12229919433594,298.55517578125,23.35099983215332,19542.650390625,4.923999786376953,,51.59000015258789,60611.0,71373.0,pdf,583.53213,4450.967964397176,7.9255082361339655,5224.556184762332,0,,0.7163165723966358,-0.1756980046695222,-0.2381398547838253,56160.032035602824,60928.336642399285,66148.44381523767,60928.336642399285
2023-10-23,89.83000183105469,1976.300048828125,83.15979766845703,285.8708190917969,23.07200050354004,19281.75,4.8379998207092285,,51.540000915527344,,,,583.53213,,,,0,,-0.3127339809268603,0.0451124120537382,-2.52821369191486,56009.65644518178,60765.193313168915,65387.58233966544,60765.193313168915
2023-10-24,88.06999969482422,1975.0,83.02940368652344,,22.979999542236328,,4.840000152587891,,,60632.0,72286.0,pdf,583.53213,4746.952780961357,8.49413755052566,7261.272936133508,0,,-0.0657819559785943,-0.1567993015729185,-1.9592587112939648,55885.04721903864,60630.00405839097,65024.72706386649,60630.00405839097
2023-10-25,90.12999725341795,1984.0999755859373,82.98780059814453,292.23785400390625,22.87700080871582,19122.150390625,4.953000068664551,,51.40999984741211,60602.0,71530.0,pdf,583.53213,4487.588847187057,7.997212756926701,6829.156034493302,0,,0.4607582575158142,-0.0501064520901262,2.339045720145294,56114.41115281294,60878.842288429136,64700.8439655067,60878.842288429136
2023-10-26,87.93000030517578,1987.199951171875,83.1709976196289,284.42828369140625,22.78700065612793,18857.25,4.84499979019165,,51.83000183105469,60888.0,71360.0,pdf,583.53213,4561.848102894772,8.098987680231035,6771.428554051592,0,,0.1562408963299288,0.2207517492498478,-2.4409153614600387,56326.15189710523,61108.561020444344,64588.57144594841,61108.561020444344
2023-10-27,90.4800033569336,1988.5999755859373,83.28250122070312,285.9703369140625,22.770000457763672,19047.25,4.84499979019165,,51.63999938964844,60971.0,71335.0,pdf,586.11068,4529.598007336921,8.025310937396155,6708.08835422829,0,,0.0704521159653248,0.1340654846827327,2.900037578650738,56441.40199266308,61233.596501474094,64626.91164577171,61233.596501474094
2023-10-30,87.44999694824219,1996.199951171875,83.41339874267578,289.750732421875,23.28199958801269,19140.900390625,4.875,,52.02000045776367,61336.0,71733.0,pdf,586.11068,4589.842221279883,8.088375320806444,5549.047773677594,0,,0.3821771939677365,0.1571728995335641,-3.3488133247943974,56746.15777872012,61564.227778800116,66183.9522263224,61564.227778800116
2023-10-31,87.41000366210938,1985.199951171875,83.29650115966797,287.2138671875,22.840999603271484,19079.599609375,4.875,,52.060001373291016,61238.0,71805.0,pdf,586.11068,4883.627457662784,8.665924643192279,6965.677385554962,0,,-0.5510470027585423,-0.1401424528551298,-0.0457327473167179,56354.372542337216,61139.17775819603,64839.32261444504,61139.17775819603
2023-11-01,84.62999725341797,1978.800048828125,83.2771987915039,295.8193359375,22.684999465942383,18989.150390625,4.789000034332275,,51.7599983215332,60896.0,70825.0,pdf,586.11068,4736.3200485503985,8.43366638243839,6443.4415671204115,0,,-0.3223807425530189,-0.0231730839775123,-3.1804213387723324,56159.6799514496,60927.95466430852,64381.55843287959,60927.95466430852
2023-11-02,86.8499984741211,1985.5999755859373,85.19400024414062,296.615234375,22.7509994506836,19133.25,4.669000148773193,,51.84999847412109,60985.0,71470.0,pdf,586.11068,3335.2573365942662,5.785381135294094,5414.939575245851,0,,0.3436389018607322,2.301712209887974,2.623184795877398,57649.742663405734,62544.532134826964,66055.06042475415,62544.532134826964
2023-11-03,84.88999938964844,1991.5,83.24729919433594,303.0817565917969,23.201000213623047,19230.599609375,4.558000087738037,,51.79999923706055,61105.0,70910.0,pdf,590.78252,4605.179681948583,8.15078642024858,5087.637797199364,0,,0.2971406369161267,-2.2850212975397577,-2.25676352205888,56499.82031805142,61296.97487335766,65822.36220280064,61296.97487335766
2023-11-06,85.18000030517578,1981.5999755859373,83.15850067138672,319.7455444335937,23.14900016784668,19411.75,4.662000179290772,,51.75,61002.0,71992.0,pdf,590.78252,4843.0160032812855,8.623760008842495,6387.218713013077,0,,-0.4971139550119297,-0.1066683529779455,0.3416196461449194,56158.983996718714,60927.19961908162,65604.78128698692,60927.19961908162
2023-11-07,81.61000061035156,1966.800048828125,83.2228012084961,335.21551513671875,22.507999420166016,19406.69921875,4.571000099182129,,51.36000061035156,60772.0,71286.0,pdf,590.78252,4989.349800082789,8.94426812315596,7448.506244437216,0,,-0.7468675282677251,0.0773228672838577,-4.191124303867011,55782.65019991721,60518.91295274036,63837.493755562784,60518.91295274036
2023-11-08,79.54000091552734,1951.5,83.23269653320312,346.1091003417969,22.64699935913086,19443.5,4.5229997634887695,,51.400001525878906,60603.0,70228.0,pdf,590.78252,5247.710813375124,9.480053108715568,5988.635473533359,0,,-0.7779158251110085,0.0118901605850041,-2.5364534730338617,55355.289186624876,60055.2665703949,64239.36452646664,60055.2665703949
2023-11-09,80.01000213623047,1964.199951171875,83.21769714355469,334.369873046875,22.83099937438965,19395.30078125,4.630000114440918,,50.93999862670898,60117.0,70100.0,pdf,590.78252,4411.510757321084,7.919346580195176,5350.38073181465,0,,0.650778948084807,-0.0180210305242844,0.5908991894559845,55705.489242678916,60435.2005934724,64749.61926818535,60435.2005934724
2023-11-10,81.43000030517578,1932.5999755859373,83.31939697265625,336.75750732421875,22.21500015258789,19425.349609375,4.627999782562256,,51.310001373291016,60445.0,70850.0,pdf,590.32085,5568.716485764642,10.147765353533957,7770.383833049171,0,,-1.6087962718400628,0.1222093768421972,1.7747758168129124,54876.28351423536,59535.59060506665,63079.61616695083,59535.59060506665
2023-11-13,82.5199966430664,1945.5,83.29889678955078,335.4642028808594,22.29899978637696,19443.55078125,4.631999969482422,,50.93000030517578,,,,590.32085,,,,0,,0.6674958386125196,-0.024604334465117,1.3385685052261342,55228.98835382363,59918.24208197846,63302.55458770129,59918.24208197846
2023-11-14,82.47000122070312,1961.800048828125,83.19760131835938,,23.07900047302246,,4.440999984741211,,,,,,590.32085,,,,0,,0.8378334015998412,-0.1216048172250405,-0.0605858269475345,55623.99145705941,60346.78318454559,65437.15430712283,60346.78318454559
2023-11-15,81.18000030517578,1960.0999755859373,82.98159790039062,328.102294921875,23.48500061035156,19675.44921875,4.534999847412109,,51.459999084472656,60502.0,71822.0,pdf,590.32085,5070.501390597194,9.147328717064648,5406.572476443529,0,,-0.0866588439124127,-0.2596269778766813,-1.5642062524954925,55431.498609402806,60137.94660454077,66415.42752355647,60137.94660454077
2023-11-16,77.41999816894531,1983.9000244140625,83.18620300292969,311.8861999511719,23.89200019836425,19765.19921875,4.445000171661377,,51.38999938964844,60453.0,72354.0,pdf,590.32085,4210.102326577107,7.485571513443831,4620.983928947084,0,,1.2142262703212614,0.2465668385714492,-4.631685294525356,56242.89767342289,61018.23804192105,67733.01607105292,61018.23804192105
2023-11-17,80.61000061035156,1981.5999755859373,83.12030029296875,315.4676818847656,23.80900001525879,19731.80078125,4.440999984741211,,51.86000061035156,60978.0,73210.0,pdf,595.39739,4844.813659839812,8.630925795804355,5765.760451388938,0,,-0.1159357225576029,-0.079223125448602,4.120385581054986,56133.18634016019,60899.2115954568,67444.23954861106,60899.2115954568
2023-11-20,82.31999969482422,1977.699951171875,83.29149627685547,312.18463134765625,23.57900047302246,19694.0,4.421999931335449,,51.65999984741211,61001.0,72920.0,pdf,595.39739,4862.905120981341,8.662397844923712,5989.717429955883,0,,-0.1968118925167683,0.2059617004309677,2.12132374584435,56138.09487901866,60904.536897048536,66930.28257004412,60904.536897048536
2023-11-21,82.44999694824219,1999.300048828125,83.32219696044922,331.4848327636719,23.843000411987305,19783.400390625,4.418000221252441,,51.880001068115234,61352.0,73040.0,pdf,595.39739,4579.856415328715,8.067083830467334,5335.392896522302,0,,1.092182747107362,0.0368593253406102,0.157916975097061,56772.143584671285,61592.41992676601,67704.6071034777,61592.41992676601
2023-11-22,81.95999908447266,1991.4000244140625,83.345703125,331.4350280761719,23.67200088500977,19811.849609375,4.415999889373779,,52.16999816894531,61511.0,73240.0,pdf,595.39739,4947.232786596956,8.746292954519987,6002.0000442082965,0,,-0.3951395098846233,0.0282111675019125,-0.5942970065567432,56563.76721340304,61366.3512220882,67237.9999557917,61366.3512220882
2023-11-23,81.37000274658203,,83.54830169677734,327.2069396972656,,19802.0,,,52.02000045776367,61474.0,73180.0,pdf,595.39739,,,,0,,,0.2430822036182167,-0.7198588878491119,,,,
2023-11-24,80.58000183105469,2002.199951171875,83.34400177001953,327.5054016113281,24.32900047302246,19794.69921875,4.4720001220703125,,52.150001525878906,,,,597.935,,,,0,,,-0.244529119812964,-0.970874878777772,56869.367643791185,61697.89885883005,69102.73229686606,61697.89885883005
2023-11-27,79.9800033569336,2011.800048828125,83.31449890136719,,24.67200088500977,,4.388999938964844,,,61390.0,73046.0,pdf,597.935,4268.184212280619,7.4720737662513805,2993.835000356965,0,,0.4794774693022585,-0.0353989105703833,-0.7445997275838501,57121.81578771938,61971.78127912951,70052.16499964304,61971.78127912951
2023-11-28,81.68000030517578,2039.699951171875,83.364501953125,325.5653991699219,24.93000030517578,19889.69921875,4.335999965667725,,52.29999923706055,61895.0,74993.0,pdf,597.935,3946.253139662047,6.809902462900356,4165.804260608391,0,,1.3868128872947194,0.0600172267938736,2.125527477981537,57948.74686033795,62868.92348055532,70827.19573939161,62868.92348055532
2023-11-29,83.0999984741211,2047.0999755859373,83.41809844970703,319.9942626953125,25.07200050354004,20096.599609375,4.270999908447266,,53.04999923706055,62775.0,75750.0,pdf,597.935,4578.6238565403255,7.867541176882864,4473.580217161041,0,,0.362799656381374,0.0642917492773786,1.7384894265914053,58196.376143459674,63137.577891489265,71276.41978283896,63137.577891489265
2023-11-30,82.83000183105469,2038.0999755859373,83.3302993774414,323.426513671875,25.292999267578125,20133.150390625,4.352000236511231,,53.150001525878906,62725.0,75924.0,pdf,597.935,4845.465544284045,8.371638766361096,4094.990622022189,0,,-0.4396463341964529,-0.1052518265188706,-0.3249057136270439,57879.534455715955,62793.83455101258,71829.00937797781,62793.83455101258
2023-12-01,78.87999725341797,2071.0,83.35269927978516,333.1263122558594,25.499000549316406,20267.900390625,4.22599983215332,,53.290000915527344,62712.0,76585.0,pdf,604.0423000000001,3882.3356146603546,6.599282275742224,4151.506785230551,0,,1.6142497820600843,0.0268808614766857,-4.7688089947087065,58829.664385339645,63824.63588975526,72433.49321476945,63824.63588975526
2023-12-04,78.02999877929688,2024.0999755859373,83.21859741210938,334.369873046875,24.55500030517578,20686.80078125,4.288000106811523,,53.720001220703125,63805.0,77073.0,pdf,604.0423000000001,6400.101307069832,11.149050782765428,7433.292380546074,0,,-2.2646076491580125,-0.1608848529615736,-1.077584309987112,57404.89869293017,62278.89952534876,69639.70761945393,62278.89952534876
2023-12-05,77.19999694824219,2018.5,83.41709899902344,335.4144592285156,24.201000213623047,20855.099609375,4.171000003814697,,52.93999862670898,62457.0,75027.0,pdf,604.0423000000001,5074.371296059748,8.843044333574264,6227.54448737629,0,,-0.2766649697881873,0.238530320249275,-1.0636958144806583,57382.62870394025,62254.738688237056,68799.45551262371,62254.738688237056
2023-12-06,74.30000305175781,2030.5,83.31590270996094,326.162353515625,23.888999938964844,20937.69921875,4.120999813079834,,52.83000183105469,62266.0,74430.0,pdf,604.0423000000001,4612.257855312018,7.999927990341171,6599.896942844338,0,,0.5945008669804297,-0.1213136038975437,-3.756468926324752,57653.74214468798,62548.87119470865,67830.10305715566,62548.87119470865
2023-12-07,74.05000305175781,2029.9000244140625,83.28959655761719,320.2429504394531,23.73200035095215,20901.150390625,4.129000186920166,,53.02999877929688,62285.0,73566.0,pdf,604.0423000000001,4666.491687144786,8.098945675245204,6202.955364502515,0,,-0.0295481697088151,-0.0315739870638265,-0.3364737412269614,57618.508312855214,62510.6458111165,67363.04463549748,62510.6458111165
2023-12-08,75.83999633789062,1998.300048828125,83.35489654541016,321.9342041015625,22.97100067138672,20969.400390625,4.244999885559082,,52.93999862670898,62407.0,73600.0,pdf,606.85879,5640.983485150595,9.937254419948548,8345.925456026933,0,,-1.5567257109156851,0.0784011335050571,2.417276451537332,56766.016514849405,61585.77263403472,65254.07454397307,61585.77263403472
2023-12-11,76.02999877929688,1978.0,83.43009948730469,316.6117553710937,22.77300071716309,20997.099609375,4.238999843597412,,52.02000045776367,61595.0,71688.0,pdf,606.85879,5354.9559557471,9.521606973731231,6938.022075174173,0,,-1.0158659026220709,0.0902201850296435,0.2505306574116073,56240.0440442529,61015.14212348191,64749.97792482583,61015.14212348191
2023-12-12,73.23999786376953,1977.800048828125,83.34349822998047,313.3287353515625,22.72800064086914,20906.400390625,4.205999851226807,,51.84999847412109,61354.0,71642.0,pdf,606.85879,5178.012937165324,9.21748456573366,7087.048111811579,0,,-0.0101087548976197,-0.103800975734658,-3.6696053667267248,56175.987062834676,60945.6463417546,64554.95188818842,60945.6463417546
2023-12-13,74.26000213623047,1982.300048828125,83.39600372314453,318.0542907714844,22.638999938964844,20926.349609375,4.0329999923706055,,51.83000183105469,61023.0,70818.0,pdf,606.85879,4683.727446233534,8.31343259138409,6475.3295420106515,0,,0.2275255278038068,0.0629989072683079,1.392687468885789,56339.27255376647,61122.79569512398,64342.67045798935,61122.79569512398
2023-12-14,76.61000061035156,2030.199951171875,83.2853012084961,322.5311279296875,24.09600067138672,21182.69921875,3.930000066757202,,52.79999923706055,62454.0,73694.0,pdf,606.85879,4829.9501941475755,8.381830521146458,5301.271391748174,0,,2.416380021383091,-0.1327431887695018,3.1645548162118287,57624.049805852424,62516.657808236116,68392.72860825183,62516.657808236116
2023-12-15,76.55000305175781,2021.0999755859373,83.29660034179688,314.57232666015625,23.8700008392334,21456.650390625,3.927999973297119,,52.810001373291016,62365.0,74135.0,pdf,615.97057,4991.456079788739,8.699926375003608,6374.544897911197,0,,-0.4482305095458549,0.0135667796559824,-0.078315569920051,57373.54392021126,62244.88255494617,67760.4551020888,62244.88255494617
2023-12-18,77.94999694824219,2026.300048828125,83.04170227050781,315.1194763183594,23.83099937438965,21418.650390625,3.953999996185303,,52.4900016784668,61872.0,73674.0,pdf,615.97057,4526.862093516589,7.894064359734994,6231.276186020012,0,,0.2572892635199775,-0.3060125746346398,1.8288619734447176,57345.13790648341,62214.06470986407,67442.72381397999,62214.06470986407
2023-12-19,79.2300033569336,2038.4000244140625,83.11119842529297,313.7763977050781,24.040000915527344,21453.099609375,3.921999931335449,,52.59000015258789,62023.0,73465.0,pdf,615.97057,4287.150004613264,7.425455769605574,5373.856449959174,0,,0.5971462909915681,0.0836882588928222,1.6420865411211238,57735.849995386736,62637.950466693146,68091.14355004083,62637.950466693146
2023-12-20,79.69999694824219,2034.5,83.09159851074219,320.5911865234375,24.347000122070312,21150.150390625,3.877000093460083,,52.83000183105469,62449.0,74040.0,pdf,615.97057,4837.204349892687,8.396204796792645,5095.571603546196,0,,-0.1913277260278456,-0.0235827601119176,0.5932015289602521,57611.79565010731,62503.36320530509,68944.4283964538,62503.36320530509
2023-12-21,79.38999938964844,2039.0999755859373,83.26719665527344,325.51568603515625,24.30699920654297,21255.05078125,3.8940000534057617,,52.86000061035156,62385.0,74425.0,pdf,615.97057,4520.918148475204,7.812995564460118,5448.382448514283,0,,0.2260985788123726,0.2113308056151508,-0.3889555463785887,57864.081851524796,62777.069933258026,68976.61755148572,62777.069933258026
2023-12-22,79.06999969482422,2057.10009765625,83.13159942626953,331.98223876953125,24.290000915527344,21349.400390625,3.901000022888184,,53.18999862670898,,,,620.4413000000001,,,,0,,0.8827483833959704,-0.1628459158596107,-0.40307305363948,58279.81499702133,63228.1011760137,68816.13399597279,63228.1011760137
2023-12-25,,,83.16500091552734,,,,,,,62661.0,74709.0,pdf,620.4413000000001,,,,0,,,0.0401790528371082,,,,,
2023-12-26,81.06999969482422,2058.199951171875,83.17230224609375,341.5328063964844,24.143999099731445,21441.349609375,3.885999917984009,,53.459999084472656,63031.0,74693.0,pdf,620.4413000000001,4691.474825319223,8.041674681567878,6257.013375169481,0,,,0.0087793308315209,,58339.52517468078,63292.88108573857,68435.98662483052,63292.88108573857
2023-12-27,79.6500015258789,2081.89990234375,83.18280029296875,350.3372497558594,24.375,21654.75,3.7890000343322754,,53.630001068115234,63187.0,74357.0,pdf,620.4413000000001,4168.253031006803,7.062591540950009,5257.522366628196,0,,1.151489249544535,0.0126220467529414,-1.75157046292177,59018.7469689932,64029.77265503978,69099.4776333718,64029.77265503978
2023-12-28,78.38999938964844,2073.89990234375,83.26719665527344,343.6717529296875,24.13400077819824,21778.69921875,3.849999904632568,,53.84000015258789,,,,620.4413000000001,,,,0,,-0.3842643919140354,0.1014589097835694,-1.5819235556713496,58851.60862041828,63848.44331460473,68485.69531433312,63848.44331460473
2023-12-29,77.04000091552734,2062.39990234375,82.302001953125,352.2771911621094,23.85300064086914,21731.400390625,3.865999937057495,,53.65999984741211,63332.0,73758.0,pdf,623.20044,5485.127706441606,9.48215087344041,6854.317531703302,0,,-0.5545108511265995,-1.1591535933944686,-1.722156505462813,57846.872293558394,62758.39918640768,66903.6824682967,62758.39918640768
2024-01-01,,,83.24859619140625,360.4349670410156,,21741.900390625,,,53.7400016784668,63302.0,73624.0,pdf,623.20044,,,,0,,,1.150147281739744,,,,,
2024-01-02,75.88999938964844,2064.39990234375,83.20259857177734,360.83294677734375,23.732999801635746,21665.80078125,3.946000099182129,,54.0099983215332,63544.0,74142.0,pdf,623.20044,5007.422911150577,8.5543486827904,6846.483716509581,0,,,-0.0552533276635069,,58536.57708884942,63506.663822808325,67295.51628349042,63506.663822808325
2024-01-03,78.25,2034.199951171875,83.25700378417969,357.7489318847656,22.94599914550781,21517.349609375,3.9070000648498535,,53.52999877929688,63344.0,73263.0,pdf,623.20044,5626.033657162494,9.747456491700621,8156.499254081144,0,,-1.462892491788459,0.06538883801257,3.1097649615654976,57717.966342837506,62618.54839081426,65106.50074591886,62618.54839081426
2024-01-04,77.58999633789062,2042.300048828125,83.31809997558594,361.9272766113281,22.98900032043457,21658.599609375,3.990999937057495,,53.290000915527344,62809.0,71744.0,pdf,623.20044,4818.67954496757,8.309454935163068,6467.622207823908,0,,0.3981957452896312,0.0733826448578778,-0.84345515924521,57990.32045503243,62914.02690876159,65276.37779217609,62914.02690876159
2024-01-05,78.76000213623047,2042.4000244140625,83.2406005859375,355.9084167480469,23.121999740600582,21710.80078125,4.041999816894531,,53.13999938964844,62655.0,71793.0,pdf,617.30287,4715.783850982174,8.139191663990289,6200.04442056964,0,,0.0048952447508909,-0.0930162709797066,1.507933823381924,57939.216149017826,62858.58355789669,65592.95557943036,62858.58355789669
2024-01-08,76.12000274658203,2026.5999755859373,83.19110107421875,370.4332885742188,23.1200008392334,21513.0,4.001999855041504,,52.84999847412109,62317.0,71573.0,pdf,617.30287,4860.190184275816,8.4588584014035,6024.716808338329,0,,-0.7736020681187505,-0.0594655869495364,-3.351954441395333,57456.809815724184,62335.21819630453,65548.28319166167,62335.21819630453
2024-01-09,77.58999633789062,2026.4000244140625,83.05069732666016,380.33203125,22.90399932861328,21544.849609375,4.019000053405762,,53.02000045776367,62322.0,71719.0,pdf,617.30287,4967.820825382994,8.661654472045138,6892.703835281223,0,,-0.0098663364395457,-0.1687725558931263,1.931152835349304,57354.179174617006,62223.8736328392,64826.29616471878,62223.8736328392
2024-01-10,76.80000305175781,2021.699951171875,83.131103515625,378.193115234375,22.88400077819824,21618.69921875,4.03000020980835,,52.91999816894531,62247.0,71295.0,pdf,617.30287,4970.45016042974,8.67798457545332,6462.599408533344,0,,-0.2319420245539438,0.0968157902980548,-1.018163839952424,57276.54983957026,62139.65312783565,64832.400591466656,62139.65312783565
2024-01-11,77.41000366210938,2014.300048828125,83.02559661865234,388.6888122558594,22.53700065612793,21647.19921875,3.9769999980926514,,52.84000015258789,62278.0,71488.0,pdf,617.30287,5283.523133309194,9.270237089231072,7719.716655740369,0,,-0.3660237682382439,-0.1269162714203853,0.7942715965004066,56994.476866690806,61833.630562919265,63768.28334425963,61833.630562919265
2024-01-12,78.29000091552734,2046.699951171875,83.07610321044922,387.3954772949219,23.16200065612793,21894.55078125,3.950000047683716,,52.9900016784668,62333.0,71238.0,pdf,618.93712,4386.541316109557,7.569990325101693,5661.415934119475,0,,1.6084943433625654,0.0608325550840227,1.1368004286101296,57946.45868389044,62866.44102497547,65576.58406588052,62866.44102497547
2024-01-15,,,82.87210083007812,387.3954772949219,,22097.44921875,,,53.25,62723.0,72146.0,pdf,618.93712,,,,0,,,-0.2455608441988555,,,,,
2024-01-16,78.29000091552734,2026.0,82.8593978881836,366.0061645507813,22.933000564575195,22032.30078125,4.065999984741211,,53.04999923706055,62661.0,71714.0,pdf,618.93712,5450.226765879219,9.526574205832752,6955.1305588413015,0,,,-0.0153283695807027,,57210.77323412078,62068.291716263106,64758.8694411587,62068.291716263106
2024-01-17,77.87999725341797,2002.5999755859373,83.08899688720703,360.2857666015625,22.516000747680664,21571.94921875,4.105999946594238,,52.66999816894531,62101.0,71010.0,pdf,618.93712,5394.306371936378,9.512644851624334,7252.486183272849,0,,-1.1549863975351626,0.2770946988213341,-0.5236986298566504,56706.69362806362,61521.4128983709,63757.51381672715,61521.4128983709
2024-01-18,79.0999984741211,2018.5999755859373,83.17759704589844,360.0868225097656,22.66699981689453,21462.25,4.144000053405762,,52.4900016784668,61982.0,71075.0,pdf,618.93712,4761.290726729669,8.320922245110694,6821.466743946716,0,,0.7989613599849621,0.1066328419052631,1.5665142061231707,57220.70927327033,62079.071381378184,64253.533256053284,62079.071381378184
2024-01-19,78.55999755859375,2026.5,83.16059875488281,362.7231750488281,22.57099914550781,21622.400390625,4.145999908447266,,52.84000015258789,,,,616.14256,,,,0,,0.3913615629451028,-0.0204361410034992,-0.6826813223062334,57432.9096659142,62309.28878849182,63968.32741146689,62309.28878849182
2024-01-22,80.05999755859375,2019.800048828125,83.12470245361328,,22.163000106811523,,4.093999862670898,,,62207.0,71073.0,pdf,616.14256,4988.682203253855,8.718680302652219,8288.092940678915,0,,-0.3306168848692281,-0.0431650346522149,1.9093686947752708,57218.317796746145,62076.476854960434,62784.907059321085,62076.476854960434
2024-01-23,79.55000305175781,2023.699951171875,83.09510040283203,350.3372497558594,22.333999633789062,21238.80078125,4.142000198364258,,52.86000061035156,62476.0,70500.0,pdf,616.14256,5167.6187356718,9.017212878229387,7253.204671998115,0,,0.1930835849822232,-0.0356116171336351,-0.6370153914415089,57308.3812643282,62174.18722073342,63246.795328001885,62174.18722073342
2024-01-24,80.04000091552734,2013.9000244140625,83.22139739990234,359.6391296386719,22.7549991607666,21453.94921875,4.177999973297119,,52.90999984741211,62435.0,70475.0,pdf,616.14256,5317.457372719509,9.309674625567284,5938.050856908136,0,,-0.4842578936733011,0.1519909073556036,0.6159620929878873,57117.54262728049,61967.14530318166,64536.949143091864,61967.14530318166
2024-01-25,82.43000030517578,2016.9000244140625,83.09760284423828,353.1228332519531,22.808000564575195,21352.599609375,4.131999969482422,,52.720001220703125,,,,616.14256,,,,0,,0.1489646935613375,-0.1487532768395971,2.9860061997885268,57117.536816632186,61967.138999176415,64591.04547531326,61967.138999176415
2024-01-26,83.55000305175781,2016.800048828125,83.14610290527344,,22.7549991607666,,4.159999847412109,,,62273.0,71019.0,pdf,616.73316,5124.959341174712,8.967865358273261,6540.440611495775,0,,-0.0049568934864074,0.0583651746562052,1.35873194520868,57148.04065882529,62000.23279023497,64478.559388504225,62000.23279023497
2024-01-29,82.4000015258789,2025.199951171875,83.12129974365234,353.1228332519531,23.13800048828125,21737.599609375,4.091000080108643,,52.970001220703125,62497.0,71354.0,pdf,616.73316,5128.0584618712455,8.938736404022753,5809.726381323257,0,,0.4164965361157513,-0.0298308167844596,-1.376423080638911,57368.941538128754,62239.88940457364,65544.27361867674,62239.88940457364
2024-01-30,82.87000274658203,2031.5,83.1530990600586,365.5087585449219,23.10700035095215,21522.099609375,4.059000015258789,,53.130001068115234,62678.0,71795.0,pdf,616.73316,5108.577914080539,8.87376966622358,6313.5007953013555,0,,0.3110828056498649,0.0382565196938911,0.5703898203879509,57569.42208591946,62457.391885667326,65481.499204698644,62457.391885667326
2024-01-31,81.70999908447266,2048.39990234375,83.10970306396484,348.39727783203125,23.051000595092773,21725.69921875,3.9670000076293945,,53.34999847412109,62715.0,71630.0,pdf,616.73316,4696.956339818258,8.095682038727233,6341.285750074312,0,,0.8318928055008667,-0.0521880682551656,-1.3997871650332727,58018.04366018174,62944.10397095188,65288.71424992569,62944.10397095188
2024-02-01,78.69999694824219,2053.0,83.05359649658203,332.3304138183594,23.1299991607666,21697.44921875,3.86299991607666,,53.459999084472656,62775.0,71153.0,pdf,616.73316,4665.920435342683,8.029589300499875,5684.760274552202,0,,0.2245702926946258,-0.0675090456521476,-3.683762293423476,58109.07956465732,63042.86933901501,65468.2397254478,63042.86933901501
2024-02-02,77.33000183105469,2036.0999755859373,82.92759704589844,346.1091003417969,22.701000213623047,21853.80078125,4.0329999923706055,,53.58000183105469,63153.0,71777.0,pdf,622.46942,5609.69747141398,9.74865401343141,7620.497929511555,0,,-0.8231867712646168,-0.1517086026356251,-1.74078166494529,57543.30252858602,62429.05463006973,64156.502070488445,62429.05463006973
2024-02-05,77.98999786376953,2025.699951171875,82.99929809570312,338.1005859375,22.334999084472656,21771.69921875,4.164000034332275,,52.97999954223633,62625.0,70545.0,pdf,622.46942,5326.118991190167,9.295328106619158,7368.296355774546,0,,-0.5107816187203462,0.0864622301367301,0.8534799134710447,57298.88100880983,62163.88033974651,63176.703644225454,62163.88033974651
2024-02-06,78.58999633789062,2034.5,83.10369873046875,328.30126953125,22.39299964904785,21929.400390625,4.090000152587891,,52.93999862670898,62557.0,70196.0,pdf,622.46942,4936.814628203581,8.567856205856678,6775.562997851601,0,,0.4344201530455782,0.125784961030928,0.7693274657721627,57620.18537179642,62512.465261854595,63420.4370021484,62512.465261854595
2024-02-07,79.20999908447266,2035.199951171875,83.07060241699219,335.5139465332031,22.277999877929688,21930.5,4.110000133514404,,53.209999084472656,62636.0,69749.0,pdf,622.46942,5018.946246610954,8.710869299379507,6679.387810516011,0,,0.0344040880744689,-0.03982531942881,0.788907972353603,57617.053753389046,62509.067751318296,63069.61218948399,62509.067751318296
2024-02-08,81.62999725341797,2032.199951171875,83.01260375976562,350.2377319335937,22.565000534057617,21717.94921875,4.170000076293945,,53.04999923706055,62632.0,69903.0,pdf,622.46942,5140.045118497699,8.9404598071016,6065.482837526899,0,,-0.1474056639138909,-0.0698185104466064,3.055167525459157,57491.9548815023,62373.347277101544,63837.5171624731,62373.347277101544
2024-02-09,82.19000244140625,2023.300048828125,82.98529815673828,356.1073913574219,22.527999877929688,21782.5,4.186999797821045,,53.04999923706055,62642.0,70583.0,pdf,617.2295300000001,5420.656009356564,9.47313647551327,6871.1233960918835,0,,-0.4379442258434229,-0.0328933219663429,0.6860286742994326,57221.343990643436,62079.759989849,63711.87660390812,62079.759989849
2024-02-12,82.0,2018.199951171875,83.0145034790039,362.0267333984375,22.708999633789062,21616.05078125,4.171999931335449,,52.790000915527344,62380.0,70855.0,pdf,617.2295300000001,5282.805510647959,9.252303126089917,6608.631943346787,0,,-0.2520682811827157,0.0351933690838413,-0.2311746389613511,57097.19448935204,61945.06949316494,64246.36805665321,61945.06949316494
2024-02-13,82.7699966430664,1992.9000244140625,82.99019622802734,364.6133728027344,22.09600067138672,21743.25,4.315999984741211,,52.810001373291016,62352.0,70884.0,pdf,617.2295300000001,5987.078388508897,10.62199363954817,8390.180414828304,0,,-1.2535887112236854,-0.0292807280148466,0.9390202964224548,56364.9216114911,61150.62250303279,62493.819585171696,61150.62250303279
2024-02-14,81.5999984741211,1990.300048828125,83.07460021972656,362.3749694824219,22.33099937438965,21840.05078125,4.267000198364258,,52.09999847412109,61529.0,69040.0,pdf,617.2295300000001,5180.362796431051,9.193412748769978,5817.302352904109,0,,-0.1304619175114929,0.1017035692593149,-1.4135534812098172,56348.63720356895,61132.955456702155,63222.69764709589,61132.955456702155
2024-02-15,82.86000061035156,2002.0999755859373,83.04309844970703,389.6339111328125,22.91200065612793,21910.75,4.239999771118164,,52.16999816894531,61454.0,69891.0,pdf,617.2295300000001,4792.781647897056,8.458663239667482,5047.990765136434,0,,0.5928717514105619,-0.0379198574970152,1.5441202938625942,56661.218352102944,61472.07651407394,64843.009234863566,61472.07651407394
2024-02-16,83.47000122070312,2011.5,83.00959777832031,382.6202087402344,23.43899917602539,22040.69921875,4.295000076293945,,52.34999847412109,61684.0,70936.0,pdf,616.0972399999999,4779.717752999888,8.399574802214232,4628.298051217906,0,,0.469508242779515,-0.040341307118985,0.7361822421654063,56904.28224700011,61735.77790948124,66307.7019487821,61735.77790948124
2024-02-19,,,83.01599884033203,372.2239685058594,,22122.25,,,52.63999938964844,62077.0,71240.0,pdf,616.0972399999999,,,,0,,,0.0077112312106608,,,,,
2024-02-20,82.33999633789062,2027.5,83.02100372314453,362.6734008789063,23.106000900268555,22196.94921875,4.275000095367432,,52.560001373291016,61990.0,70802.0,pdf,616.0972399999999,4625.204992494058,8.062793551147301,5427.351167094799,0,,,0.0060288171947808,,57364.79500750594,62235.390810030025,65374.6488329052,62235.390810030025
2024-02-21,83.02999877929688,2022.300048828125,82.8291015625,374.3132019042969,22.85099983215332,22055.05078125,4.324999809265137,,52.63999938964844,62226.0,70950.0,pdf,616.0972399999999,5140.587135760441,9.005080068328098,6446.28006313683,0,,-0.2564710812268833,-0.2311489286307311,0.837991829116369,57085.41286423956,61932.28754139196,64503.71993686317,61932.28754139196
2024-02-22,83.66999816894531,2019.699951171875,82.93840026855469,381.87408447265625,22.76499938964844,22217.44921875,4.327000141143799,,52.720001220703125,62257.0,70310.0,pdf,616.0972399999999,5169.751313828434,9.055877508212653,5964.245040539179,0,,-0.1285713095718232,0.1319568895386647,0.7708050091023377,57087.248686171566,61934.27923499745,64345.75495946082,61934.27923499745
2024-02-23,81.62000274658203,2038.5999755859373,82.87229919433594,382.6699523925781,22.9689998626709,22212.69921875,4.260000228881836,,52.43999862670898,62027.0,69393.0,pdf,619.0720699999999,4451.461831889283,7.731515802582297,4522.375840572306,0,,0.9357837733815932,-0.0796989982983942,-2.4500961721356296,57575.53816811072,62464.02725785596,64870.624159427694,62464.02725785596
2024-02-26,82.52999877929688,2028.5,82.88179779052734,377.397216796875,22.51700019836425,22122.05078125,4.298999786376953,,52.709999084472656,62244.0,69739.0,pdf,619.0720699999999,4947.145810867005,8.634236348363586,6137.655304789012,0,,-0.4954368540613041,0.0114617263956118,1.1149179148403745,57296.854189132995,62161.68143160654,63601.34469521099,62161.68143160654
2024-02-27,83.6500015258789,2034.0,82.85199737548828,368.5927734375,22.52300071716309,22198.349609375,4.315000057220459,,52.790000915527344,62240.0,69400.0,pdf,619.0720699999999,4808.450360426388,8.372489320944759,5804.580446415748,0,,0.2711363076164597,-0.0359553193022943,1.3570856211656546,57431.54963957361,62307.81328821665,63595.41955358425,62307.81328821665
2024-02-28,83.68000030517578,2033.0,82.94819641113281,376.5516357421875,22.40999984741211,21951.150390625,4.27400016784668,,52.59999847412109,62251.0,69436.0,pdf,619.0720699999999,4781.035429433025,8.31918979793771,6086.177213124189,0,,-0.0491642084562427,0.116109494872596,0.0358622579194944,57469.964570566975,62349.48986429435,63349.82278687581,62349.48986429435
2024-02-29,83.62000274658203,2045.699951171875,82.91190338134766,394.8071594238281,22.666000366210938,21982.80078125,4.251999855041504,,52.77999877929688,62282.0,69529.0,pdf,619.0720699999999,4478.328612304875,7.747481266835575,5483.535459058818,0,,0.6246901707759545,-0.0437538504216128,-0.0716988030293297,57803.671387695125,62711.53027910319,64045.46454094118,62711.53027910319
2024-03-01,83.55000305175781,2086.89990234375,82.910400390625,397.393798828125,23.14999961853028,22338.75,4.179999828338623,,52.900001525878906,62592.0,69977.0,pdf,625.62583,3625.2442113636353,6.147945843176716,4565.124112718149,0,,2.01397820576148,-0.0018127562646186,-0.0837116629096024,58966.755788636365,63973.36712918096,65411.87588728185,63973.36712918096
2024-03-04,82.80000305175781,2117.699951171875,82.84609985351562,406.8448486328125,23.77899932861328,22405.599609375,4.218999862670898,,53.88999938964844,,,,625.62583,,,,0,,1.4758757137097955,-0.0775542474845458,-0.8976660354343635,59790.62565674106,64867.188212502086,67137.04869106934,64867.188212502086
2024-03-05,82.04000091552734,2133.5,82.9104995727539,401.1741943359375,23.76300048828125,22356.30078125,4.13700008392334,,54.619998931884766,64404.0,72038.0,pdf,625.62583,4120.455097085956,6.835124085224089,4893.96873853897,0,,0.746094781717388,0.0777341593052094,-0.9178769422935829,60283.54490291404,65401.9590927841,67144.03126146103,65401.9590927841
2024-03-06,82.95999908447266,2150.300048828125,82.88480377197266,403.5618591308594,24.27199935913086,22474.05078125,4.104000091552734,,54.720001220703125,64556.0,71713.0,pdf,625.62583,3816.588212303657,6.283544901033703,3152.011742179893,0,,0.7874407700082076,-0.0309922155983466,1.1214019486574411,60739.41178769634,65896.531656463,68560.9882578201,65896.531656463
2024-03-07,82.95999908447266,2158.0,82.81909942626953,407.3423156738281,24.3700008392334,22493.55078125,4.0920000076293945,,55.43999862670898,,,,625.62583,,,,0,,0.3580872900073251,-0.0792718842453799,0.0,60908.59020869132,66080.07428301415,68783.24348944997,66080.07428301415
2024-03-08,82.08000183105469,2178.60009765625,82.7522964477539,,24.339000701904297,,4.089000225067139,,,65049.0,72121.0,pdf,636.09547,3608.5798576697343,5.873299448978786,3480.663915455196,0,,0.9545921064064044,-0.0806613196453476,-1.0607488706960155,61440.420142330266,66657.05958837717,68640.3360845448,66657.05958837717
2024-03-11,82.20999908447266,2182.5,82.7520980834961,394.2599792480469,24.511999130249023,22332.650390625,4.104000091552734,,56.0099983215332,65635.0,72539.0,pdf,636.09547,4084.743176406497,6.636435633588988,3410.9431053137378,0,,0.1790095551701176,-0.0002397084628791,0.1583787165179817,61550.2568235935,66776.22202559671,69128.05689468626,66776.22202559671
2024-03-12,81.91999816894531,2160.39990234375,82.7782974243164,379.5361633300781,24.194000244140625,22335.69921875,4.15500020980835,,55.93999862670898,65615.0,72766.0,pdf,636.09547,4668.714465582474,7.6603757302747555,4513.15266837932,0,,-1.0126047036082442,0.0316600321044191,-0.3527562568506504,60946.285534417526,66120.9701552643,68252.84733162068,66120.9701552643
2024-03-13,84.02999877929688,2175.39990234375,82.83509826660156,388.0919189453125,24.958999633789062,21997.69921875,4.191999912261963,,55.470001220703125,65334.0,72149.0,pdf,636.09547,3922.444207054519,6.387143521130434,1689.7250457649934,0,,0.6943158988170106,0.0686180364328992,2.5756843963790965,61411.55579294548,66625.74449234651,70459.274954235,66625.74449234651
2024-03-14,85.41999816894531,2163.0,82.83110046386719,383.8140258789063,24.874000549316406,22146.650390625,4.297999858856201,,55.84000015258789,65467.0,73576.0,pdf,636.09547,4408.440506198531,7.220020489749788,3360.066463740819,0,,-0.5700056495539285,-0.0048262183760638,1.6541704270390811,61058.55949380147,66242.77680931291,70215.93353625918,66242.77680931291
2024-03-15,85.33999633789062,2157.300048828125,82.9655990600586,368.1450805664063,25.200000762939453,22023.349609375,4.303999900817871,,55.72999954223633,65534.0,74125.0,pdf,642.49153,4537.458659791271,7.4388785988431,2873.303271725774,0,,-0.2635206274560819,0.162376927794261,-0.0936570273584624,60996.54134020873,66175.492963434,71251.69672827423,66175.492963434
2024-03-18,86.88999938964844,2160.699951171875,82.88890075683594,371.1794128417969,25.090999603271484,22055.69921875,4.340000152587891,,55.5,65270.0,73772.0,pdf,642.49153,4233.805858805281,6.936549564363792,2894.082769922912,0,,0.15759988257531,-0.0924459102225383,1.8162680082863147,61036.19414119472,66218.5125116735,70877.91723007709,66218.5125116735
2024-03-19,87.37999725341797,2156.300048828125,82.86360168457031,364.9118041992188,24.964000701904297,21817.44921875,4.296999931335449,,55.61000061035156,65559.0,73616.0,pdf,642.49153,4665.6871380956945,7.66206816284849,3118.3572506988858,0,,-0.2036331949451741,-0.0305216645831052,0.5639289529421943,60893.312861904305,66063.49980300938,70497.64274930111,66063.49980300938
2024-03-20,85.94999694824219,2157.89990234375,83.04239654541016,365.85693359375,24.933000564575195,21839.099609375,4.2729997634887695,,55.720001220703125,65795.0,73859.0,pdf,642.49153,4725.020685943564,7.7370595815086665,3296.9768467403337,0,,0.0741943829428715,0.2157700814411134,-1.6365304991124208,61069.979314056436,66255.16623694802,70562.02315325967,66255.16623694802
2024-03-21,85.77999877929688,2182.39990234375,83.05460357666016,376.3028869628906,24.849000930786133,22011.94921875,4.270999908447266,,56.70000076293945,66968.0,75448.0,pdf,642.49153,5195.575591494162,8.410833217643228,5113.363805441462,0,,1.1353631358614005,0.0146997579041796,-0.1977872890998266,61772.42440850584,67017.25289602048,70334.63619455854,67017.25289602048
2024-03-22,85.43000030517578,2158.10009765625,83.22660064697266,383.2171325683594,24.691999435424805,22096.75,4.2179999351501465,,55.9900016784668,,,,642.6314699999999,,,,0,,-1.11344417956597,0.2070891472665259,-0.40801874458124,61211.122569118976,66408.29335328944,70034.9814894985,66408.29335328944
2024-03-25,86.75,2174.800048828125,83.59359741210938,,24.7450008392334,,4.252999782562256,,,66245.0,73787.0,pdf,642.6314699999999,4288.203717398828,6.921280593398032,3292.198565942206,0,,0.7738265333480765,0.4409608974580425,1.5451243007244209,61956.79628260117,67217.27898584088,70494.8014340578,67217.27898584088
2024-03-26,86.25,2175.60009765625,83.41739654541016,398.78656005859375,24.482999801635746,22004.69921875,4.234000205993652,,56.29999923706055,66243.0,73903.0,pdf,642.6314699999999,4394.053793094048,7.104492578409388,4301.617864269239,0,,0.0367872360751642,-0.210782729962633,-0.5763688760806907,61848.94620690595,67100.27182824702,69601.38213573076,67100.27182824702
2024-03-27,86.08999633789062,2190.60009765625,83.34549713134766,413.012939453125,24.625,22123.650390625,4.196000099182129,,56.220001220703125,66420.0,73801.0,pdf,642.6314699999999,4198.30359784358,6.747330658921218,3856.2722725416097,0,,0.6894649442312106,-0.0861923496058292,-0.1855114923007272,62221.69640215642,67504.67062498101,69944.72772745839,67504.67062498101
2024-03-28,87.4800033569336,2217.39990234375,83.36499786376953,425.5978088378906,24.79700088500977,22326.900390625,4.205999851226807,,56.61000061035156,,,,642.6314699999999,,,,0,,1.2234001411838502,0.0233974636819844,1.6145976050311317,62997.65312885369,68346.51046998278,70449.75778787385,68346.51046998278
2024-03-29,,,83.39299774169922,,,,,,,66971.0,74011.0,pdf,645.58259,,,,0,,,0.0335870912819391,,,,,
2024-04-01,87.41999816894531,2236.5,83.36479949951172,423.7076110839844,24.95400047302246,22462.0,4.328999996185303,,58.31999969482422,68964.0,75400.0,pdf,645.58259,5423.852902246552,8.536103786323025,4504.365717270004,0,,,-0.0338136809457823,,63540.14709775345,68935.0652475627,70895.63428273,68935.0652475627
2024-04-02,88.91999816894531,2261.0,83.40969848632812,426.3937377929688,25.804000854492188,22453.30078125,4.364999771118164,,58.63999938964844,68817.0,75722.0,pdf,645.58259,4546.198330013285,7.073504938302763,2371.98579339961,0,,1.095461658841934,0.0538584475533676,1.7158545314782003,64270.801669986715,69727.75652875916,73350.01420660039,69727.75652875916
2024-04-03,89.3499984741211,2294.39990234375,83.35030364990234,426.6424255371094,26.94499969482422,22434.650390625,4.355000019073486,,58.77000045776367,69526.0,77664.0,pdf,645.58259,4352.220757169671,6.677870775229675,1125.1429326367797,0,,1.4772181487726632,-0.0712085494896208,0.4835810998992551,65173.77924283033,70707.402008731,76538.85706736322,70707.402008731
2024-04-04,90.6500015258789,2288.800048828125,83.37329864501953,428.7316284179688,27.13999938964844,22514.650390625,4.309000015258789,,59.18000030517578,69936.0,79063.0,pdf,645.58259,4903.351388022726,7.539830366250314,1948.9661838977627,0,,-0.2440661503648411,0.0275883759389472,1.4549558746040026,65032.648611977274,70554.2885884659,77114.03381610224,70554.2885884659
2024-04-05,91.16999816894533,2325.699951171875,83.47779846191406,428.283935546875,27.39999961853028,22513.69921875,4.377999782562256,,59.02999877929688,69667.0,79224.0,pdf,648.56222,3503.0729450969375,5.294536012335052,1273.636061120953,0,,1.6121942308871873,0.1253396694059771,0.5736311465123878,66163.92705490306,71781.61897465897,77950.36393887905,71781.61897465897
2024-04-08,90.37999725341795,2331.699951171875,83.29679870605469,431.21875,27.71199989318848,22666.30078125,4.423999786376953,,60.209999084472656,71064.0,81383.0,pdf,648.56222,4873.207978451901,7.36236541310074,2715.9647963786265,0,,0.2579868480874658,-0.2168238252497234,-0.8665141289828759,66190.7920215481,71810.76492903802,78667.03520362137,71810.76492903802
2024-04-09,89.41999816894531,2343.5,83.26959991455078,423.5086669921875,27.891000747680664,22642.75,4.366000175476074,,60.54999923706055,71507.0,81700.0,pdf,648.56222,5002.958382903933,7.522788482103067,2550.68169548914,0,,0.5060706383852809,-0.0326528653278646,-1.062180917953448,66504.04161709607,72150.61118835893,79149.31830451086,72150.61118835893
2024-04-10,90.4800033569336,2329.60009765625,83.22429656982422,415.7985534667969,27.961000442504883,22753.80078125,4.559999942779541,,60.619998931884766,,,,648.56222,,,,0,,-0.593125766748448,-0.0544056231482459,1.185422958727389,66073.62167647414,71683.64615843892,79304.79427745988,71683.64615843892
2024-04-11,89.73999786376953,2354.800048828125,83.4126968383789,,28.176000595092773,,4.576000213623047,,,72048.0,82468.0,pdf,648.56222,5108.447877835526,7.631434205763171,2372.500538465305,0,,1.0817286278974605,0.2263765226259595,-0.8178663414111775,66939.55212216447,72623.09900046144,80095.4994615347,72623.09900046144
2024-04-12,90.4499969482422,2356.199951171875,83.34929656982422,425.548095703125,28.2549991607666,22519.400390625,4.499000072479248,,61.90999984741211,72967.0,83605.0,pdf,643.16162,6038.562679919691,9.022416960134166,3345.9821110575285,0,,0.0594488837575291,-0.0760079351918463,0.7911735027567923,66928.43732008031,72611.04048876636,80259.01788894247,72611.04048876636
2024-04-15,90.0999984741211,2365.800048828125,83.61109924316406,416.6441650390625,28.650999069213867,22272.5,4.627999782562256,,61.22999954223633,72732.0,83506.0,pdf,643.16162,5319.788759344199,7.891431925223475,1866.5054676370055,0,,0.4074398546471069,0.314103038794733,-0.3869524443669947,67412.2112406558,73135.88955354167,81639.494532363,73135.88955354167
2024-04-16,90.0199966430664,2390.800048828125,83.50599670410156,411.1227111816406,28.31800079345703,22147.900390625,4.658999919891357,,61.88999938964844,,,,643.16162,,,,0,,1.0567249760766284,-0.1257040512729457,-0.0887922668252549,68038.93756569637,73815.82849108567,80589.20230137053,73815.82849108567
2024-04-17,87.29000091552734,2371.699951171875,83.6675033569336,,28.34600067138672,,4.585000038146973,,,73514.0,83632.0,pdf,643.16162,5888.084445837012,8.706846181063714,2807.094355663401,0,,-0.7988998354593546,0.1934072512233209,-3.032654775986743,67625.91555416299,73367.73857291267,80824.9056443366,73367.73857291267
2024-04-18,87.11000061035156,2382.300048828125,83.5958023071289,400.079833984375,28.32900047302246,21995.849609375,4.646999835968018,,61.959999084472656,73333.0,83450.0,pdf,643.16162,5463.049366410385,8.049290319811519,2742.791663721844,0,,0.4469409231556698,-0.085697608901758,-0.2062095352135196,67869.95063358961,73632.49361191325,80707.20833627816,73632.49361191325
2024-04-19,87.29000091552734,2398.39990234375,83.54499816894531,406.4469299316406,28.808000564575195,22147.0,4.614999771118164,,62.2400016784668,73596.0,83113.0,pdf,640.3336800000001,5308.902285373144,7.774385591197847,1091.0341220918926,0,,0.6758113245871167,-0.0607735517591412,0.2066356376013933,68287.09771462686,74085.05884134045,82021.96587790811,74085.05884134045
2024-04-22,87.0,2332.199951171875,83.38529968261719,399.6321716308594,27.21299934387207,22336.400390625,4.623000144958496,,61.7400016784668,73161.0,81939.0,pdf,640.3336800000001,6885.672992059699,10.38949682018882,4606.418397134214,0,,-2.7601715254901182,-0.1911526600373858,-0.3322269589709159,66275.3270079403,71902.47741427485,77332.58160286579,71902.47741427485
2024-04-23,88.41999816894531,2327.699951171875,83.38619995117188,412.5155029296875,27.33099937438965,22368.0,4.5980000495910645,,60.25,,,,640.3336800000001,,,,0,,-0.1929508658868983,0.0010796490006237,1.632181803385424,66148.16235087243,71764.51575802197,77668.74690694298,71764.51575802197
2024-04-24,88.0199966430664,2324.5,83.2833023071289,419.6287231445313,27.323999404907227,22402.400390625,4.651999950408936,,60.72999954223633,72219.0,80800.0,pdf,640.3336800000001,6243.287174852856,9.463008291246805,3246.963305112906,0,,-0.137472665678584,-0.1233988886688908,-0.4523880730178509,65975.71282514714,71577.42429143321,77553.0366948871,71577.42429143321
2024-04-25,89.01000213623047,2329.800048828125,83.3405990600586,415.6492919921875,27.34199905395508,22570.349609375,4.705999851226807,,60.86000061035156,71841.0,80576.0,pdf,640.3336800000001,5669.364118167054,8.567665046533248,2918.4857171848125,0,,0.228008123386747,0.068797407574439,1.1247506599877166,66171.63588183295,71789.98232463007,77657.51428281519,71789.98232463007
2024-04-26,89.5,2334.800048828125,83.30180358886719,417.2410583496094,27.24099922180176,22419.94921875,4.669000148773193,,61.33000183105469,72360.0,81456.0,pdf,637.92164,6077.222051549354,9.168629076282413,4121.364709972986,0,,0.2146106916992796,-0.0465505067505533,0.5504975306253712,66282.77794845065,71910.56098180966,77334.63529002701,71910.56098180966
2024-04-29,88.4000015258789,2345.39990234375,83.40229797363281,409.5309448242188,27.37299919128418,22643.400390625,4.613999843597412,,61.29999923706055,72239.0,80914.0,pdf,637.92164,5574.976332580278,8.36279604182503,3110.881473708665,0,,0.4539940591891556,0.1206389062853974,-1.229048574436975,66664.02366741972,72324.17662031384,77803.11852629134,72324.17662031384
2024-04-30,87.86000061035156,2291.39990234375,83.45110321044922,411.9683532714844,26.391000747680664,22604.849609375,4.685999870300293,,60.880001068115234,,,,637.92164,,,,0,,-2.302379220960915,0.0585178562248156,-0.610860753627096,65167.27722980231,70700.34793799306,75055.8494978072,70700.34793799306
2024-05-01,83.44000244140625,2299.89990234375,83.49839782714844,,26.48900032043457,,4.59499979019165,,,,,,637.92164,,,,0,,0.3709522720720226,0.0566734469404694,-5.03072858893715,65446.08626972187,71002.82944356617,75377.25439281928,71002.82944356617
2024-05-02,83.66999816894531,2299.199951171875,83.40640258789062,409.68017578125,26.58300018310547,22648.19921875,4.571000099182129,,60.84999847412109,71670.0,80119.0,pdf,637.92164,6315.915551963648,9.664148163509951,4557.601437715086,0,,-0.0304339841556422,-0.1101760532558393,0.2756420431561768,65354.08444803635,70903.01614645452,75561.39856228491,70903.01614645452
2024-05-03,82.95999908447266,2299.0,83.40630340576172,404.0095520019531,26.44499969482422,22475.849609375,4.5,,60.47999954223633,71321.0,80227.0,pdf,641.58999,5972.676813980106,9.139755272646159,5057.953166090898,0,,-0.0086965542850259,-0.0001189142869506,-0.8485706944071358,65348.323186019894,70896.76572068196,75169.0468339091,70896.76572068196
2024-05-06,83.33000183105469,2321.60009765625,83.37999725341797,397.99066162109375,27.36899948120117,22442.69921875,4.488999843597412,,60.720001220703125,71621.0,80965.0,pdf,641.58999,5651.0897480734275,8.566162552735008,3194.050503459992,0,,0.9830403504240914,-0.0315397653049998,0.4460013870121626,65969.91025192657,71571.12904690146,77770.94949654001,71571.12904690146
2024-05-07,83.16000366210938,2315.199951171875,83.4728012084961,386.5001525878906,27.30299949645996,22302.5,4.4629998207092285,,60.68000030517578,71775.0,81500.0,pdf,641.58999,5913.730754090313,8.979071951999446,3830.2419237227004,0,,-0.2756782484130804,0.1113024204067336,-0.204005958490161,65861.26924590969,71453.26380452464,77669.7580762773,71453.26380452464
2024-05-08,83.58000183105469,2313.60009765625,83.46990203857422,391.2754211425781,27.36100006103516,22302.5,4.492000102996826,,60.5,71725.0,81663.0,pdf,641.58999,5911.528230497817,8.982246448267764,3830.9491228206025,0,,-0.0691021747307507,-0.0034731911232155,0.5050482809642709,65813.47176950218,71401.4080518184,77832.0508771794,71401.4080518184
2024-05-09,83.87999725341797,2332.10009765625,83.46430206298828,395.1056213378906,28.131999969482425,21957.5,4.448999881744385,,60.41999816894531,71624.0,82296.0,pdf,641.58999,5288.721522844673,7.972713229305298,2276.1048861321324,0,,0.7996196066356154,-0.0067089758693517,0.3589320600514867,66335.27847715533,71967.51910257417,80019.89511386787,71967.51910257417
2024-05-10,82.79000091552734,2367.300048828125,83.45939636230469,408.4366149902344,28.27499961853028,22055.19921875,4.504000186920166,,61.91999816894531,72633.0,84152.0,pdf,644.15095,5300.43644005699,7.872025302197594,3730.0775692334137,0,,1.509367081080737,-0.0058776034332463,-1.2994711177654603,67332.56355994301,73049.47933390042,80421.92243076659,73049.47933390042
2024-05-13,83.36000061035156,2336.10009765625,83.5248031616211,398.0404052734375,28.22100067138672,22104.05078125,4.480999946594238,,61.150001525878906,72490.0,83265.0,pdf,644.15095,5992.776577575816,9.012070383009304,2933.759539355844,0,,-1.317955076599597,0.0783696050621562,0.6884885717126643,66497.22342242418,72143.21409036584,80331.24046064416,72143.21409036584
2024-05-14,82.37999725341797,2353.39990234375,83.50550079345703,395.25482177734375,28.48500061035156,22217.849609375,4.445000171661377,,61.18999862670898,72202.0,84080.0,pdf,644.15095,5227.817783452992,7.805720966550868,3016.0202056522103,0,,0.7405420985537647,-0.0231097439723493,-1.175627818807734,66974.18221654701,72660.66938587646,81063.97979434779,72660.66938587646
2024-05-15,82.75,2388.699951171875,83.52420043945312,407.0438232421875,29.513999938964844,22200.55078125,4.355999946594238,,61.709999084472656,72725.0,84206.0,pdf,644.15095,4731.009380913689,6.957981636079566,194.83593574892438,0,,1.4999596453186603,0.0223933104028128,0.4491414893397216,67993.99061908631,73767.06529429174,84011.16406425108,73767.06529429174
2024-05-16,83.2699966430664,2380.0,83.40509796142578,408.9837951660156,29.665000915527344,22403.849609375,4.376999855041504,,62.0,73476.0,85700.0,pdf,644.15095,5826.256036431601,8.612384460123353,1379.4236716619052,0,,-0.3642128082100404,-0.1425963701546351,0.6283947348234564,67649.7439635684,73393.59014915438,84320.5763283381,73393.59014915438
2024-05-17,83.9800033569336,2412.199951171875,83.47010040283203,412.7642211914063,31.04700088500977,22466.099609375,4.420000076293945,,61.959999084472656,,,,648.70012,,,,0,,1.3529391248686906,0.0779358132716456,0.8526561096316554,68618.44051086994,74444.53451650983,88317.58670063803,74444.53451650983
2024-05-20,83.70999908447266,2433.89990234375,83.30039978027344,,32.20500183105469,,4.436999797821045,,,,,,648.70012,,,,0,,0.8995917258572517,-0.203307078510273,-0.3215101948893184,69094.96519164307,74961.51883999012,91425.43119257869,74961.51883999012
2024-05-21,82.87999725341797,2421.699951171875,83.31500244140625,399.4332275390625,31.86800003051757,22529.05078125,4.414000034332275,,62.630001068115234,74222.0,92444.0,pdf,648.70012,5461.32239622793,7.942508111537768,1959.4098295682488,0,,-0.5012511467758718,0.0175301213095391,-0.9915205353390631,68760.67760377207,74598.84834371497,90484.59017043175,74598.84834371497
2024-05-22,81.9000015258789,2389.199951171875,83.31680297851562,397.741943359375,31.295000076293945,22597.80078125,4.434000015258789,,62.68000030517578,74114.0,93094.0,pdf,648.70012,6274.646967527689,9.249273006073977,4234.4402429512265,0,,-1.3420324835978548,0.0021611199143123,-1.1824273166208932,67839.35303247231,73599.29810126712,88859.55975704877,73599.29810126712
2024-05-23,81.36000061035156,2335.0,83.26709747314453,400.9254760742188,30.28400039672852,22967.650390625,4.474999904632568,,61.619998931884766,72791.0,89410.0,pdf,648.70012,6530.163452415305,9.85523846763649,3472.3897090099344,0,,-2.2685397739645285,-0.0596584405475941,-0.6593417649164657,66260.8365475847,71886.75663181358,85937.61029099007,71886.75663181358
2024-05-24,82.12000274658203,2332.5,83.2863998413086,399.88092041015625,30.32999992370605,22957.099609375,4.4670000076293945,,60.88999938964844,71952.0,89697.0,pdf,646.673,5746.762876318273,8.680223991317215,3608.904098169034,0,,-0.1070663811563177,0.023181266970762,0.9341225793129792,66205.23712368173,71826.43650210752,86088.09590183097,71826.43650210752
2024-05-27,,,83.05220031738281,404.3577270507813,,22932.44921875,,,61.0,72162.0,90590.0,pdf,646.673,,,,0,,,-0.2811977998472992,,,,,
2024-05-28,84.22000122070312,2355.199951171875,83.14569854736328,400.3783264160156,31.97100067138672,22888.150390625,4.541999816894531,,61.119998931884766,72336.0,92522.0,pdf,646.673,5599.3851918801665,8.390274526179429,1929.4218295204773,0,,,0.1125776675671152,,66736.61480811983,72402.93115975264,90592.57817047952,72402.93115975264
2024-05-29,83.5999984741211,2340.300048828125,83.20649719238281,392.7676696777344,32.202999114990234,22704.69921875,4.624000072479248,,61.20000076293945,72625.0,94280.0,pdf,646.673,6262.095629533709,9.43613859118642,2963.309570479032,0,,-0.6326385297492965,0.0731230190878617,-0.7361704317211726,66362.90437046629,71997.49059060021,91316.69042952097,71997.49059060021
2024-05-30,81.86000061035156,2342.89990234375,83.3656005859375,382.868896484375,31.38800048828125,22488.650390625,4.553999900817871,,60.7400016784668,71990.0,92680.0,pdf,646.673,5426.335807893542,8.152099007399642,3504.1746873791853,0,,0.1110906063915617,0.1912151081024715,-2.081337195607913,66563.66419210646,72215.29605747397,89175.82531262081,72215.29605747397
2024-05-31,81.62000274658203,2322.89990234375,83.3208999633789,386.4503784179688,30.29700088500977,22530.69921875,4.513999938964844,,61.290000915527344,72254.0,91793.0,pdf,651.5099799999999,6293.938588450241,9.542044767332733,5762.946059892973,0,,-0.8536429567474357,-0.0536199850350915,-0.2931808721965523,65960.06141154976,71560.4439842285,86030.05394010703,71560.4439842285
2024-06-03,78.36000061035156,2346.60009765625,83.45079803466797,388.9375305175781,30.641000747680664,23263.900390625,4.401999950408936,,60.59000015258789,71405.0,88950.0,pdf,651.5099799999999,4668.076545500517,6.99474339521084,1807.494401810167,0,,1.0202848296901212,0.1559009460365246,-3.994121571341147,66736.92345449948,72403.26601195698,87142.50559818983,72403.26601195698
2024-06-04,77.5199966430664,2325.5,83.09339904785156,376.7008361816406,29.488000869750977,21884.5,4.335999965667725,,60.560001373291016,72527.0,91286.0,pdf,651.5099799999999,6673.4074927498295,10.133703020097377,7781.773247472855,0,,-0.8991773961538829,-0.4282750977024019,-1.0719805522489856,65853.59250725017,71444.9352672997,83504.22675252715,71444.9352672997
2024-06-05,78.41000366210938,2354.10009765625,83.62940216064453,400.477783203125,29.94799995422364,22620.349609375,4.289000034332275,,60.68000030517578,71897.0,88351.0,pdf,651.5099799999999,4803.488716412772,7.159393843779685,2997.0902469671564,0,,1.2298472438722952,0.6450610023598813,1.1480999194839026,67093.51128358723,72790.13016615596,85353.90975303284,72790.13016615596
2024-06-06,79.87000274658203,2370.300048828125,83.38079833984375,397.59271240234375,31.246999740600582,22821.400390625,4.281000137329102,,61.45000076293945,72857.0,90643.0,pdf,651.5099799999999,5502.599048713077,8.16962064987075,1851.5851707384427,0,,0.6881589779467623,-0.2972684419329408,1.862006142435857,67354.40095128692,73073.17084337732,88791.41482926156,73073.17084337732
2024-06-07,79.62000274658203,2305.199951171875,83.47309875488281,405.7505493164063,29.334999084472656,23290.150390625,4.429999828338623,,61.09000015258789,73033.0,92375.0,pdf,655.816763,7455.970352418139,11.36978968472244,8924.447101267127,0,,-2.746491849773846,0.1106974469863741,-0.3130086282746469,65577.02964758186,71144.8906553954,83450.55289873287,71144.8906553954
2024-06-10,81.62999725341797,2307.699951171875,83.52760314941406,407.1433410644531,29.768999099731445,23259.19921875,4.468999862670898,,60.130001068115234,70905.0,88543.0,pdf,655.816763,5213.986303158483,7.937137836265687,3802.532479139307,0,,0.1084504621271076,0.065295760363826,2.524484347524369,65691.01369684152,71268.55259562994,84740.4675208607,71268.55259562994
2024-06-11,81.91999816894531,2307.5,83.52980041503906,406.8448486328125,29.132999420166016,23264.849609375,4.40399980545044,,60.41999816894531,71192.0,87294.0,pdf,655.816763,5504.950206515408,8.380571549221012,4361.788362036721,0,,-0.0086645220828462,0.0026305862279585,0.3552626795111147,65687.04979348459,71264.25213444083,82932.21163796328,71264.25213444083
2024-06-12,82.5999984741211,2336.0,83.5968017578125,402.1193237304688,30.176000595092773,23322.94921875,4.295000076293945,,60.59000015258789,71600.0,88257.0,pdf,655.816763,5048.307540751033,7.585543438797174,2286.798319575013,0,,1.2351029252437806,0.0802125019340627,0.8300785160827218,66551.69245924897,72202.30785673237,85970.20168042499,72202.30785673237
2024-06-13,82.75,2300.199951171875,83.5343017578125,396.3491516113281,28.989999771118164,23398.900390625,4.23799991607666,,60.59000015258789,71501.0,87845.0,pdf,655.816763,6018.2303329313945,9.190555566799693,5315.414835312113,0,,-1.5325363368204226,-0.0747636257438011,0.1815999136197454,65482.769667068605,71042.6274689895,82529.58516468789,71042.6274689895
2024-06-14,82.62000274658203,2331.39990234375,83.52210235595703,398.4383544921875,29.402000427246094,23465.599609375,4.2129998207092285,,60.59999847412109,,,,652.8950060000001,,,,0,,1.3564016969907169,-0.014604062760759,-0.1570963787528301,66361.2862066315,71995.73503549643,83690.25680401245,71995.73503549643
2024-06-17,84.25,2312.39990234375,83.55180358886719,,29.325000762939453,,4.27899980545044,,,71394.0,87555.0,pdf,652.8950060000001,5550.126028545623,8.429221571853134,4054.2330050377786,0,,-0.8149610017955,0.0355609258775313,1.972884530659736,65843.87397145438,71434.39157280428,83500.76699496222,71434.39157280428
2024-06-18,85.33000183105469,2330.39990234375,83.51010131835938,421.8173828125,29.5049991607666,23557.900390625,4.2170000076293945,,60.33000183105469,71597.0,88027.0,pdf,652.8950060000001,5273.709092403529,7.951519021803387,4055.633514795729,0,,0.778412072313106,-0.0499118734923031,1.2819012831509546,66323.29090759647,71954.5137205056,83971.36648520427,71954.5137205056
2024-06-19,,,83.37409973144531,421.3696899414063,,23516.0,,,60.709999084472656,71740.0,88100.0,pdf,652.8950060000001,,,,0,,,-0.1628564506173879,,,,,
2024-06-20,85.70999908447266,2353.800048828125,83.41950225830078,428.9803466796875,30.775999069213867,23567.0,4.254000186920166,,61.02999877929688,72169.0,90050.0,pdf,652.8950060000001,5252.415629065974,7.849198638039601,2556.385606536438,0,,,0.0544563923349228,,66916.58437093403,72598.18115714539,87493.61439346356,72598.18115714539
2024-06-21,85.23999786376953,2316.39990234375,83.60160064697266,450.6681213378906,29.57299995422364,23501.099609375,4.256999969482422,,61.52999877929688,72726.0,90666.0,pdf,653.710553,6728.918016012874,10.195781106876076,6408.886169328151,0,,-1.5889262345370136,0.2182923462046293,-0.548362181453188,65997.08198398713,71600.60781281622,84257.11383067185,71600.60781281622
2024-06-24,86.01000213623047,2330.0,83.5625,443.80364990234375,29.48900032043457,23537.849609375,4.248000144958496,,60.619998931884766,71613.0,88718.0,pdf,653.710553,5259.482710948912,7.926456540408255,4739.506755416849,0,,0.5871221822488115,-0.0467702133333136,0.903336804033672,66353.51728905109,71987.30649283843,83978.49324458315,71987.30649283843
2024-06-25,85.01000213623047,2316.60009765625,83.46040344238281,435.8945617675781,28.83699989318848,23721.30078125,4.23799991607666,,60.75,71549.0,88486.0,pdf,653.710553,5657.688253425731,8.586394933501802,6464.603569930448,0,,-0.5751031048819688,-0.1221798744857838,-1.1626554762969366,65891.31174657427,71485.85708354755,82021.39643006955,71485.85708354755
2024-06-26,85.25,2299.199951171875,83.41459655761719,454.29931640625,28.90900039672852,23868.80078125,4.315999984741211,,60.459999084472656,,,,653.710553,,,,0,,-0.7511070426863498,-0.0548845714569923,0.2823172070798518,65360.50493103117,70909.98176479797,82181.05876431048,70909.98176479797
2024-06-27,86.38999938964844,2324.5,83.58039855957031,473.84814453125,28.917999267578125,24044.5,4.288000106811523,,60.31999969482422,71083.0,86761.0,pdf,653.710553,4871.932229869795,7.3581840528294125,4390.95873167603,0,,1.1003848888927692,0.1987685714437193,1.3372426858046182,66211.0677701302,71832.76220344314,82370.04126832397,71832.76220344314
2024-06-28,86.41000366210938,2327.699951171875,83.45089721679688,498.5702209472656,29.23699951171875,24010.599609375,4.3429999351501465,,60.630001068115234,,,,651.997259,,,,0,,0.1376619131802536,-0.1549422412494672,0.0231557733560316,66199.48505454193,71820.19604973888,83149.64784190785,71820.19604973888
2024-07-01,86.5999984741211,2327.60009765625,83.36750030517578,494.9390258789063,29.299999237060547,24141.94921875,4.479000091552734,,60.54999923706055,,,,651.997259,,,,0,,-0.0042897932602814,-0.0999353085496923,0.2198759448670539,66130.49141183008,71745.34445623074,83245.54333298608,71745.34445623074
2024-07-02,86.23999786376953,2323.0,83.44129943847656,493.3970031738281,29.35300064086914,24123.849609375,4.435999870300293,,60.720001220703125,,,,651.997259,,,,0,,-0.1976326457831856,0.0885226653439597,-0.4157051001093759,66058.22075049944,71666.93760667392,83469.95247628432,71666.93760667392
2024-07-03,87.33999633789062,2359.800048828125,83.4791030883789,486.38330078125,30.54800033569336,24286.5,4.355000019073486,,61.06999969482422,71983.0,88857.0,pdf,651.997259,4847.908760515798,7.221124855885494,1949.5185488060815,0,,1.5841605177841167,0.0453056821463127,1.2755084663368388,67135.0912394842,72835.24049566682,86907.48145119392,72835.24049566682
2024-07-04,,,83.49120330810547,488.0248107910156,,24302.150390625,,,61.290000915527344,,,,651.997259,,,,0,,,0.0144949086404944,,,,,
2024-07-05,86.54000091552734,2388.5,83.49340057373047,492.7503662109375,31.38800048828125,24323.849609375,4.271999835968018,,61.47999954223633,72678.0,90714.0,pdf,657.1550259999999,4714.77190458418,6.937239499520177,1401.4675886924379,0,,,0.0026317330903635,,67963.22809541582,73733.69085823413,89312.53241130756,73733.69085823413
2024-07-08,85.75,2355.199951171875,83.47209930419922,493.645751953125,30.61800003051757,24320.55078125,4.269000053405762,,61.56999969482422,72910.0,91300.0,pdf,657.1550259999999,5911.40072410123,8.823170615490348,4200.6811649512965,0,,-1.3941824922807156,-0.0255125188157068,-0.912873708307993,66998.59927589877,72687.15959177696,87099.3188350487,72687.15959177696
2024-07-09,84.66000366210938,2360.10009765625,83.45760345458984,494.2923889160156,30.77199935913086,24433.19921875,4.300000190734863,,61.380001068115234,72454.0,91892.0,pdf,657.1550259999999,5327.665038618114,7.93677331211833,4369.799629611138,0,,0.2080564956676855,-0.0173661016437898,-1.2711327555575802,67126.33496138189,72825.74075998977,87522.20037038886,72825.74075998977
2024-07-10,85.08000183105469,2372.199951171875,83.49299621582031,501.3060607910156,30.72699928283692,24324.44921875,4.28000020980835,,61.540000915527344,72483.0,91439.0,pdf,657.1550259999999,4983.906187681685,7.383663848198421,4007.727347850203,0,,0.5126839123324123,0.0424080728003817,0.496099870986999,67499.09381231832,73230.14894732645,87431.2726521498,73230.14894732645
2024-07-11,85.4000015258789,2415.0,83.49590301513672,500.6594543457031,31.393999099731445,24315.94921875,4.192999839782715,,61.68000030517578,72751.0,92205.0,pdf,657.1550259999999,4031.6719088049576,5.866867474976859,2872.7215640113136,0,,1.804234453633713,0.0034814888052236,0.3761162293574482,68719.32809119504,74553.98802346631,89332.27843598869,74553.98802346631
2024-07-12,85.02999877929688,2414.0,83.51850128173828,502.6491394042969,30.88599967956543,24502.150390625,4.189000129699707,,61.88999938964844,72815.0,92156.0,pdf,666.8541230000001,4105.535849739361,5.97521156730457,4245.457840593925,0,,-0.0414078674948248,0.0270651203059246,-0.433258477717835,68709.46415026064,74543.28657811295,87910.54215940608,74543.28657811295
2024-07-15,84.8499984741211,2422.89990234375,83.52030181884766,510.7074279785156,30.67200088500977,24586.69921875,4.229000091552734,,61.91999816894531,72713.0,91465.0,pdf,666.8541230000001,3748.7319954850973,5.435759856451573,4161.678586582959,0,,0.3686786389291541,0.0021558541900779,-0.2116903537103254,68964.2680045149,74819.72472187936,87303.32141341704,74819.72472187936
2024-07-16,83.7300033569336,2462.39990234375,83.58760070800781,524.8343505859375,31.19499969482422,24613.0,4.166999816894531,,62.43999862670898,,,,666.8541230000001,,,,0,,1.6302778320222977,0.0805778807003498,-1.319970698089168,70145.05306791187,76100.76512084776,88863.50697805829,76100.76512084776
2024-07-17,85.08000183105469,2454.800048828125,83.52960205078125,,30.136999130249023,,4.145999908447266,,,73131.0,91802.0,pdf,666.8541230000001,3250.960948310385,4.652202535126919,6011.9301681255165,0,,-0.3086360387031917,-0.0693866754582051,1.6123234444004098,69880.03905168962,75813.2499145689,85790.06983187448,75813.2499145689
2024-07-18,85.11000061035156,2451.800048828125,83.57209777832031,516.7760620117188,29.9950008392334,24800.849609375,4.189000129699707,,62.90999984741211,,,,666.8541230000001,,,,0,,-0.1222095462085404,0.0508750508750432,0.0352594953587859,69830.1470311598,75759.12177908845,85429.28775144425,75759.12177908845
2024-07-19,82.62999725341797,2395.5,83.67430114746094,526.2271118164062,29.08799934387207,24530.900390625,4.238999843597412,,62.40999984741211,73273.0,89300.0,pdf,670.8570259999999,4962.9076622672,7.265262704857761,6352.6436610389355,0,,-2.296274072391602,0.1222936504618132,-2.913880083596143,68310.0923377328,74110.00583810634,82947.35633896106,74110.00583810634
2024-07-22,82.4000015258789,2392.0,83.73030090332031,526.5753173828125,29.124000549316406,24509.25,4.260000228881836,,62.08000183105469,73006.0,88328.0,pdf,670.8570259999999,4750.063354160564,6.95919444898586,5222.400653531193,0,,-0.1461072844917588,0.0669258722109766,-0.2783441064795,68255.93664583944,74051.25202142958,83105.5993464688,74051.25202142958
2024-07-23,81.01000213623047,2404.60009765625,83.67130279541016,549.9046020507812,29.131999969482425,24479.05078125,4.238999843597412,,60.15999984741211,72609.0,87576.0,pdf,670.8570259999999,4041.866318825516,5.894757592784186,4506.1482498307305,0,,0.5267599354619623,-0.0704620755851315,-1.686892431927789,68567.13368117448,74388.87144655721,83069.85175016927,68567.13368117448
2024-07-24,81.70999908447266,2413.300048828125,83.70680236816406,584.2269897460938,29.11599922180176,24413.5,4.285999774932861,,59.59999847412109,,,,670.8570259999999,,,,0,,0.3618044921629426,0.0424274172480698,0.8640870630580055,68844.40916838194,74689.68919211248,83059.45067814353,68844.40916838194
2024-07-25,82.37000274658203,2351.89990234375,83.74299621582031,570.7467651367188,27.80699920654297,24406.099609375,4.25600004196167,,59.369998931884766,68177.0,81801.0,pdf,670.8570259999999,1055.1477006515343,1.571988353279959,2441.4451239745686,0,,-2.544240054782676,0.0432388367877845,0.8077391622866914,67121.85229934847,72820.87749457615,79359.55487602543,67121.85229934847
2024-07-26,81.12999725341797,2380.0,83.73760223388672,564.8771362304688,27.86000061035156,24834.849609375,4.199999809265137,,59.9900016784668,68069.0,81336.0,pdf,667.385832,149.5623432573775,0.22020550878711506,1830.3035894292407,0,,1.1947828914082192,-0.0064411140959119,-1.5054090710413637,67919.43765674262,73686.18236344718,79505.69641057076,67919.43765674262
2024-07-29,79.77999877929688,2377.300048828125,83.72779846191406,569.7022094726562,27.702999114990234,24836.099609375,4.177999973297119,,58.77999877929688,68794.0,82200.0,pdf,667.385832,959.555215944667,1.4145545364148289,3151.603700808104,0,,-0.1134433265493672,-0.0117077295159195,-1.663994231263477,67834.44478405533,73593.973114777,79048.3962991919,67834.44478405533
2024-07-30,78.62999725341797,2405.0,83.75050354003906,569.8513793945312,28.364999771118164,24857.30078125,4.14300012588501,,58.34999847412109,68713.0,81616.0,pdf,667.385832,69.5487245417462,0.10131880499809835,656.6869140484778,0,,1.1651853196036122,0.0271177297648916,-1.4414659607356772,68643.45127545825,74471.66883658206,80959.31308595152,68643.45127545825
2024-07-31,80.72000122070312,2426.5,83.73899841308594,576.41748046875,28.777999877929688,24951.150390625,4.109000205993652,,58.68000030517578,,,,667.385832,,,,0,,0.8939708939708968,-0.0137373824237618,2.658023706333412,69247.58963728012,75127.1019649737,82126.81335786408,69247.58963728012
2024-08-01,79.5199966430664,2435.0,83.7177963256836,561.7930908203125,28.33099937438965,25010.900390625,3.9760000705718994,,59.09000015258789,,,,667.385832,,,,0,,0.3502987842571636,-0.0253192512498778,-1.4866260647787732,69472.56871291717,75371.1830375988,80830.68996890752,69472.56871291717
2024-08-02,76.80999755859375,2425.699951171875,83.743896484375,556.8685913085938,28.246000289916992,24717.69921875,3.7920000553131104,,59.66999816894531,,,,674.918565,,,,0,,-0.381932190066736,0.0311763565656653,-3.407946678665952,69228.80690272042,75106.72446993252,80613.30499265423,69228.80690272042
2024-08-05,76.30000305175781,2401.699951171875,83.73529815673828,541.7965698242188,27.076000213623047,24055.599609375,3.785000085830689,,58.7400016784668,,,,674.918565,,,,0,,-0.9894051400877292,-0.0102674081308373,-0.6639689142639238,68536.8158516131,74355.9794616557,77266.22302398166,68536.8158516131
2024-08-06,76.4800033569336,2389.10009765625,84.00260162353516,537.817138671875,27.09600067138672,23992.55078125,3.888000011444092,,58.619998931884766,,,,674.918565,,,,0,,-0.5246222996955541,0.31922435661067,0.2359112686452613,68394.8948403546,74202.00855321488,77570.13271782636,68394.8948403546
2024-08-07,78.33000183105469,2390.5,83.93489837646484,537.6182250976562,26.82999992370605,24297.5,3.9679999351501465,,58.20000076293945,,,,674.918565,,,,0,,0.0585953826347962,-0.0805966074404862,2.418930953084719,68379.814825687,74185.64815994345,76746.72355390989,68379.814825687
2024-08-08,79.16000366210938,2422.199951171875,83.94239807128906,533.7880249023438,27.5,24117.0,3.996999979019165,,58.09000015258789,,,,674.918565,,,,0,,1.326080366947302,0.0089351330248677,1.0596218711252714,69292.77697368401,75176.12596201566,78670.27517089961,69292.77697368401
2024-08-09,79.66000366210938,2432.10009765625,83.98899841308594,537.2279052734375,27.48699951171875,24367.5,3.941999912261963,,58.65999984741211,,,,670.118772,,,,0,,0.4087254018639186,0.0555146658513416,0.631632108222524,69614.61903550017,75525.29423662754,78676.73708336535,69614.61903550017
2024-08-12,82.30000305175781,2462.39990234375,83.94979858398438,550.2398681640625,27.91699981689453,24347.0,3.908999919891357,,59.02000045776367,,,,670.118772,,,,0,,1.2458288504120008,-0.0466725759828312,3.3140839421077706,70449.00232613033,76430.52139155648,79870.24297584742,70449.00232613033
2024-08-13,80.69000244140625,2466.699951171875,83.88999938964844,556.521484375,27.69499969482422,24139.0,3.8519999980926514,,59.400001525878906,,,,670.118772,,,,0,,0.1746283706408613,-0.0712320879199146,-1.9562582632458023,70521.75634322494,76509.45263651763,79178.66214235775,70521.75634322494
2024-08-14,79.76000213623047,2439.39990234375,83.88200378417969,566.9409790039062,27.253999710083008,24143.75,3.819999933242798,,59.61000061035156,,,,670.118772,,,,0,,-1.1067438021862053,-0.0095310591571418,-1.1525595204326722,69734.61409484386,75655.47755572681,77910.4381572533,69734.61409484386
2024-08-15,81.04000091552734,2453.10009765625,83.97149658203125,,28.34199905395508,,3.9260001182556152,,,,,,670.118772,,,,0,,0.5616215405820579,0.10668891277541,1.604812869877592,70201.0756518288,76161.54433924821,81107.1191759239,70201.0756518288
2024-08-16,79.68000030517578,2498.60009765625,83.94830322265625,571.2783203125,28.777999877929688,24541.150390625,3.891999959945679,,59.470001220703125,,,,674.66431,,,,0,,1.8547958986048665,-0.0276205144829622,-1.6781843472202906,71483.41278248998,77552.75915081459,82332.08852661746,71483.41278248998
2024-08-19,77.66000366210938,2501.800048828125,83.88980102539062,547.946533203125,29.239999771118164,24572.650390625,3.867000102996826,,60.34000015258789,,,,674.66431,,,,0,,0.1280697609383985,-0.0696883617891108,-2.5351363395203164,71525.0820002875,77597.96632106662,83595.54482770312,71525.0820002875
2024-08-20,77.19999694824219,2511.300048828125,83.87860107421875,540.3189086914062,29.45499992370605,24698.849609375,3.818000078201294,,60.66999816894531,,,,674.66431,,,,0,,0.3797265894390778,-0.0133507900066276,-0.5923341387783498,71787.0963305479,77882.2271510661,84198.97566306636,71787.0963305479
2024-08-21,76.05000305175781,2508.39990234375,83.77940368652344,542.8614501953125,29.47599983215332,24770.19921875,3.7780001163482666,,60.380001068115234,,,,674.66431,,,,0,,-0.1154838700269333,-0.1182630449541477,-1.4896294584770151,71619.3942505617,77700.28621523202,84159.35796106489,71619.3942505617
2024-08-22,77.22000122070312,2478.89990234375,83.88860321044922,594.659912109375,29.006000518798828,24811.5,3.861999988555908,,60.45000076293945,,,,674.66431,,,,0,,-1.1760485229024398,0.1303417297339182,1.538459069027298,70869.36753886359,76886.57799027652,82925.36982456042,70869.36753886359
2024-08-23,79.0199966430664,2508.39990234375,83.94059753417969,587.1817626953125,29.785999298095703,24823.150390625,3.806999921798706,,60.25,,,,681.68768,,,,0,,1.1900440179980043,0.0619801996226243,2.3309963661081845,71757.19190986773,77849.78367579989,85208.09085758512,71757.19190986773
2024-08-26,81.43000030517578,2517.699951171875,83.81379699707031,614.9505004882812,29.97699928283692,25010.599609375,3.818000078201294,,60.83000183105469,,,,681.68768,,,,0,,0.3707562266860087,-0.1510598456935463,3.0498655587083423,71914.43797755128,78020.38082470185,85624.93932905934,71914.43797755128
2024-08-27,79.55000305175781,2516.0,83.88369750976562,613.0560302734375,29.951000213623047,25017.75,3.8329999446868896,,60.54999923706055,,,,681.68768,,,,0,,-0.0675200065473946,0.0833997685342424,-2.308728044175723,71925.81732301656,78032.72634100851,85622.02583492373,71925.81732301656
2024-08-28,78.6500015258789,2501.0,83.92160034179688,609.4166870117188,29.176000595092773,25052.349609375,3.8410000801086426,,60.54999923706055,,,,681.68768,,,,0,,-0.59618441971383,0.0451849801051507,-1.1313657967974344,71529.31271468615,77602.55624706515,83444.19313595601,71529.31271468615
2024-08-29,79.94000244140625,2525.699951171875,83.94149780273438,608.8184204101562,29.55699920654297,25151.94921875,3.867000102996826,,60.56999969482422,,,,681.68768,,,,0,,0.9876030056727324,0.023709582344078,1.640179136046016,72252.86514886102,78387.54237848129,84553.9026472434,72252.86514886102
2024-08-30,78.80000305175781,2493.800048828125,83.89510345458984,613.405029296875,28.731000900268555,25235.900390625,3.91100001335144,,60.65999984741211,,,,683.98662,,,,0,,-1.2630123514453473,-0.0552698597939715,-1.4260687450992071,71300.87285256856,77354.72054759794,82145.53701206812,71300.87285256856
2024-09-02,,,83.86380004882812,637.9830932617188,,25278.69921875,,,60.25,,,,683.98662,,,,0,,,-0.0373125539783858,,,,,
2024-09-03,73.75,2489.89990234375,83.92729949951172,648.9509887695312,27.951000213623047,25279.849609375,3.8440001010894775,,60.36000061035156,,,,683.98662,,,,0,,,0.0757173543848743,,71216.68279051472,77263.38227272822,79946.08594576291,71216.68279051472
2024-09-04,72.69999694824219,2493.39990234375,83.95030212402344,652.291259765625,28.16699981689453,25198.69921875,3.767999887466431,,59.83000183105469,,,,683.98662,,,,0,,0.1405678998061432,0.02740779775936,-1.4237329515360164,71336.33694755718,77393.19574499126,80585.97370806968,71336.33694755718
2024-09-05,72.69000244140625,2511.39990234375,83.98249816894531,646.0595092773438,28.71999931335449,25145.099609375,3.7309999465942383,,60.54999923706055,,,,683.98662,,,,0,,0.7219058596689809,0.0383513151320347,-0.0137476028273519,71878.87406950274,77981.79733955485,82199.62149374372,71878.87406950274
2024-09-06,71.05999755859375,2493.5,83.98359680175781,646.3087768554688,27.808000564575195,24852.150390625,3.7100000381469727,,60.65999984741211,,,,689.2348199999999,,,,0,,-0.7127459998324093,0.001308168769043,-2.242405871600306,71367.49386490077,77426.99806097723,79590.42749899648,71367.49386490077
2024-09-09,71.83999633789062,2501.800048828125,83.98259735107422,640.7250366210938,28.291000366210938,24936.400390625,3.697000026702881,,60.15999984741211,,,,689.2348199999999,,,,0,,0.3328674083868055,-0.0011900546316834,1.097662265825039,71604.20085290982,77683.80281211913,80971.87756874505,71604.20085290982
2024-09-10,69.19000244140625,2512.300048828125,83.98090362548828,638.3320922851562,28.256999969482425,25041.099609375,3.6459999084472656,,60.36000061035156,,,,689.2348199999999,,,,0,,0.4196978093800263,-0.0020167578038354,-3.68874447601647,71903.27197121899,78008.26676122814,80872.93374229527,71903.27197121899
2024-09-11,70.61000061035156,2512.10009765625,83.98200225830078,654.8836669921875,28.5629997253418,24918.44921875,3.6530001163482666,,60.709999084472656,,,,689.2348199999999,,,,0,,-0.0079588889857484,0.0013081936071968,2.0523169805461983,71898.48982876896,78003.07858781537,81749.78963408458,71898.48982876896
2024-09-12,71.97000122070312,2551.199951171875,83.99259948730469,687.288818359375,29.74300003051757,25388.900390625,3.680000066757202,,60.61000061035156,,,,689.2348199999999,,,,0,,1.5564608095077317,0.012618452429014,1.926073641971016,73026.77533186274,79227.16191664351,85137.79486106074,73026.77533186274
2024-09-13,71.61000061035156,2581.300048828125,83.93479919433594,713.9607543945312,30.698999404907227,25356.5,3.650000095367432,,61.63999938964844,,,,689.4580559999999,,,,0,,1.1798407899162866,-0.0688159353580797,-0.500209259754747,73837.52803840126,80106.75211713342,87813.82196694911,73837.52803840126
2024-09-16,72.75,2580.39990234375,83.88480377197266,697.9077758789062,30.770999908447266,25383.75,3.621000051498413,,62.04999923706055,,,,689.4580559999999,,,,0,,-0.0348718268836534,-0.0595645939981626,1.5919555647701644,73767.81385664066,80031.11880673277,87967.34922239416,73767.81385664066
2024-09-17,73.69999694824219,2564.300048828125,83.88400268554688,710.7700805664062,30.61899948120117,25418.55078125,3.641999959945679,,61.77000045776367,,,,689.4580559999999,,,,0,,-0.6239286205599992,-0.0009549839658173,1.305837729542536,73306.85527782829,79531.02223537974,87531.97835589008,73306.85527782829
2024-09-18,73.6500015258789,2570.699951171875,83.77059936523438,695.365234375,30.340999603271484,25377.55078125,3.684999942779541,,61.68000030517578,,,,689.4580559999999,,,,0,,0.2495769692269389,-0.1351906402673797,-0.0678363967889894,73390.46095767921,79621.7265106897,86619.9863498569,73390.46095767921
2024-09-19,74.87999725341797,2588.0,83.69170379638672,706.1835327148438,31.0939998626709,25415.80078125,3.740000009536743,,62.18999862670898,,,,689.4580559999999,,,,0,,0.6729703643647111,-0.0941804994180284,1.670055264162995,73814.77235377104,80082.06434607234,88686.10979255178,73814.77235377104
2024-09-20,74.48999786376953,2619.89990234375,83.61470031738281,728.3685913085938,31.176000595092773,25790.94921875,3.7279999256134033,,62.43000030517578,,,,692.29635,,,,0,,1.2326082822160078,-0.092008497271423,-0.5208325373311062,74655.86635194559,80994.57198560133,88838.17781485761,74655.86635194559
2024-09-23,73.9000015258789,2626.5,83.48709869384766,766.4073486328125,30.76700019836425,25939.05078125,3.739000082015991,,62.810001373291016,,,,692.29635,,,,0,,0.2519217490082548,-0.1526066864448561,-0.7920477309848128,74729.72385826493,81074.70041226855,87538.90838648174,74729.72385826493
2024-09-24,75.16999816894531,2651.199951171875,83.55960083007812,769.74755859375,32.11100006103516,25940.400390625,3.736000061035156,,62.9900016784668,,,,692.29635,,,,0,,0.9404131418951024,0.0868423233826076,1.718533987609816,75497.9993309702,81908.20682133558,91442.22637953912,75497.9993309702
2024-09-25,73.45999908447266,2659.199951171875,83.56759643554688,755.98779296875,31.69799995422364,26004.150390625,3.7809998989105225,,63.65999984741211,,,,692.29635,,,,0,,0.3017501564325231,0.0095687454096493,-2.274842525111432,75733.06067246923,82163.22620126378,90274.76676476463,75733.06067246923
2024-09-26,71.5999984741211,2669.89990234375,83.62409973144531,714.60888671875,32.025001525878906,26216.05078125,3.7909998893737793,,63.77000045776367,,,,692.29635,,,,0,,0.4023748258253246,0.0676138818256122,-2.5319910611661167,76089.20354589164,82549.60762054281,91267.72346487608,76089.20354589164
2024-09-27,71.9800033569336,2644.300048828125,83.61710357666016,704.6380615234375,31.518999099731445,26178.94921875,3.749000072479248,,63.47999954223633,,,,704.8848,,,,0,,-0.9588319582000904,-0.0083661944434987,0.5307330878643102,75353.3312118786,81751.25556005695,89818.15734872913,75353.3312118786
2024-09-30,71.7699966430664,2636.10009765625,83.71640014648438,728.1193237304688,31.16399955749512,25810.849609375,3.802000045776367,,63.54999923706055,,,,704.8848,,,,0,,-0.3100991196331559,0.1187515060638189,-0.291757021496386,75208.86692419561,81594.52543662731,88911.99152980631,75208.86692419561
2024-10-01,73.55999755859375,2667.300048828125,83.82730102539062,747.9613037109375,31.44499969482422,25796.900390625,3.743000030517578,,63.59000015258789,,,,704.8848,,,,0,,1.1835647363927837,0.1324721066746859,2.494079697996288,76199.82251683688,82669.61876826642,89832.54046879054,76199.82251683688
2024-10-02,73.9000015258789,2647.10009765625,83.87210083007812,,31.62800025939941,,3.785000085830689,,,,,,704.8848,,,,0,,-0.7573182919840549,0.0534429763806132,0.462213130192568,75663.16236944741,82087.39313666463,90403.62777239505,75663.16236944741
2024-10-03,77.62000274658203,2657.10009765625,83.91960144042969,728.41845703125,32.18899917602539,25250.099609375,3.849999904632568,,63.68999862670898,,,,704.8848,,,,0,,0.3777718873892999,0.0566345779841492,5.033831047216464,75992.0099196546,82444.16170528565,92059.26215748943,75992.0099196546
2024-10-04,78.05000305175781,2645.800048828125,84.0093994140625,710.8698120117188,32.12799835205078,25014.599609375,3.9809999465942383,,63.9900016784668,,,,701.175919,,,,0,,-0.4252774985064489,0.1070047665759688,0.5539813063131005,75749.80225892678,82181.38924317528,91983.12333620597,75749.80225892678
2024-10-07,80.93000030517578,2644.800048828125,84.02780151367188,700.1511840820312,31.7450008392334,24795.75,4.026000022888184,,63.810001373291016,,,,701.175919,,,,0,,-0.037795751059988,0.0219048103399455,3.6899386813708857,75737.7586313618,82168.32304345854,90906.50207676557,75737.7586313618
2024-10-08,77.18000030517578,2615.0,83.96410369873047,707.8786010742188,30.354999542236328,25013.150390625,4.0329999923706055,,63.45000076293945,,,,701.175919,,,,0,,-1.1267410873396222,-0.0758056426491626,-4.6336339872226295,74827.62359300755,81180.91238864025,86860.13307504306,74827.62359300755
2024-10-09,76.58000183105469,2606.0,83.91459655761719,719.4447021484375,30.424999237060547,24981.94921875,4.066999912261963,,63.02000045776367,,,,701.175919,,,,0,,-0.3441682600382356,-0.0589622695085445,-0.7774014922889982,74526.12244503011,80853.81208658926,87009.10278323569,74526.12244503011
2024-10-10,79.4000015258789,2620.60009765625,83.94219970703125,716.7027587890625,31.0049991607666,24998.44921875,4.0960001945495605,,63.0099983215332,,,,701.175919,,,,0,,0.5602493344685433,0.032894336082645,3.6824231227435833,74968.30676763391,81333.54036111226,88696.9473325372,74968.30676763391
2024-10-11,79.04000091552734,2657.60009765625,83.94599914550781,718.1983642578125,31.520000457763672,24964.25,4.072999954223633,,63.540000915527344,,,,690.430223,,,,0,,1.4118903541632033,0.0045262555542047,-0.4534012637697815,76030.21822578496,82485.61411287989,90174.30859496408,76030.21822578496
2024-10-14,77.45999908447266,2647.800048828125,84.16829681396484,748.609375,31.08300018310547,25127.94921875,4.0980000495910645,,63.97999954223633,,,,690.430223,,,,0,,-0.3687555865447112,0.2648103193955808,-1.998990147714308,75950.4459750909,82399.06874656088,89159.59221299703,75950.4459750909
2024-10-15,74.25,2661.39990234375,84.04850006103516,748.8087768554688,31.527000427246094,25057.349609375,4.038000106811523,,63.86000061035156,,,,690.430223,,,,0,,0.5136284184919404,-0.1423300190978915,-4.144073228005141,76231.89353154863,82704.41279366123,90304.46487288142,76231.89353154863
2024-10-16,74.22000122070312,2674.0,84.05619812011719,749.2076416015625,31.76000022888184,24971.30078125,4.015999794006348,,64.44000244140625,,,,690.430223,,,,0,,0.4734387209210489,0.009159067772102,-0.0404023963594291,76599.82002012152,83103.57832371673,90980.1907767901,76599.82002012152
2024-10-17,74.44999694824219,2691.0,84.03929901123047,725.92578125,31.57299995422364,24749.849609375,4.0960001945495605,,64.44000244140625,,,,690.430223,,,,0,,0.6357516828721099,-0.0201045363276697,0.3098837560715495,77071.30672032874,83615.09691356418,90426.32343191732,77071.30672032874
2024-10-18,73.05999755859375,2713.699951171875,84.05380249023438,716.8523559570312,33.03200149536133,24854.05078125,4.072999954223633,,65.18000030517578,,,,688.26742,,,,0,,0.843550768185608,0.0172579723707322,-1.8670241056084504,77734.85546526052,84334.98470287697,94621.28857913485,77734.85546526052
2024-10-21,74.29000091552734,2723.10009765625,84.0687026977539,701.9957885742188,33.86899948120117,24781.099609375,4.182000160217285,,65.79000091552734,,,,688.26742,,,,0,,0.3463959410956896,0.0177269880458519,1.6835524199780183,78017.95363147337,84642.11950584374,97036.09622514545,78017.95363147337
2024-10-22,76.04000091552734,2744.199951171875,84.07350158691406,673.9279174804688,34.83100128173828,24472.099609375,4.203999996185303,,65.7300033569336,,,,688.26742,,,,0,,0.7748467834063577,0.0057082945331243,2.3556332998162954,78626.96123800782,85302.83530538583,99797.96794656776,78626.96123800782
2024-10-23,74.95999908447266,2714.39990234375,84.08399963378906,692.6232299804688,33.63999938964844,24435.5,4.242000102996826,,66.16000366210938,,,,688.26742,,,,0,,-1.0859284803718228,0.012486748710172,-1.42030749349209,77782.84000781478,84387.0434047047,96397.53848092513,77782.84000781478
2024-10-24,74.37999725341797,2734.89990234375,84.06759643554688,694.0689697265625,33.61100006103516,24399.400390625,4.199999809265137,,65.75,,,,688.26742,,,,0,,0.7552313858506743,-0.0195081089310988,-0.7737484500247693,78354.99186868423,85007.7741971574,96295.64995135018,78354.99186868423
2024-10-25,76.05000305175781,2740.89990234375,84.08180236816406,669.7401733398438,33.60300064086914,24180.80078125,4.23199987411499,,65.44999694824219,,,,684.80473,,,,0,,0.2193864570640524,0.0168982262126249,2.245235090087472,78540.16176114413,85208.66606161861,96288.99996446125,78540.16176114413
2024-10-28,71.41999816894531,2742.89990234375,84.10199737548828,667.097900390625,33.83000183105469,24339.150390625,4.277999877929688,,65.77999877929688,,,,684.80473,,,,0,,0.0729687354977803,0.0240182854736925,-6.088106110477643,78616.3492891249,85291.32234197512,96962.75238222748,78616.3492891249
2024-10-29,71.12000274658203,2768.39990234375,84.10279846191406,671.1859741210938,34.26900100708008,24466.849609375,4.27400016784668,,66.30000305175781,,,,684.80473,,,,0,,0.9296730069591864,0.0009525177175007,-0.4200440073572009,79347.98006389214,86085.07271082637,98221.93702641055,79347.98006389214
2024-10-30,72.55000305175781,2788.5,84.08930206298828,672.28271484375,33.91400146484375,24340.849609375,4.265999794006348,,67.0199966430664,,,,684.80473,,,,0,,0.7260547018237196,-0.0160475027854101,2.010686515678617,79911.26398341068,86696.18262351159,97188.83714509252,79911.26398341068
2024-10-31,73.16000366210938,2738.300048828125,84.08910369873047,655.232666015625,32.65299987792969,24205.349609375,4.283999919891357,,66.91999816894531,,,,684.80473,,,,0,,-1.8002492799668257,-0.0002358971390448,0.8408002545725379,78472.47691417228,85135.23438801708,93574.9090095473,78472.47691417228
2024-11-01,73.0999984741211,2738.60009765625,84.09149932861328,668.8427734375,32.54199981689453,24304.349609375,4.361000061035156,,66.91999816894531,,,,682.129956,,,,0,,0.0109574854024296,0.002848918322873,-0.0820191156159833,78483.31138611567,85146.98876795567,93259.46884110685,78483.31138611567
2024-11-04,75.08000183105469,2736.10009765625,84.13359832763672,657.5757446289062,32.47999954223633,23995.349609375,4.309000015258789,,66.0199966430664,78445.0,94435.0,pdf,682.129956,-5.921406415247475,-0.007547911878015569,1306.6128641974065,0,,-0.0912875159151394,0.0500633231177438,2.70862297984118,78450.92140641525,85111.84869563917,93128.3871358026,78450.92140641525
2024-11-05,75.52999877929688,2740.300048828125,84.15249633789062,650.3967895507812,32.654998779296875,24213.30078125,4.289000034332275,,65.94000244140625,78446.0,93764.0,pdf,682.129956,-142.99326865277544,-0.1819507576130409,112.81459964571695,0,,0.1535013713669597,0.0224619065742448,0.5993566026473607,78588.99326865278,85261.6436405195,93651.18540035428,78588.99326865278
2024-11-06,74.91999816894531,2667.60009765625,84.11630249023438,697.9575805664062,31.22100067138672,24484.05078125,4.426000118255615,,65.58999633789062,78106.0,91993.0,pdf,682.129956,1634.870981825894,2.137893088301797,2492.884427363286,0,,-2.65299236858988,-0.0430098324248451,-0.8076269299752248,76471.1290181741,82963.96072726435,89500.11557263671,76471.1290181741
2024-11-07,75.62999725341797,2698.39990234375,84.2511978149414,703.9899291992188,31.76499938964844,24199.349609375,4.341000080108643,,64.33000183105469,76556.0,90153.0,pdf,682.129956,-922.1067704768793,-1.1901513974890376,-1052.6071502849954,0,,1.154588527514333,0.1603676347075477,0.9476763238456032,77478.10677047688,84056.4365906117,91205.607150285,77478.10677047688
2024-11-08,73.87000274658203,2687.5,84.306396484375,692.0747680664062,31.358999252319336,24148.19921875,4.306000232696533,,65.0,77480.0,91767.0,pdf,675.653218,264.3017715487513,0.3422902047285579,1668.1340274114336,0,,-0.4039394729551615,0.0655167770490683,-2.327111689477679,77215.69822845125,83771.74807803672,90098.86597258857,77215.69822845125
2024-11-11,71.83000183105469,2611.199951171875,84.38289642333984,698.1570434570312,30.540000915527344,24141.30078125,4.308000087738037,,64.48999786376953,77027.0,90833.0,pdf,675.653218,1935.4341242662922,2.5774321013217003,3007.611922611075,0,,-2.8390715843023218,0.0907403733938716,-2.761609367371698,75091.56587573371,81467.26486518279,87825.38807738893,75091.56587573371
2024-11-12,71.88999938964844,2600.0,84.39649963378906,702.2450561523438,30.68600082397461,23883.44921875,4.432000160217285,,62.84000015258789,75321.0,88305.0,pdf,675.653218,539.4631984430453,0.7213855471766845,45.52692651291727,0,,-0.4289197066983941,0.0161208147928082,0.0835271572662055,74781.53680155695,81130.91256772687,88259.47307348708,74781.53680155695
2024-11-13,72.27999877929688,2580.800048828125,84.39530181884766,668.4938354492188,30.59000015258789,23559.05078125,4.451000213623047,,63.25,75166.0,89645.0,pdf,675.653218,937.7481961055164,1.2633305693133894,1662.894023269866,0,,-0.7384596604567362,-0.0014192708780669,0.5424946348025594,74228.25180389448,80530.65054196097,87982.10597673013,74228.25180389448
2024-11-14,72.55999755859375,2568.199951171875,84.4229965209961,651.9921264648438,30.507999420166016,23532.69921875,4.418000221252441,,61.790000915527344,,,,675.653218,,,,0,,-0.488224481473154,0.0328154548316916,0.3873807194599399,73890.09072148983,80163.77766954084,87775.05208886137,73890.09072148983
2024-11-15,71.04000091552734,2565.699951171875,84.47380065917969,,30.371000289916992,,4.427999973297119,,,73944.0,87558.0,pdf,657.8919080000001,81.41482464878936,0.11022471587679877,124.52615400335344,0,,-0.0973444454299254,0.0601780797616635,-2.0948135256467992,73862.58517535121,80133.93674684329,87433.47384599665,73862.58517535121
2024-11-18,73.30000305175781,2610.60009765625,84.47750091552734,666.3002319335938,31.163000106811523,23453.80078125,4.414000034332275,,62.900001525878906,74605.0,88947.0,pdf,657.8919080000001,-553.4839224593889,-0.7364224151067433,-770.4501987549302,0,,1.7500154865679909,0.004380359731404,3.1813092723884,75158.48392245939,81539.86463285687,89717.45019875493,75158.48392245939
2024-11-19,73.30999755859375,2627.10009765625,84.39849853515625,699.3036499023438,31.20800018310547,23518.5,4.379000186920166,,63.720001220703125,,,,657.8919080000001,,,,0,,0.6320385881703361,-0.0935188417210519,0.0136350701498422,75562.78295637947,81978.49094324186,89762.9803463701,75562.78295637947
2024-11-20,72.80999755859375,2648.199951171875,84.39759826660156,,30.95599937438965,,4.406000137329102,,,75540.0,90843.0,pdf,657.8919080000001,-628.8615574311843,-0.8256150145516141,1805.794570084996,0,,0.8031613844653007,-0.0010666878798915,-0.6820352157294374,76168.86155743118,82636.02904815646,89037.205429915,76168.86155743118
2024-11-21,74.2300033569336,2672.10009765625,84.38310241699219,709.67333984375,30.91200065612793,23349.900390625,4.432000160217285,,64.56999969482422,76559.0,90620.0,pdf,657.8919080000001,-284.08903548511444,-0.36970017610032035,1724.6168978737842,0,,0.9025053593026078,-0.0171756660226063,1.950289583785647,76843.08903548511,83367.50225547912,88895.38310212622,76843.08903548511
2024-11-22,75.16999816894531,2709.89990234375,84.48829650878906,704.3887939453125,31.30900001525879,23907.25,4.409999847412109,,65.33000183105469,77406.0,90056.0,pdf,656.581814,-621.2689716137247,-0.796220321179948,-93.29899477030267,0,,1.414610355377599,0.1246625079948327,1.2663273198194158,78027.26897161372,84652.22577109035,90149.2989947703,78027.26897161372
2024-11-25,73.01000213623047,2616.800048828125,84.43599700927734,697.359375,30.209999084472656,24221.900390625,4.264999866485596,,64.37999725341797,76698.0,89088.0,pdf,656.581814,1398.0342847164866,1.8566200813458402,2156.9447847473057,0,,-3.4355458456271526,-0.0619014723610589,-2.873481555580504,75299.96571528351,81693.3590307321,86931.0552152527,75299.96571528351
2024-11-26,72.80999755859375,2620.300048828125,84.37750244140625,691.3269653320312,30.38800048828125,24194.5,4.302000045776367,,63.38999938964844,75451.0,88100.0,pdf,656.581814,102.55490756835206,0.13610753007914847,717.3131476274575,0,,0.133751143942673,-0.0692768131400956,-0.2739413392476408,75348.44509243165,81745.95458141169,87382.68685237254,75348.44509243165
2024-11-27,72.83000183105469,2639.89990234375,84.33910369873047,695.614501953125,30.11100006103516,24274.900390625,4.242000102996826,,63.959999084472656,76143.0,88898.0,pdf,656.581814,265.4945375535608,0.3498988744232772,2351.2498909341084,0,,0.7480003492115639,-0.0455082712390586,0.02747462317223,75877.50546244644,82319.93517152207,86546.75010906589,75877.50546244644
2024-11-28,,,84.42030334472656,705.5853271484375,,23914.150390625,,,64.04000091552734,75916.0,87197.0,pdf,656.581814,,,,0,,,0.096277577582704,,,,,
2024-11-29,72.94000244140625,2657.0,84.47160339355469,722.3363037109375,30.684999465942383,24131.099609375,4.177999973297119,,64.29000091552734,76738.0,89250.0,pdf,658.0913499999999,249.015406730643,0.3255572133095817,914.8682199870236,0,,,0.0607674301034366,,76488.98459326936,82983.33234175447,88335.13178001298,76488.98459326936
2024-12-02,71.83000183105469,2634.89990234375,84.55699920654297,719.9931030273438,30.448999404907227,24276.05078125,4.196000099182129,,63.7599983215332,75867.0,88051.0,pdf,658.0913499999999,-62.45574900209613,-0.08225496730617216,306.64391042765055,0,,-0.8317688240967236,0.10109410684489,-1.5217995245383251,75929.4557490021,82376.29633146452,87744.35608957235,75929.4557490021
2024-12-03,73.62000274658203,2644.699951171875,84.73709869384766,724.729248046875,31.07699966430664,24457.150390625,4.2230000495910645,,64.05999755859375,,,,658.0913499999999,,,,0,,0.3719324904679633,0.2129918149824217,2.49199619921694,76374.18709301177,82858.78788392786,89744.79640306729,76374.18709301177
2024-12-04,72.30999755859375,2653.800048828125,84.68309783935547,720.6412353515625,31.5049991607666,24467.44921875,4.179999828338623,,64.01000213623047,76420.0,90350.0,pdf,658.0913499999999,-168.14272730024823,-0.21954146074404396,-572.8023194049165,0,,0.3440880940848378,-0.0637275235104373,-1.779414750224384,76588.14272730025,83090.90956263705,90922.80231940492,76588.14272730025
2024-12-05,72.08999633789062,2626.60009765625,84.70700073242188,718.54736328125,31.13400077819824,24708.400390625,4.179999828338623,,64.05999755859375,76538.0,91090.0,pdf,658.0913499999999,713.4460495750682,0.9409169093715056,1212.529736994722,0,,-1.0249435025779796,0.0282262856181159,-0.3042473076075747,75824.55395042493,82262.4877764044,89877.47026300528,75824.55395042493
2024-12-06,71.12000274658203,2638.60009765625,84.68379974365234,728.3685913085938,31.18600082397461,24677.80078125,4.151000022888184,,63.9900016784668,76152.0,90997.0,pdf,654.85673,1.89367437310284,0.0024867652383901654,994.0745575959882,0,,0.4568643704349062,-0.0273896945576224,-1.3455314753550107,76150.1063256269,82615.6813910103,90002.92544240401,76150.1063256269
2024-12-09,72.13999938964844,2664.89990234375,84.66600036621094,773.1875,32.215999603271484,24619.0,4.198999881744385,,64.29000091552734,76280.0,90997.0,pdf,654.85673,-612.9545145133307,-0.7971530270665269,-1958.9639352787053,0,,0.9967332568076914,-0.0210186334284601,1.4341909500494632,76892.95451451333,83421.60159593426,92955.9639352787,76892.95451451333
2024-12-10,72.19000244140625,2697.60009765625,84.84729766845703,756.685791015625,32.362998962402344,24610.05078125,4.2210001945495605,,64.66999816894531,77113.0,92975.0,pdf,654.85673,-890.1582249189087,-1.1411822869430157,-605.0725574720709,0,,1.2270703032313035,0.2141323570995723,0.0693139065440329,78003.15822491891,84626.06788552522,93580.07255747207,78003.15822491891
2024-12-11,73.5199966430664,2733.800048828125,84.8740005493164,760.7239379882812,32.5620002746582,24641.80078125,4.270999908447266,,65.04000091552734,77869.0,92838.0,pdf,654.85673,-1205.7856854428246,-1.524867471964331,-1347.1323146935756,0,,1.3419317119437668,0.0314716927859226,1.842352343372844,79074.78568544282,85788.68258326343,94185.13231469358,79074.78568544282
2024-12-12,73.41000366210938,2687.5,84.85710144042969,757.8822021484375,31.22800064086914,24548.69921875,4.323999881744385,,65.48999786376953,78163.0,93561.0,pdf,654.85673,442.914566391526,0.5698843020056649,3252.427805427753,0,,-1.6936150413770057,-0.0199108193054908,-0.149609610962087,77720.08543360847,84318.96061193371,90308.57219457225,77720.08543360847
2024-12-13,74.48999786376953,2656.0,84.83920288085938,744.920166015625,30.655000686645508,24768.30078125,4.39900016784668,,64.61000061035156,77380.0,90200.0,pdf,652.86877,587.0673002535914,0.7644808963722908,1567.1910903520911,0,,-1.1720930232558158,-0.0210925889129964,1.4711812393187529,76792.93269974641,83313.08736293242,88632.80890964791,76792.93269974641
2024-12-16,73.91000366210938,2651.39990234375,84.802001953125,761.0230712890625,30.69700050354004,24668.25,4.396999835968018,,64.4800033569336,76640.0,89250.0,pdf,652.86877,13.684350991257816,0.01785855273786068,534.6746361130354,0,,-0.1731964479009806,-0.0438487473610749,-0.7786202420368871,76626.31564900874,83132.32358147175,88715.32536388696,76626.31564900874
2024-12-17,73.19000244140625,2644.39990234375,84.91729736328125,754.1431884765625,30.57299995422364,24336.0,4.385000228881836,,64.0999984741211,76584.0,89001.0,pdf,652.86877,56.0817830657179,0.07328277623695764,523.9115660804673,0,,-0.2640114753648559,0.1359583588840029,-0.9741593627768164,76527.91821693428,83025.57165044756,88477.08843391953,76527.91821693428
2024-12-18,73.38999938964844,2636.5,84.91539764404297,751.9994506835938,30.40999984741211,24198.849609375,4.49399995803833,,64.37999725341797,76570.0,88950.0,pdf,652.86877,272.4088472903677,0.3570346627918323,946.5964228404337,0,,-0.2987408348014364,-0.0022371404852394,0.2732571957519747,76297.59115270963,82775.68851473214,88003.40357715957,76297.59115270963
2024-12-19,72.87999725341797,2592.199951171875,85.16549682617188,740.2837524414062,29.0939998626709,23951.69921875,4.570000171661377,,63.77999877929688,75629.0,86846.0,pdf,652.86877,392.46503859979566,0.5216415652330988,2402.9871511939127,0,,-1.6802597696994104,0.2945274815497001,-0.6949204802724207,75236.5349614002,81624.5426468021,84443.01284880609,75236.5349614002
2024-12-20,72.94000244140625,2628.699951171875,85.27940368652344,717.1016235351562,29.65999984741211,23587.5,4.52400016784668,,63.31999969482422,75547.0,85700.0,pdf,644.3905890000001,-850.9623402943835,-1.1138547602932107,-500.9203578202287,0,,1.408070391464178,0.1337476614315491,0.0823342347004096,76397.96234029438,82884.58178428163,86200.92035782023,76397.96234029438
2024-12-23,72.62999725341797,2612.300048828125,84.94499969482422,721.8377685546875,29.88800048828125,23753.44921875,4.598999977111816,,63.970001220703125,76164.0,87400.0,pdf,644.3905890000001,540.376786688299,0.7145608260054628,877.0567975528829,0,,-0.6238788240719106,-0.3921274976645517,-0.425013953402753,75623.6232133117,82044.49688236647,86522.94320244712,75623.6232133117
2024-12-24,73.58000183105469,2620.0,85.0988998413086,717.8992309570312,29.974000930786133,23727.650390625,4.591000080108643,,63.68000030517578,,,,644.3905890000001,,,,0,,0.2947575327470142,0.1811762281915152,1.3080058014073748,75983.94542070257,82435.41248472448,86929.11644140996,75983.94542070257
2024-12-25,,,85.18150329589844,,,,,,,75961.0,87800.0,pdf,644.3905890000001,,,,0,,,0.0970675939922616,,,,,
2024-12-26,73.26000213623047,2638.800048828125,85.41339874267578,724.3304443359375,30.04700088500977,23750.19921875,4.578999996185303,,64.0,76285.0,87900.0,pdf,644.3905890000001,-527.0030283131782,-0.6860946304432693,437.1274721608934,0,,,0.2722368563651711,,76812.00302831318,83333.77687033976,87462.8725278391,76812.00302831318
2024-12-27,74.16999816894531,2617.199951171875,85.26090240478516,719.54443359375,29.655000686645508,23813.400390625,4.61899995803833,,64.20999908447266,76635.0,88434.0,pdf,640.27851,587.7643553573871,0.7728937815753386,2266.3067654960178,0,,-0.8185575737669981,-0.1785391286793891,1.2421457905811506,76047.23564464261,82504.07640692357,86167.69323450398,76047.23564464261
2024-12-30,74.38999938964844,2606.10009765625,85.38600158691406,742.2280883789062,29.106000900268555,23644.900390625,4.545000076293945,,64.0,76296.0,87430.0,pdf,640.27851,460.1824558067601,0.6068141291396896,2733.430758512841,0,,-0.4241117882741396,0.1467251443516115,0.2966175355728184,75835.81754419324,82274.70771303984,84696.56924148716,75835.81754419324
2024-12-31,74.63999938964844,2629.199951171875,85.7865982055664,764.0142822265625,28.940000534057617,23644.80078125,4.572999954223633,,64.08999633789062,76045.0,85680.0,pdf,640.27851,-821.9529159332742,-1.0693189787713007,1071.3852216913656,0,,0.8863762959987476,0.4691595943213,0.3360666783857935,76866.95291593327,83393.3923144559,84608.61477830863,76866.95291593327
2025-01-01,,,,773.5862426757812,,23742.900390625,,,64.3499984741211,76534.0,85900.0,pdf,640.27851,,,,0,,,,,,,,
2025-01-02,75.93000030517578,2658.89990234375,85.78569793701172,785.6011352539062,29.621999740600582,24188.650390625,4.574999809265137,,64.5999984741211,76769.0,86907.0,pdf,640.27851,-965.4411076707038,-1.2419734340579645,305.40991015013424,0,,,,,77734.4411076707,84334.53516398235,86601.59008984987,77734.4411076707
2025-01-03,76.51000213623047,2645.0,85.80400085449219,775.5305786132812,29.80599975585937,24004.75,4.5960001945495605,,65.06999969482422,77469.0,87667.0,pdf,634.58512,124.43196240301768,0.16088002759616116,508.88370337754895,0,,-0.5227689215189235,0.0213356281065779,0.763863859770253,77344.56803759698,83911.55966343067,87158.11629662245,77344.56803759698
2025-01-06,76.30000305175781,2638.39990234375,85.75900268554688,742.3776245117188,30.34199905395508,23616.05078125,4.618000030517578,,64.61000061035156,76948.0,87568.0,pdf,634.58512,-163.10870779267862,-0.2115242674188073,-1110.944589971361,0,,-0.2495311023156921,-0.0524429729350517,-0.2744727207022457,77111.10870779268,83658.27831505808,88678.94458997136,77111.10870779268
2025-01-07,77.05000305175781,2656.699951171875,85.68070220947266,720.8406372070312,30.44700050354004,23707.900390625,4.683000087738037,,64.7699966430664,77196.0,89288.0,pdf,634.58512,-379.0614621681452,-0.4886383007933628,383.41992655467766,0,,0.6936040594857751,-0.0913029228678419,0.9829619528209488,77575.06146216815,84161.62328442768,88904.58007344532,77575.06146216815
2025-01-08,76.16000366210938,2664.5,85.80650329589844,704.3389282226562,30.45199966430664,23688.94921875,4.692999839782715,,65.12000274658203,77410.0,89468.0,pdf,634.58512,-507.0555448218656,-0.650763226711232,418.26649297514814,0,,0.2935991633034929,0.1468254614886532,-1.1550932568433314,77917.05554482187,84532.65460051429,89049.73350702485,77917.05554482187
2025-01-09,76.91999816894531,2683.800048828125,85.90750122070312,660.6168823242188,30.791000366210938,23526.5,,,65.4000015258789,77579.0,89428.0,pdf,634.58512,-994.8162358174304,-1.2660912801177513,-719.0437616265845,0,,0.7243403575952323,0.1177042775608816,0.9978918990179108,78573.81623581743,85245.17799168872,90147.04376162658,78573.81623581743
2025-01-10,79.76000213623047,2708.5,85.91999816894531,624.9213256835938,31.090999603271484,23431.5,4.776000022888184,,65.93000030517578,77908.0,89969.0,pdf,625.871054,-1400.4938810820895,-1.7658813231052384,-1069.5952295655152,0,,0.9203349997202626,0.014546981421426,3.692152931474912,79308.49388108209,86042.23392758906,91038.59522956552,79308.49388108209
2025-01-13,81.01000213623047,2673.5,86.18800354003906,571.4278564453125,30.090999603271484,23085.94921875,4.802999973297119,,66.25,78350.0,90150.0,pdf,625.871054,-177.83291660170653,-0.22645845427896757,1764.7002379191545,0,,-1.2922281705741168,0.3119243212351685,1.5672015628397151,78527.8329166017,85195.29042838863,88385.29976208085,78527.8329166017
2025-01-14,79.91999816894531,2677.5,86.65059661865234,594.659912109375,30.131999969482425,23176.05078125,4.788000106811523,,66.04000091552734,78025.0,88400.0,pdf,625.871054,-1042.4331805835973,-1.3184102969458544,-580.7616875592357,0,,0.1496166074434368,0.5367255994024545,-1.3455177614390743,79067.4331805836,85780.7058091237,88980.76168755924,79067.4331805836
2025-01-15,82.02999877929688,2712.5,86.535400390625,553.4803466796875,31.319000244140625,23213.19921875,4.652999877929688,,66.26000213623047,78269.0,88908.0,pdf,625.871054,-1725.5054328755796,-2.157029940416937,-3455.057518235524,0,,1.3071895424836557,-0.1329433754903242,2.640140964331805,79994.50543287558,86786.49174321406,92363.05751823552,79994.50543287558
2025-01-16,81.29000091552734,2746.39990234375,86.43099975585938,537.6267700195312,31.52300071716309,23311.80078125,4.605999946594238,,66.58999633789062,78718.0,91218.0,pdf,625.871054,-2178.5340383888542,-2.6929881042308277,-1634.5193411166692,0,,1.2497659850230436,-0.1206450011144055,-0.9021063937359132,80896.53403838885,87765.10768315771,92852.51934111667,80896.53403838885
2025-01-17,80.79000091552734,2744.300048828125,86.6061019897461,500.0367736816406,30.951000213623047,23203.19921875,4.609000205993652,,66.66000366210938,,,,623.9832879999999,,,,0,,-0.0764584033750126,0.2025919338910053,-0.6150817989528323,80998.44638527183,87875.6729651534,91352.36259767653,80998.44638527183
2025-01-20,,,86.56900024414062,529.3510131835938,,23344.75,,,66.58999633789062,79383.0,90681.0,pdf,623.9832879999999,,,,0,,,-0.0428396438046152,,,,,
2025-01-21,79.29000091552734,2755.0,86.21109771728516,486.9251403808594,31.31100082397461,23024.650390625,4.573999881744385,,66.94999694824219,79449.0,91075.0,pdf,623.9832879999999,-1494.388578066093,-1.8462145016634999,-918.4122128175659,0,,,-0.4134303571094899,,80943.3885780661,87815.94043846792,91993.41221281757,80943.3885780661
2025-01-22,79.0,2767.60009765625,86.45189666748047,484.2330017089844,31.23900032043457,23155.349609375,4.598999977111816,,67.62000274658203,80142.0,91167.0,pdf,623.9832879999999,-1398.7058109396603,-1.7153467057088034,-871.2296963189001,0,,0.4573538169237778,0.2793131703124452,-0.3657471461455785,81540.70581093966,88463.9732854534,92038.2296963189,81540.70581093966
2025-01-23,78.29000091552734,2763.10009765625,86.47270202636719,476.7548828125,30.67300033569336,23205.349609375,4.638000011444092,,67.43000030517578,80126.0,90713.0,pdf,623.9832879999999,-1301.7156263681827,-1.5986149388509396,320.60520905823796,0,,-0.1625957450937631,0.0240658212123934,-0.8987330183198194,81427.71562636818,88341.38959464472,90392.39479094176,81427.71562636818
2025-01-24,78.5,2777.300048828125,86.44020080566406,457.4114990234375,31.02300071716309,23092.19921875,4.625999927520752,,67.7699966430664,80430.0,91265.0,pdf,629.556939,-1385.4215292107983,-1.6933501084708795,-124.4730908414931,0,,0.5139137443453512,-0.0375855269252656,0.2682323183253565,81815.4215292108,88762.01392320037,91389.4730908415,81815.4215292108
2025-01-27,77.08000183105469,2737.5,86.2030029296875,435.9243774414063,30.253999710083008,22829.150390625,4.527999877929688,,67.69000244140625,80048.0,89856.0,pdf,629.556939,-373.6772232130461,-0.46464738875799927,976.4602960556513,0,,-1.4330482169155112,-0.2744069006848204,-1.808914864898492,80421.67722321305,87249.93283650471,88879.53970394435,80421.67722321305
2025-01-28,77.48999786376953,2766.800048828125,86.46839904785156,436.7718811035156,30.72699928283692,22957.25,4.551000118255615,,67.58000183105469,80006.0,89725.0,pdf,629.556939,-1526.6946967854456,-1.8724938534941344,-822.0220927958289,0,,1.0703214183789944,0.3078734024852148,0.5319097340104939,81532.69469678545,88455.28198236156,90547.02209279583,81532.69469678545
2025-01-29,76.58000183105469,2769.10009765625,86.58460235595703,447.3908386230469,31.238000869750977,23163.099609375,4.554999828338623,,67.86000061035156,80819.0,90428.0,pdf,629.556939,-891.1344510337076,-1.0906045584440156,-1748.5613749119511,0,,0.0831302872464245,0.1343881804046764,-1.1743399894198592,81710.13445103371,88647.78737612147,92176.56137491195,81710.13445103371
2025-01-30,76.87000274658203,2823.0,86.6406021118164,439.36431884765625,32.36399841308594,23249.5,4.51200008392334,,68.08999633789062,81006.0,91600.0,pdf,629.556939,-2348.479382499456,-2.8174603211456524,-3960.901114375374,0,,1.9464772107505413,0.0646763446797926,0.3786901391921171,83354.47938249946,90431.74649988148,95560.90111437537,83354.47938249946
2025-01-31,76.76000213623047,2812.5,86.64700317382812,501.6321105957031,32.12799835205078,23508.400390625,4.568999767303467,,69.08000183105469,82165.0,93177.0,pdf,630.60739,-885.5821569839754,-1.0663166157102058,-1694.074370717819,0,,-0.3719447396386854,0.0073880627046607,-0.1430995270212287,83050.58215698398,90102.04667974675,94871.07437071782,83050.58215698398
2025-02-01,,,,503.9752502441406,,23482.150390625,,,68.94999694824219,,,,630.60739,,,,0,,,,,,,,
2025-02-03,75.95999908447266,2833.89990234375,86.55400085449219,501.43267822265625,32.391998291015625,23361.05078125,4.543000221252441,,69.63999938964844,82094.0,92475.0,pdf,630.60739,-1498.6815448893612,-1.7928382212318046,-3072.9759713483218,0,,,,,83592.68154488936,90690.17337417242,95547.97597134832,83592.68154488936
2025-02-04,76.19999694824219,2853.300048828125,86.94339752197266,562.1549682617188,32.88800048828125,23739.25,4.513000011444092,,70.08000183105469,82963.0,93475.0,pdf,630.60739,-1580.5839755690977,-1.869549291908237,-3972.495303255113,0,,0.6845741611526401,0.4498886979645178,0.3159529576911124,84543.5839755691,91721.81280368344,97447.49530325511,84543.5839755691
2025-02-05,74.61000061035156,2871.60009765625,87.13009643554688,566.1931762695312,32.85699844360352,23696.30078125,4.421999931335449,,71.56999969482422,84323.0,95421.0,pdf,630.60739,-945.5263842017157,-1.1088808782051378,-2143.6936695939658,0,,0.6413643330515084,0.2147361604163622,-2.086609450877808,85268.52638420172,92508.30692625657,97564.69366959397,85268.52638420172
2025-02-06,74.29000091552734,2856.0,87.33409881591797,540.8174438476562,32.518001556396484,23603.349609375,4.440000057220459,,71.43000030517578,84672.0,95292.0,pdf,630.60739,-331.86046308533696,-0.3904063430500949,-1492.162004142796,0,,-0.5432545314712378,0.2341353776900812,-0.4288965181697413,85003.86046308534,92221.16937032841,96784.1620041428,85003.86046308534
2025-02-07,74.66000366210938,2867.300048828125,87.58830261230469,537.8262329101562,32.334999084472656,23559.94921875,4.486999988555908,,71.54000091552734,84522.0,95142.0,pdf,638.261393,-1066.5868209223554,-1.2461787961915798,-1377.611807872061,0,,0.3956599729735721,0.2910704980451317,0.4980518804983624,85588.58682092236,92855.54230571764,96519.61180787206,85588.58682092236
2025-02-10,75.87000274658203,2914.300048828125,87.51309967041016,520.5267944335938,32.391998291015625,23381.599609375,4.493000030517578,,72.5199966430664,85368.0,94940.0,pdf,638.261393,-1548.8410246858111,-1.7819803463012591,-1666.736395046537,0,,1.6391727129920983,-0.0858595721707322,1.6206791121371689,86916.84102468581,94296.57280980064,96606.73639504654,86916.84102468581
2025-02-11,77.0,2912.5,87.49009704589844,518.7320556640625,32.23099899291992,23071.80078125,4.537000179290772,,71.9800033569336,85903.0,94410.0,pdf,638.261393,-937.3241130258539,-1.0793650560376677,-1691.301254309903,0,,-0.0617660775474648,-0.0262847786198339,1.4893860715839755,86840.32411302585,94213.55917922614,96101.3012543099,86840.32411302585
2025-02-12,75.18000030517578,2909.0,86.81120300292969,511.1043701171875,32.69499969482422,23045.25,4.63700008392334,,71.47000122070312,85093.0,94400.0,pdf,638.261393,-969.9244000366016,-1.1269944715429505,-2328.3357509410707,0,,-0.1201716738197467,-0.7759667275401338,-2.3636359673041785,86062.9244000366,93370.15383022837,96728.33575094107,86062.9244000366
2025-02-13,75.0199966430664,2925.89990234375,86.8740005493164,524.9140014648438,32.650001525878906,23031.400390625,4.525000095367432,,71.87000274658203,85744.0,95626.0,pdf,638.261393,-881.5268721729517,-1.0176294494274851,-1039.0835283504566,0,,0.5809522978257098,0.0723380672245754,-0.2128274294491583,86625.52687217295,93980.5244367914,96665.08352835046,86625.52687217295
2025-02-14,74.73999786376953,2883.60009765625,86.75409698486328,486.9749755859375,32.80099868774414,22929.25,4.4720001220703125,,72.22000122070312,86089.0,97494.0,pdf,635.721193,833.6525664669607,0.9778302377066667,515.9016304163815,0,,-1.445702385567471,-0.1380200793044572,-0.3732321938496818,85255.34743353304,92494.00900807828,96978.09836958362,85255.34743353304
2025-02-17,,,86.43460083007812,505.570556640625,,22959.5,,,71.6500015258789,84959.0,95023.0,pdf,635.721193,,,,0,,,-0.3682778864505964,,,,,
2025-02-18,75.83999633789062,2931.60009765625,86.85479736328125,482.8869323730469,33.31700134277344,22945.30078125,4.544000148773193,,71.9800033569336,85725.0,95959.0,pdf,635.721193,-1050.1038879983535,-1.2101442014448465,-2659.029623723429,0,,,0.4861438928019046,,86775.10388799835,94142.80138792272,98618.02962372343,86775.10388799835
2025-02-19,76.04000091552734,2919.39990234375,86.88719940185547,481.74029541015625,32.99300003051758,22932.900390625,4.534999847412109,,72.7300033569336,86430.0,97000.0,pdf,635.721193,-16.21677162400738,-0.018759376904658873,-695.4212505995965,0,,-0.4161616491367259,0.0373059860340196,0.2637191288164642,86446.21677162401,93785.98989374301,97695.4212505996,86446.21677162401
2025-02-20,76.4800033569336,2940.0,86.872802734375,492.4090881347656,33.444000244140625,22913.150390625,4.5,,72.48999786376953,86541.0,97181.0,pdf,635.721193,-500.7806489321956,-0.57533364459995,-1833.4671181402227,0,,0.7056278120620485,-0.0165693768237162,0.5786460232885204,87041.7806489322,94432.12051535095,99014.46711814022,87041.7806489322
2025-02-21,74.43000030517578,2937.60009765625,86.45120239257812,483.8341674804688,32.97600173950195,22795.900390625,4.420000076293945,,72.08000183105469,85979.0,96844.0,pdf,640.47948,-569.6534397717478,-0.6581886801603024,-311.1079623988626,0,,-0.0816293314200633,-0.4853076319938365,-2.680443203160454,86548.65343977175,93897.12401484669,97155.10796239886,86548.65343977175
2025-02-24,74.77999877929688,2947.89990234375,86.52940368652344,477.7021179199219,32.57500076293945,22553.349609375,4.39300012588501,,72.5999984741211,86356.0,96244.0,pdf,640.47948,-574.6740135378059,-0.6610716183430388,183.52080725615087,0,,0.3506197012900891,0.0904571501391116,0.4702384424103645,86930.6740135378,94311.5802977061,96060.47919274385,86930.6740135378
2025-02-25,73.0199966430664,2904.5,86.69010162353516,476.6551818847656,31.801000595092773,22547.55078125,4.297999858856201,,72.75,,,,640.47948,,,,0,,-1.4722312080286182,0.1857148323752389,-2.353573368495065,85809.91984036888,93095.66775134359,93952.18839416195,85809.91984036888
2025-02-26,72.52999877929688,2916.800048828125,87.0811996459961,,32.25299835205078,,4.249000072479248,,,86496.0,95725.0,pdf,640.47948,-66.07636511014425,-0.07633408056368794,7.554182084597414,0,,0.4234824867662246,0.4511449578861182,-0.6710461329719308,86562.07636511014,93911.68662252514,95717.4458179154,86562.07636511014
2025-02-27,74.04000091552734,2883.199951171875,87.16220092773438,467.8310241699219,31.801000595092773,22545.05078125,4.284999847412109,,71.87999725341797,85738.0,95725.0,pdf,640.47948,93.48518127878197,0.10915489623200812,1261.1642327446898,0,,-1.1519506683274172,0.0930181050187384,2.0819001263536308,85644.51481872122,92916.21890710319,94463.83576725531,85644.51481872122
2025-02-28,73.18000030517578,2836.800048828125,87.3270034790039,460.9012756347656,31.2189998626709,22124.69921875,4.230999946594238,,71.0999984741211,85114.0,93601.0,pdf,638.6984100000001,688.4522007982159,0.815454822319465,690.6390375490591,0,,-1.6093196146486743,0.1890757111631114,-1.161535115771728,84425.54779920178,91593.75468781324,92910.36096245094,84425.54779920178
2025-03-03,71.62000274658203,2890.199951171875,87.46399688720703,439.1649169921875,32.03200149536133,22119.30078125,4.179999828338623,,71.36000061035156,85020.0,93653.0,pdf,638.6984100000001,-1129.7085230488447,-1.3113317995110776,-1826.4698932972678,0,,1.8823992323959928,0.1568740512618793,-2.131726635813392,86149.70852304884,93464.30641651525,95479.46989329727,86149.70852304884
2025-03-04,71.04000091552734,2909.60009765625,87.32959747314453,458.259033203125,32.108001708984375,22082.650390625,4.210000038146973,,72.41999816894531,85817.0,94873.0,pdf,638.6984100000001,-777.7104526213807,-0.8981038778885807,-685.943424611396,0,,0.6712389043017186,-0.153662556989953,-0.8098321820887766,86594.71045262138,93947.09152878734,95558.9434246114,86594.71045262138
2025-03-05,69.30000305175781,2915.300048828125,87.21700286865234,466.0861206054688,32.858001708984375,22337.30078125,4.264999866485596,,72.2699966430664,86456.0,95785.0,pdf,638.6984100000001,-196.48498880269472,-0.22675055288729995,-1879.9899551276903,0,,0.1959015321887802,-0.1289306349165464,-2.449321285677541,86652.4849888027,94009.77145011611,97664.98995512769,86652.4849888027
2025-03-06,69.45999908447266,2916.60009765625,86.88929748535156,449.0858459472656,33.0629997253418,22544.69921875,4.285999774932861,,71.88999938964844,86346.0,96898.0,pdf,638.6984100000001,-19.397316354414215,-0.022459592565020343,-1007.0611033137538,0,,0.0445939974050846,-0.3757356622243746,0.2308744959150344,86365.39731635441,93698.30840925241,97905.06110331375,86365.39731635441
2025-03-07,70.36000061035156,2904.699951171875,87.12879943847656,430.4404296875,32.54800033569336,22552.5,4.316999912261963,,72.20999908447266,85966.0,96796.0,pdf,653.965643,-284.1006777640432,-0.32939170566937853,150.2757254193275,0,,-0.4080143347021669,0.2756403378280092,1.295711974865399,86250.10067776404,93573.22243342325,96645.72427458067,86250.10067776404
2025-03-10,69.27999877929688,2891.0,87.07379913330078,406.31103515625,32.275001525878906,22460.30078125,4.2129998207092285,,72.16999816894531,86027.0,96422.0,pdf,653.965643,237.88479044643464,0.27729017820659785,647.3952164599759,0,,-0.4716477227311499,-0.0631252875401111,-1.5349656362791395,85789.11520955357,93073.09668960999,95774.60478354002,85789.11520955357
2025-03-11,69.55999755859375,2912.89990234375,87.3551025390625,420.2701721191406,32.88800048828125,22497.900390625,4.288000106811523,,72.08000183105469,85723.0,95875.0,pdf,653.965643,-995.2374442037835,-1.147667980272476,-2033.9406097725005,0,,0.7575199703822255,0.3230632045020387,0.4041552890161837,86718.23744420378,94081.10666116446,97908.9406097725,86718.23744420378
2025-03-12,70.94999694824219,2939.10009765625,87.20010375976562,426.00341796875,33.48400115966797,22470.5,4.317999839782715,,72.31999969482422,86235.0,97624.0,pdf,653.965643,-1107.9753836449381,-1.2685340507101703,-1882.3860317992658,0,,0.8994540214519287,-0.1774352897445985,1.9982740633042395,87342.97538364494,94758.88838791667,99506.38603179927,87342.97538364494
2025-03-13,69.87999725341797,2984.300048828125,87.3405990600586,429.6427612304688,34.05099868774414,22397.19921875,4.27400016784668,,72.81999969482422,,,,653.965643,,,,0,,1.5378840349098422,0.1611182719231996,-1.5081039335417823,88829.09874515318,96371.192034836,101354.40389087056,88829.09874515318
2025-03-14,70.58000183105469,2994.5,86.9220962524414,,34.1870002746582,,4.308000087738037,,,86672.0,97950.0,pdf,654.2707800000001,-2033.6152078100422,-2.292543942168605,-3321.6276998873363,0,,0.3417870524071498,-0.4791618240784112,1.0017238196191824,88705.61520781004,96237.224046209,101271.62769988734,88705.61520781004
2025-03-17,71.06999969482422,3000.0,86.93900299072266,426.751220703125,34.07400131225586,22508.75,4.306000232696533,,73.52999877929688,87891.0,99685.0,pdf,654.2707800000001,-994.8261965689017,-1.1192180341203861,-1271.525282094488,0,,0.183670061779928,0.0194504493220559,0.6942446175368877,88885.8261965689,96432.73596797569,100956.52528209449,88885.8261965689
2025-03-18,70.55999755859375,3035.10009765625,86.91639709472656,426.751220703125,34.57899856567383,22834.30078125,4.281000137329102,,73.52999877929688,88256.0,99929.0,pdf,654.2707800000001,-1646.4107347218378,-1.8313310191202314,-2497.1220988124114,0,,1.1700032552083297,-0.0260020189080223,-0.7176053727598553,89902.41073472184,97535.6342876699,102426.12209881241,89902.41073472184
2025-03-19,70.77999877929688,3035.89990234375,86.57610321044922,452.2266540527344,33.974998474121094,22907.599609375,4.25600004196167,,74.25,88680.0,100248.0,pdf,654.2707800000001,-894.0242348351603,-0.9980842576541024,4.993491453235038,0,,0.0263518388773364,-0.3915186266941872,0.3117931240295579,89574.02423483516,97179.36591515134,100243.00650854676,89574.02423483516
2025-03-20,72.0,3040.0,86.33709716796875,465.8866882324219,33.7859992980957,23190.650390625,4.232999801635742,,74.48999786376953,88761.0,99613.0,pdf,654.2707800000001,-686.3811352621124,-0.7673574413812837,202.83038643207692,0,,0.1350537826719788,-0.2760646802264732,1.723652503170103,89447.38113526211,97041.9700995768,99410.16961356792,89447.38113526211
2025-03-21,72.16000366210938,3018.199951171875,86.33609771728516,469.8251953125,33.290000915527344,23350.400390625,4.251999855041504,,73.94999694824219,88457.0,97844.0,pdf,658.7995520000001,-347.91979023619206,-0.3917798597848006,-105.63584080793953,0,,-0.7171068693462179,-0.0011576144164915,0.2222273084852455,88804.91979023619,96344.96014978453,97949.63584080794,88804.91979023619
2025-03-24,73.0,3013.10009765625,85.98699951171875,488.4207763671875,33.26499938964844,23658.349609375,4.330999851226807,,73.0,87845.0,97638.0,pdf,658.7995520000001,-451.39198915986344,-0.511223594748108,157.68635518425435,0,,-0.1689700350583134,-0.4043479086923263,1.164074688554506,88296.39198915986,95793.25545993757,97480.31364481575,88296.39198915986
2025-03-25,73.0199966430664,3023.699951171875,85.53209686279297,467.8310241699219,34.00199890136719,23668.650390625,4.307000160217285,,73.2300033569336,87559.0,97378.0,pdf,658.7995520000001,-579.2484074507665,-0.6572043555630722,-1734.89724223761,0,,0.3517922794489925,-0.5290365421621535,0.027392661734793,88138.24840745077,95621.68459298903,99112.89724223761,88138.24840745077
2025-03-26,73.79000091552734,3020.89990234375,85.59040069580078,472.9161071777344,34.03300094604492,23486.849609375,4.3379998207092285,,73.25,87798.0,98779.0,pdf,658.7995520000001,-318.6541031451343,-0.361627556548088,-491.8884570451919,0,,-0.0926033956193284,0.0681660278963436,1.0545115144620532,88116.65410314513,95598.25681001593,99270.88845704519,88116.65410314513
2025-03-27,74.02999877929688,3060.199951171875,86.09539794921875,467.6814270019531,34.89699935913086,23591.94921875,4.36899995803833,,73.80000305175781,87955.0,98938.0,pdf,658.7995520000001,-1834.663721556004,-2.043290558750085,-3453.67006547442,0,,1.3009384653107636,0.5900162276524457,0.3252444244366881,89789.663721556,97413.31441489566,102391.67006547442,89789.663721556
2025-03-28,73.62999725341797,3086.5,85.69490051269531,465.8866882324219,34.64400100708008,23519.349609375,4.255000114440918,,74.16000366210938,,,,665.39588,,,,0,,0.8594225621777918,-0.4651786809321212,-0.5403235613597901,90140.0643202148,97793.46600778021,101176.49373360715,90140.0643202148
2025-03-31,74.73999786376953,3122.800048828125,85.53880310058594,,34.457000732421875,,4.245999813079834,,,89306.0,100934.0,pdf,665.39588,-1728.0679374223837,-1.898265096326655,486.93657779275964,0,,1.1760910036651584,-0.1821548437252129,1.50753857362127,91034.06793742238,98763.37559248654,100447.06342220724,91034.06793742238
2025-04-01,74.48999786376953,3118.89990234375,85.46810150146484,456.7135314941406,34.15800094604492,23165.69921875,4.156000137329102,,76.72000122070312,90966.0,99832.0,pdf,665.39588,120.77659041268635,0.132947650828211,338.86702588706976,0,,-0.124892609945959,-0.0826544171280474,-0.3344929183108691,90845.22340958731,98558.49709530699,99493.13297411293,90845.22340958731
2025-04-02,74.94999694824219,3139.89990234375,85.61009979248047,509.6087646484375,34.499000549316406,23332.349609375,4.196000099182129,,76.2300033569336,90921.0,99092.0,pdf,665.39588,-687.8455050817429,-0.7508505333620721,-1561.3236630567262,0,,0.6733143306144385,0.1661418570449768,0.6175313433542051,91608.84550508174,99386.95502909811,100653.32366305673,91608.84550508174
2025-04-03,70.13999938964844,3097.0,85.65119934082031,507.6145935058594,31.8439998626709,23250.099609375,4.054999828338623,,75.8499984741211,91205.0,97300.0,pdf,665.39588,804.411571034856,0.8898300166120551,4348.229721752199,0,,-1.3662824828182485,0.0480078266927197,-6.417608745088232,90400.58842896514,98076.11008802822,92951.7702782478,90400.58842896514
2025-04-04,65.58000183105469,3012.0,85.28289794921875,485.7286376953125,29.11599922180176,22904.44921875,3.984999895095825,,74.98999786376953,90310.0,93057.0,pdf,676.2683689999999,2768.593425039071,3.1626101674164318,8433.642572642973,0,,-2.744591540200192,-0.4300014412361386,-6.501279723801556,87541.40657496093,94974.16751057081,84623.35742735703,87541.40657496093
2025-04-07,64.20999908447266,2951.300048828125,85.529296875,484.881103515625,29.51000022888184,22161.599609375,4.15500020980835,,73.83000183105469,88401.0,88375.0,pdf,676.2683689999999,2375.962584266046,2.761943098941894,2358.7077956244902,0,,-2.0152706232362205,0.2889195040346459,-2.08905566991503,86025.03741573395,93329.0500265038,86016.29220437551,86025.03741573395
2025-04-08,62.81999969482422,2968.39990234375,86.0270004272461,490.8635864257813,29.59199905395508,22535.849609375,4.26200008392334,,73.68000030517578,88306.0,89580.0,pdf,676.2683689999999,1279.0441759953537,1.469710348805002,2822.767850141652,0,,0.579400712659317,0.5819100243200648,-2.164770922702864,87026.95582400465,94416.03697887296,86757.23214985835,87026.95582400465
2025-04-09,65.4800033569336,3056.5,86.435302734375,492.6084899902344,30.32299995422364,22399.150390625,4.400000095367432,,74.88999938964844,,,,676.2683689999999,,,,0,,2.9679322380616213,0.4746211132564237,4.234326130263466,90035.16420212331,97679.65927588848,89322.30590477679,90035.16420212331
2025-04-10,63.33000183105469,3155.199951171875,86.20929718017578,,30.67099952697754,,4.394000053405762,,,89358.0,90010.0,pdf,676.2683689999999,-3341.5432889094227,-3.604703076578377,-101.17179147977731,0,,3.22918210933667,-0.2614736653306582,-3.283447488783986,92699.54328890942,100570.2592285338,90111.17179147978,92699.54328890942
2025-04-11,64.76000213623047,3222.199951171875,86.2603988647461,509.2597961425781,31.823999404907227,22828.55078125,4.493000030517578,,77.9000015258789,,,,677.83523,,,,0,,2.123478734687345,0.059276303417155,2.258013996258179,94724.11406775907,102766.72752634238,93554.09954079328,94724.11406775907
2025-04-14,64.87999725341797,3204.800048828125,86.19300079345703,,32.09199905395508,,4.363999843597412,,,93074.0,92627.0,pdf,677.83523,-1064.9917985450302,-1.1312972214787307,-1641.234826191343,0,,-0.5400007016144959,-0.0781332710908744,0.185292021663419,94138.99179854503,102131.92506445922,94268.23482619134,94138.99179854503
2025-04-15,64.66999816894531,3218.699951171875,86.0447998046875,512.64990234375,32.22700119018555,23328.55078125,4.322999954223633,,77.66000366210938,,,,677.83523,,,,0,,0.4337213595847489,-0.1719408622570917,-0.3236730785490138,94384.72728334043,102398.52488286931,94502.0276707714,94384.72728334043
2025-04-16,65.8499984741211,3326.60009765625,85.72669982910156,523.817138671875,32.92599868774414,23437.19921875,4.27899980545044,,79.2300033569336,94489.0,95403.0,pdf,677.83523,-2699.1476054564555,-2.7772394802850595,-791.8153243941051,0,,3.352289685936416,-0.369691110105419,1.8246487375693563,97188.14760545646,105439.97145874992,96194.8153243941,97188.14760545646
2025-04-17,67.95999908447266,3308.699951171875,85.62049865722656,523.1192626953125,32.41999816894531,23851.650390625,4.333000183105469,,79.52999877929688,,,,677.83523,,,,0,,-0.5380913232397977,-0.1238834249851161,3.204253089209685,96545.43447202591,104742.68834229224,94599.17354230097,96545.43447202591
2025-04-21,66.26000213623047,3406.199951171875,,527.6061401367188,32.49599838256836,24125.55078125,4.40500020980835,,81.06999969482422,96587.0,96200.0,pdf,686.1454640000001,,,,0,,2.9467767231497577,,-2.5014669969744,,,,
2025-04-22,67.44000244140625,3400.800048828125,85.15889739990234,523.4682006835938,32.880001068115234,24167.25,4.388999938964844,,82.9000015258789,99100.0,95900.0,pdf,686.1454640000001,402.14111534669064,0.4074466456427052,475.8157211759826,0,,-0.1585315724607516,,1.780863669080035,98697.85888465331,107077.86577108613,95424.18427882402,98697.85888465331
2025-04-23,66.12000274658203,3276.300048828125,85.2323989868164,536.4302978515625,33.518001556396484,24328.94921875,4.38700008392334,,80.38999938964844,95784.0,96115.0,pdf,686.1454640000001,617.3056601412973,0.6486572476046916,-1244.7460996109585,0,,-3.660903264303972,0.08631110683468,-1.957294850294633,95166.6943398587,103246.88536871462,97359.74609961096,95166.6943398587
2025-04-24,66.55000305175781,3332.0,85.4999008178711,518.2833862304688,33.48199844360352,24246.69921875,4.304999828338623,,80.51000213623047,96075.0,97616.0,pdf,686.1454640000001,-1013.3693785764626,-1.0437598087831033,55.596865981366136,0,,1.7000869988021303,0.3138499376229786,0.6503331629066134,97088.36937857646,105331.72149562539,97560.40313401863,97088.36937857646
2025-04-25,66.87000274658203,3282.39990234375,85.2573013305664,499.7875061035156,32.98899841308594,24039.349609375,4.265999794006348,,80.02999877929688,95669.0,97513.0,pdf,688.12865,297.2665888933843,0.31169255109582167,1661.8527980475774,0,,-1.48859836903511,-0.2837424195631155,0.4808409919611067,95371.73341110662,103469.33341770999,95851.14720195242,95371.73341110662
2025-04-28,65.86000061035156,3332.5,85.38490295410156,516.6880493164062,32.9900016784668,24328.5,4.216000080108643,,79.05000305175781,95420.0,96013.0,pdf,688.12865,-1552.3344447461131,-1.6008013560100671,15.476336173524032,0,,1.5263252238240987,0.1496665054414592,-1.5103964329986397,96972.33444474611,105205.83453911134,95997.52366382648,96972.33444474611
2025-04-29,64.25,3318.800048828125,85.1603012084961,516.6880493164062,33.275001525878906,24335.94921875,4.172999858856201,,80.04000091552734,96286.0,96481.0,pdf,688.12865,-33.64650843576237,-0.034932134466269645,-91.14467234991025,0,,-0.4111013104838745,-0.2630462035264069,-2.444580314957534,96319.64650843576,104497.72970254821,96572.14467234991,96319.64650843576
2025-04-30,63.119998931884766,3305.0,85.1707992553711,515.0428466796875,32.53099822998047,24334.19921875,4.177000045776367,,79.08999633789062,,,,688.12865,,,,0,,-0.4158144095784855,0.0123273951900371,-1.7587565262493945,95930.95986989938,104076.04136828706,94424.50486317773,95930.95986989938
2025-05-01,62.130001068115234,3210.0,84.53119659423828,,32.18899917602539,,4.230999946594238,,,95689.0,96050.0,pdf,688.12865,3215.2110271978454,3.476889033003162,3319.821898770271,0,,-2.874432677760963,-0.7509647281987664,-1.5684377067843092,92473.78897280215,100325.3370931344,92730.17810122973,92473.78897280215
2025-05-02,61.290000915527344,3231.89990234375,84.69670104980469,505.7699890136719,31.98900032043457,24346.69921875,4.322000026702881,,78.37999725341797,93393.0,94200.0,pdf,686.063572,106.02733042786713,0.11365716711959566,1865.5500235256332,0,,0.6822399484034181,0.1957909768636634,-1.3520040852195825,93286.97266957213,101207.56468868675,92334.44997647437,93286.97266957213
2025-05-05,60.22999954223633,3311.300048828125,84.52629852294922,529.2512817382812,32.20500183105469,24461.150390625,4.3429999351501465,,79.58000183105469,93734.0,93718.0,pdf,686.063572,-1652.5168266852852,-1.7324427829646654,947.0972197313531,0,,2.456763788593652,-0.201191456979255,-1.7294850015616037,95386.51682668529,103485.37202895101,92770.90278026865,95386.51682668529
2025-05-06,62.150001525878906,3411.39990234375,84.2208023071289,500.7845764160156,33.112998962402344,24379.599609375,4.308000087738037,,82.12999725341797,96761.0,95845.0,pdf,686.063572,-1153.8606979288452,-1.1784326604809767,803.234932622654,0,,3.022977442079,-0.361421499768344,3.187783493666108,97914.86069792885,106228.38660624354,95041.76506737735,97914.86069792885
2025-05-07,61.119998931884766,3381.39990234375,84.79319763183594,521.57373046875,32.53099822998047,24414.400390625,4.275000095367432,,81.27999877929688,97493.0,96133.0,pdf,686.063572,-220.4061450340232,-0.2255638747326839,2127.1227257325663,0,,-0.8794043752944014,0.6796365138147964,-1.6572849053998029,97713.40614503402,106009.82742149917,94005.87727426743,97713.40614503402
2025-05-08,62.84000015258789,3296.60009765625,84.81719970703125,510.9049987792969,32.37799835205078,24273.80078125,4.373000144958496,,80.94000244140625,96024.0,94600.0,pdf,686.063572,734.1155280413368,0.7704023696842323,1009.7666989178542,0,,-2.507831286938955,0.0283066046164792,2.814138172057201,95289.88447195866,103380.5350403325,93590.23330108215,95289.88447195866
2025-05-09,63.90999984741211,3335.39990234375,86.08219909667969,517.6353149414062,32.67599868774414,24008.0,4.375,,80.80000305175781,96647.0,95686.0,pdf,690.617043,-1202.3327015405666,-1.228759224355586,-174.30942512930778,0,,1.1769642522029056,1.4914420589431154,1.7027366203469896,97849.33270154057,106157.29491204872,95860.30942512931,97849.33270154057
2025-05-12,64.95999908447266,3220.0,85.4083023071289,536.579833984375,32.38800048828125,24924.69921875,4.456999778747559,,77.9800033569336,94393.0,95917.0,pdf,690.617043,668.622539362972,0.7133923505053789,1645.4104671127861,0,,-3.459852063396052,-0.782852664804623,1.6429341880260795,93724.37746063703,101682.10762238922,94271.58953288721,93724.37746063703
2025-05-13,66.62999725341797,3240.300048828125,84.9656982421875,552.8821411132812,32.86800003051758,24578.349609375,4.499000072479248,,79.06999969482422,93942.0,96350.0,pdf,690.617043,115.51181293152331,0.123112156453324,1177.0539726334246,0,,0.6304362990100953,-0.5182213590311124,2.570810025372205,93826.48818706848,101792.88812747994,95172.94602736658,93826.48818706848
2025-05-14,66.08999633789062,3181.39990234375,85.060302734375,549.841064453125,32.22600173950195,24666.900390625,4.527999877929688,,78.58000183105469,93776.0,95949.0,pdf,690.617043,1552.45951702584,1.6833657750457403,2531.1315378216823,0,,-1.817737419276233,0.1113443355903909,-0.8104471526143464,92223.54048297416,100053.84109001912,93417.86846217832,92223.54048297416
2025-05-15,64.52999877929688,3220.699951171875,85.48760223388672,550.2897338867188,32.48099899291992,25062.099609375,4.454999923706055,,77.04000091552734,91484.0,94103.0,pdf,690.617043,-2347.7910591761174,-2.5021275120875135,-527.060455896426,0,,1.2353067842610033,0.5023489051597663,-2.360414049076553,93831.79105917612,101798.64124344577,94630.06045589643,93831.79105917612
2025-05-16,65.41000366210938,3182.0,85.44490051269531,558.7649536132812,32.15800094604492,25019.80078125,4.440999984741211,,77.77999877929688,93658.0,95588.0,pdf,685.7294969999999,999.9988627388229,1.0792363859192802,1945.7596407707024,0,,-1.201600638326883,-0.0499507765752693,1.3637143955670394,92658.00113726118,100525.18991306635,93642.2403592293,92658.00113726118
2025-05-19,65.54000091552734,3228.89990234375,85.50029754638672,557.7179565429688,32.3129997253418,24945.44921875,4.474999904632568,,78.31999969482422,93619.0,95250.0,pdf,685.7294969999999,-465.6581708691956,-0.4949352847979781,1095.4078608189302,0,,1.473912707220304,0.0648336335568489,0.1987421589050741,94084.6581708692,102072.97820424488,94154.59213918107,94084.6581708692
2025-05-20,65.37999725341797,3280.300048828125,85.37210083007812,544.5565185546875,32.97999954223633,24683.900390625,4.480999946594238,,78.19000244140625,93058.0,94954.0,pdf,685.7294969999999,-2381.057634270357,-2.4948461282955545,-1000.0295167255681,0,,1.5918779782261303,-0.149937158100577,-0.2441313089323826,95439.05763427036,103542.37384850085,95954.02951672557,95439.05763427036
2025-05-21,64.91000366210938,3309.300048828125,85.53610229492188,550.4392700195312,33.4630012512207,24813.44921875,4.5960001945495605,,79.5,95452.0,97475.0,pdf,685.7294969999999,-1015.7625190803665,-1.0529554045367837,-71.33337105737883,0,,0.8840654686561367,0.1921019434325099,-0.718864501457317,96467.76251908037,104658.42160088907,97546.33337105738,96467.76251908037
2025-05-22,64.44000244140625,3292.300048828125,85.60030364990234,552.4832763671875,33.047000885009766,24609.69921875,4.552999973297119,,79.80999755859375,95583.0,98492.0,pdf,685.7294969999999,-461.2384038620803,-0.48023537020783247,2086.022887972329,0,,-0.5137037968503289,0.0750576110647438,-0.7240813344422614,96044.23840386208,104198.93789098243,96405.97711202767,96044.23840386208
2025-05-23,64.77999877929688,3363.60009765625,85.97489929199219,551.9847412109375,33.44200134277344,24853.150390625,4.508999824523926,,79.51000213623047,95815.0,97654.0,pdf,692.721343,-2738.632367355138,-2.7788243838106177,-331.21257805940695,0,,2.1656607165408293,0.4376101790735553,0.5276168916966917,98553.63236735514,106921.39360609282,97985.2125780594,98553.63236735514
2025-05-26,,,85.19930267333984,566.6917114257812,,25001.150390625,,,79.7699966430664,95382.0,97710.0,pdf,692.721343,,,,0,,,-0.9021198338578174,,,,,
2025-05-27,64.08999633789062,3299.10009765625,85.158203125,561.1080322265625,33.145999908447266,24826.19921875,4.434000015258789,,79.55999755859375,95667.0,97357.0,pdf,692.721343,-78.54709941755573,-0.08203733938247407,1161.6193976925133,0,,,-0.0482393013208404,,95745.54709941756,103874.88600408507,96195.38060230749,95745.54709941756
2025-05-28,64.9000015258789,3293.60009765625,85.3604965209961,568.9351196289062,33.0,24752.44921875,4.477000236511231,,80.05999755859375,95627.0,97653.0,pdf,692.721343,-185.99212570645614,-0.194119943005678,1653.8305076778051,0,,-0.1667121286773709,0.2375500991949719,1.2638558812171352,95812.99212570646,103948.0574948702,95999.1694923222,95812.99212570646
2025-05-29,64.1500015258789,3317.10009765625,85.38590240478516,563.7503662109375,33.28300094604492,24833.599609375,4.423999786376953,,79.0999984741211,94830.0,97664.0,pdf,692.721343,-1695.3429092232982,-1.756370770749474,812.7448438791471,0,,0.7135049581982633,0.0297630459340281,-1.1556240098098305,96525.3429092233,104720.89089208186,96851.25515612085,96525.3429092233
2025-05-30,63.900001525878906,3288.89990234375,85.36129760742188,558.7649536132812,32.891998291015625,24750.69921875,4.415999889373779,,79.48999786376953,95315.0,97100.0,pdf,691.4846580000001,-362.1582512851455,-0.3785211203012303,1414.1166002691461,0,,-0.8501460457109866,-0.0288159949948574,-0.3897116041363557,95677.15825128515,103800.69055563954,95685.88339973085,95677.15825128515
2025-06-02,64.62999725341797,3370.60009765625,85.52429962158203,555.02587890625,34.5629997253418,24716.599609375,4.461999893188477,,80.5199966430664,96192.0,97392.0,pdf,691.4846580000001,-2049.1321606494457,-2.085818959515439,-3346.981947068227,0,,2.484119241643024,0.1909554080466335,1.142403302202455,98241.13216064945,106582.36036296873,100738.98194706823,98241.13216064945
2025-06-03,65.62999725341797,3350.199951171875,85.36370086669922,555.02587890625,34.50299835205078,24542.5,4.460000038146973,,80.97000122070312,96962.0,99939.0,pdf,691.4846580000001,-501.17760509083746,-0.5142225170633665,-436.258351902492,0,,-0.6052378179944973,-0.1877814324038995,1.547269135845597,97463.17760509084,105738.35306212683,100375.25835190249,97463.17760509084
2025-06-04,64.86000061035156,3373.5,85.70880126953125,555.0757446289062,34.51900100708008,24620.19921875,4.364999771118164,,81.30999755859375,96988.0,101000.0,pdf,691.4846580000001,-1549.7721310236811,-1.57276960652508,172.21119234524667,0,,0.6954823344193173,0.4042706669558749,-1.173238877480387,98537.77213102368,106904.1867459219,100827.78880765475,98537.77213102368
2025-06-05,65.33999633789062,3350.699951171875,85.9041976928711,552.4832763671875,35.68899917602539,24750.900390625,4.394000053405762,,81.7300033569336,97291.0,101298.0,pdf,691.4846580000001,-803.9225893741968,-0.819535372630264,-3184.9337894024357,0,,-0.67585738337409,0.2279770810530657,0.7400489099940843,98094.9225893742,106423.73677149086,104482.93378940244,98094.9225893742
2025-06-06,66.47000122070312,3322.699951171875,85.87750244140625,561.45703125,36.025001525878906,25003.05078125,4.510000228881836,,81.2300033569336,97358.0,104610.0,pdf,696.656003,113.03285516018514,0.11623517234761398,-823.8381815470784,0,,-0.8356462950437349,-0.0310756076906559,1.7294229356379809,97244.96714483981,105501.61529864695,105433.83818154708,97244.96714483981
2025-06-09,67.04000091552734,3332.10009765625,85.7853012084961,550.0404663085938,36.6879997253418,25103.19921875,4.48199987411499,,80.4800033569336,95718.0,105290.0,pdf,696.656003,-1697.378708620803,-1.7424134988971645,-1968.9442862124124,0,,0.2829068715957783,-0.1073636636941821,0.85752923778597,97415.3787086208,105686.4957687867,107258.94428621241,97415.3787086208
2025-06-10,66.87000274658203,3320.89990234375,85.75599670410156,545.5037231445312,36.54199981689453,25104.25,4.473999977111816,,80.61000061035156,96006.0,106457.0,pdf,696.656003,-1048.77066723819,-1.080596718768213,-338.61312425999495,0,,-0.3361302177079861,-0.0341602861815504,-0.2535772175175199,97054.77066723819,105295.27006351312,106795.61312426,97054.77066723819
2025-06-11,69.7699966430664,3321.300048828125,85.65280151367188,533.638427734375,36.16600036621094,25141.400390625,4.412000179290772,,80.76000213623047,96055.0,106194.0,pdf,696.656003,-894.6593890081713,-0.9228081817372582,624.452972653351,0,,0.0120493389184295,-0.1203358300245316,4.336763537268751,96949.65938900817,105181.23424279188,105569.54702734665,96949.65938900817
2025-06-12,69.36000061035156,3380.89990234375,85.46980285644531,517.0369873046875,36.2130012512207,24888.19921875,4.35699987411499,,81.38999938964844,97164.0,105948.0,pdf,696.656003,-1314.5438997338933,-1.3348531037098788,467.1003440460481,0,,1.7944736289831509,-0.2136516891363515,-0.587639461719236,98478.5438997339,106839.92970254147,105480.89965595395,98478.5438997339
2025-06-13,74.2300033569336,3431.199951171875,85.68840026855469,517.4358520507812,36.28099822998047,24718.599609375,4.423999786376953,,83.12999725341797,99170.0,106240.0,pdf,698.95016,-1029.2949045955029,-1.0272476523667589,290.75504744843056,0,,1.4877710160320134,0.2557598178581699,7.021341845050699,100199.2949045955,108706.78220781586,105949.24495255157,100199.2949045955
2025-06-16,73.2300033569336,3396.39990234375,86.24919891357422,519.828857421875,36.37900161743164,24946.5,4.452000141143799,,83.08999633789062,99214.0,106490.0,pdf,698.95016,-618.1658377120184,-0.6192050753630988,-440.7097781872144,0,,-1.0142238669664128,0.6544627315505203,-1.3471641583949756,99832.16583771202,108308.48180506492,106930.70977818721,99832.16583771202
2025-06-17,76.44999694824219,3386.60009765625,86.10420227050781,513.0487060546875,37.09000015258789,24853.400390625,4.39300012588501,,82.55999755859375,98810.0,106952.0,pdf,698.95016,-566.7678258042288,-0.5703222576102556,-1885.306665574244,0,,-0.2885350656363417,-0.1681136113643178,4.397096058583916,99376.76782580423,107814.41792422156,108837.30666557424,99376.76782580423
2025-06-18,76.69999694824219,3389.800048828125,86.36270141601562,518.3831176757812,36.86600112915039,24812.05078125,4.396999835968018,,82.79000091552734,99018.0,109550.0,pdf,698.95016,-751.2950457520637,-0.7530323286413279,1045.2241775212315,0,,0.0944886044883075,0.3002166429644237,0.3270111314317647,99769.29504575206,108240.27292699515,108504.77582247877,99769.29504575206
2025-06-19,,,86.61360168457031,509.5588989257813,,24793.25,,,82.79000091552734,98768.0,107343.0,pdf,698.95016,,,,0,,,0.2905192455086469,,,,,
2025-06-20,77.01000213623047,3368.10009765625,86.58380126953125,516.8375854492188,35.97600173950195,25112.400390625,4.375,,82.2300033569336,98503.0,105592.0,pdf,697.93543,-881.4049968778709,-0.8868644903650225,-564.3915376233635,0,,,-0.0344061607639778,,99384.40499687787,107822.7035343486,106156.39153762336,99384.40499687787
2025-06-23,71.4800033569336,3377.699951171875,86.5802993774414,514.1455078125,36.15299987792969,24971.900390625,4.320000171661377,,82.66000366210938,98884.0,106800.0,pdf,697.93543,-779.64214908547,-0.7822733870383887,125.64483118685894,0,,0.285022809218316,-0.0040445118353549,-7.180883814954742,99663.64214908547,108125.6495013663,106674.35516881314,99663.64214908547
2025-06-24,67.13999938964844,3317.39990234375,86.23300170898438,519.2804565429688,35.70100021362305,25044.349609375,4.293000221252441,,80.9800033569336,97288.0,105898.0,pdf,697.93543,-203.7654074572929,-0.20900781374270463,979.8821939705958,0,,-1.7852399472962133,-0.4011278211721203,-6.07163369259156,97491.7654074573,105769.36813073196,104918.1178060294,97491.7654074573
2025-06-25,67.68000030517578,3327.10009765625,85.90480041503906,538.7733764648438,36.084999084472656,25244.75,4.293000221252441,,81.11000061035156,97151.0,105650.0,pdf,697.93543,-253.6978767721157,-0.2604575367535886,6.9976694519864395,0,,0.29240355694371,-0.3805982482819159,0.8042909151569022,97404.69787677212,105674.90807385654,105643.00233054801,97404.69787677212
2025-06-26,67.7300033569336,3333.5,86.006103515625,551.7354736328125,36.58599853515625,25549.0,4.252999782562256,,81.12000274658203,97030.0,106525.0,pdf,697.93543,-677.1476951134537,-0.6930380336415443,-711.0450711778976,0,,0.1923567718403962,0.1179248424959977,0.0738815773231982,97707.14769511345,106003.03759375516,107236.0450711779,97707.14769511345
2025-06-27,67.7699966430664,3273.699951171875,85.66639709472656,543.1605834960938,36.0369987487793,25637.80078125,4.2829999923706055,,79.80999755859375,96135.0,106800.0,pdf,702.784413,559.6323451568314,0.58554035301006,1590.315057469532,0,,-1.7939117692552853,-0.3949794340313506,0.0590481088891259,95575.36765484317,103690.25736138644,105209.68494253047,95575.36765484317
2025-06-30,67.61000061035156,3294.39990234375,85.4552993774414,554.2281494140625,35.85200119018555,25517.05078125,4.230000019073486,,79.98999786376953,95951.0,105875.0,pdf,702.784413,8.303609167167451,0.008654759017134365,1463.3387822286022,0,,0.6323105807074736,-0.2464183442333123,-0.2360868240226077,95942.69639083283,104088.77438628089,104411.6612177714,95942.69639083283
2025-07-01,67.11000061035156,3336.699951171875,85.71399688720703,568.6858520507812,36.08200073242188,25541.80078125,4.250999927520752,,81.05000305175781,96882.0,105925.0,pdf,702.784413,-586.7744408144936,-0.6020127411890234,525.4003288764361,0,,1.2839986061810915,0.3027284576267108,-0.7395355649848168,97468.7744408145,105744.42510088363,105399.59967112356,97468.7744408145
2025-07-02,69.11000061035156,3348.0,85.6427993774414,583.891357421875,36.42599868774414,25453.400390625,4.293000221252441,,81.11000061035156,97257.0,105900.0,pdf,702.784413,-460.62594390158483,-0.4713847061389152,-416.0727121275995,0,,0.338659423786547,-0.0830640412899152,2.9801817639851125,97717.62594390158,106014.40550517623,106316.0727121276,97717.62594390158
2025-07-03,68.80000305175781,3331.60009765625,85.69409942626953,581.1494140625,36.78400039672852,25405.30078125,4.3480000495910645,,81.01000213623047,97786.0,107748.0,pdf,702.784413,488.78964806166186,0.5023675872038239,322.7232777409954,0,,-0.4898417665397225,0.0599000140129035,-0.4485567296425685,97297.21035193834,105558.2942497444,107425.276722259,97297.21035193834
2025-07-04,68.29000091552734,3332.5,85.31909942626953,583.9412841796875,36.775001525878906,25461.0,,,80.88999938964844,97142.0,107367.0,pdf,699.735841,244.39916140439163,0.25222416168125,437.98518549563596,0,,0.0270111153011232,-0.4376030584493651,-0.741282141872579,96897.60083859561,105124.75562677823,106929.01481450436,96897.60083859561
2025-07-07,69.58000183105469,3332.199951171875,85.49629974365234,582.3458862304688,36.6150016784668,25461.30078125,4.394999980926514,,80.52999877929688,96737.0,107024.0,pdf,699.735841,-353.10618774247996,-0.36368915598843915,339.09353823451966,0,,-0.0090037157726929,0.2076912655834428,1.889004097573577,97090.10618774248,105333.6057697206,106684.90646176548,97090.10618774248
2025-07-08,70.1500015258789,3307.0,85.89199829101562,572.0759887695312,36.47200012207031,25522.5,4.414999961853027,,80.77999877929688,97195.0,107690.0,pdf,699.735841,393.18391843618883,0.4061741136187959,929.9199291374971,0,,-0.7562556731630865,0.4628253486405054,0.8192004596496272,96801.81608156381,105020.83820169658,106760.0800708625,96801.81608156381
2025-07-09,70.19000244140625,3311.60009765625,85.7073974609375,577.1112060546875,36.35100173950195,25476.099609375,4.3420000076293945,,80.02999877929688,96135.0,107363.0,pdf,699.735841,-593.1313516465743,-0.6131942624739619,1185.793594220333,0,,0.1391018341775129,-0.214922034358389,0.0570219738521116,96728.13135164657,104940.89722112598,106177.20640577967,96728.13135164657
2025-07-10,68.63999938964844,3317.39990234375,85.70850372314453,586.0849609375,37.03799819946289,25355.25,4.3460001945495605,,80.70999908447266,96838.0,106900.0,pdf,699.735841,-60.78785154724028,-0.0627333456847465,-1285.2425280458556,0,,0.1751360223598563,0.0012907429694619,-2.2082960504976934,96898.78785154724,105126.04342384842,108185.24252804586,96898.78785154724
2025-07-11,70.36000061035156,3356.0,85.73480224609375,580.4514770507812,38.67599868774414,25149.849609375,4.422999858856201,,81.1500015258789,97473.0,110300.0,pdf,696.671996,-583.3461083685397,-0.594909081890371,-2704.38359392868,0,,1.1635648035372317,0.030683679923027,2.505829306523144,98056.34610836854,106381.88492889039,113004.38359392868,98056.34610836854
2025-07-14,69.20999908447266,3351.5,85.82129669189453,584.0409545898438,38.46200180053711,25082.30078125,4.427000045776367,,81.87999725341797,98097.0,113773.0,pdf,696.671996,73.34336500469362,0.07482210674694358,1280.502372358067,0,,-0.1340882002383803,0.1008860387319732,-1.634453547332282,98023.6566349953,106346.419934193,112492.49762764193,98023.6566349953
2025-07-15,68.70999908447266,3329.800048828125,85.96839904785156,586.5336303710938,37.83399963378906,25195.80078125,4.488999843597412,,81.66999816894531,97964.0,112000.0,pdf,696.671996,408.08696511820017,0.4183108459784347,1154.5941524433292,0,,-0.6474698246121124,0.1714054222288652,-0.7224389634649997,97555.9130348818,105838.96225482458,110845.40584755667,97555.9130348818
2025-07-16,68.5199966430664,3352.5,85.99310302734375,588.4779663085938,37.85300064086914,25212.05078125,4.454999923706055,,81.3499984741211,97460.0,110996.0,pdf,696.671996,-789.1972199656448,-0.803260731178034,63.05666421364003,0,,0.6817211495886655,0.0287361167194077,-0.2765280802473291,98249.19721996564,106591.11019147215,110932.94333578636,98249.19721996564
2025-07-17,69.5199966430664,3340.10009765625,85.88520050048828,598.7479248046875,38.055999755859375,25111.44921875,4.4629998207092285,,81.16000366210938,97370.0,110937.0,pdf,696.671996,-392.9773413416551,-0.40196948991187714,-450.9145252214803,0,,-0.3698703159955241,-0.1254781174964248,1.4594279757618622,97762.97734134166,106063.60749296499,111387.91452522148,97762.97734134166
2025-07-18,69.27999877929688,3353.0,86.04650115966797,588.4281616210938,38.22299957275391,24968.400390625,4.432000160217285,,81.7300033569336,97828.0,112300.0,pdf,695.4889860000001,-496.8680989820423,-0.505333094860451,213.17055357965,0,,0.3862130465132507,0.1878096089194869,-0.345221339698476,98324.86809898204,106673.20595644276,112086.82944642035,98324.86809898204
2025-07-21,69.20999908447266,3401.89990234375,86.14859771728516,589.4750366210938,39.10100173950195,25090.69921875,4.372000217437744,,82.12999725341797,98791.0,112760.0,pdf,695.4889860000001,-1086.1972707805835,-1.0875327907287544,-2037.571249254077,0,,1.4583925542424714,0.1186527705847595,-0.1010388222540403,99877.19727078058,108357.3366616959,114797.57124925408,99877.19727078058
2025-07-22,68.58999633789062,3439.199951171875,86.19529724121094,591.3196411132812,39.31999969482422,25060.900390625,4.335999965667725,,82.7699966430664,99363.0,114252.0,pdf,695.4889860000001,-1664.0335451029532,-1.6471170999592448,-1251.110739719923,0,,1.0964475704422494,0.0542081068795052,-0.8958282831723507,101027.03354510295,109604.80054421545,115503.11073971992,101027.03354510295
2025-07-23,68.51000213623047,3394.10009765625,86.3427963256836,610.0149536132812,39.27799987792969,25219.900390625,4.388000011444092,,83.75,100502.0,115500.0,pdf,695.4889860000001,629.1692743995518,0.6299704031902207,-77.17569253384136,0,,-1.3113472364483347,0.1711219627909432,-0.116626630603811,99872.83072560045,108352.59937211368,115577.17569253384,99872.83072560045
2025-07-24,69.18000030517578,3371.0,86.39869689941406,611.21142578125,39.02099990844727,25062.099609375,4.4079999923706055,,82.30000305175781,99107.0,114550.0,pdf,695.4889860000001,-150.3207783047983,-0.1514455328091575,-345.2804806571512,0,,-0.6805956510299027,0.0647426028682396,0.9779567188058724,99257.3207783048,107684.82914627406,114895.28048065715,99257.3207783048
2025-07-25,68.44000244140625,3334.0,86.4302978515625,592.2669067382812,38.16699981689453,24837.0,4.386000156402588,,82.0999984741211,98735.0,114988.0,pdf,698.192375,531.219133108505,0.5409355204241436,2566.17377429521,0,,-1.097597152180363,0.0365757277395406,-1.069670223337893,98203.7808668915,106541.83773294832,112421.82622570479,98203.7808668915
2025-07-28,70.04000091552734,3309.10009765625,86.506103515625,595.1085205078125,38.0260009765625,24680.900390625,4.420000076293945,,82.02999877929688,98375.0,113207.0,pdf,698.192375,819.1632205695932,0.8396865299015235,1102.25142284311,0,,-0.7468477007723462,0.0877072808342038,2.3378118308673423,97555.8367794304,105838.87952485372,112104.74857715689,97555.8367794304
2025-07-29,72.51000213623047,3323.39990234375,86.77760314941406,602.6365356445312,38.08399963378906,24821.099609375,4.329999923706055,,81.91000366210938,98274.0,113590.0,pdf,698.192375,-10.912791914306581,-0.011103221851975183,961.8874416969047,0,,0.432135754902907,0.3138502634557172,3.5265579503376943,98284.9127919143,106629.85821764288,112628.1125583031,98284.9127919143
2025-07-30,73.23999786376953,3295.800048828125,87.06320190429688,604.8800048828125,37.56600189208984,24855.05078125,4.375999927520752,,82.38999938964844,98687.0,113600.0,pdf,698.192375,897.5295569458685,0.917818199525406,2138.158344999494,0,,-0.8304704316853595,0.3291157447516291,1.0067517666977333,97789.47044305413,106092.35000897381,111461.8416550005,97789.47044305413
2025-07-31,72.52999877929688,3293.199951171875,87.714599609375,592.96484375,36.55199813842773,24768.349609375,4.360000133514404,,82.19999694824219,,,,698.192375,,,,0,,-0.0788912439386169,0.7481894656185206,-0.9694143981179404,98443.39642152606,106801.7980044858,109264.63306486077,98443.39642152606
2025-08-01,69.66999816894531,3347.699951171875,87.4894027709961,581.1494140625,36.7869987487793,24565.349609375,4.21999979019165,,81.94999694824219,,,,688.870875,,,,0,,1.654925325156964,-0.2567381477904362,-3.9431968268113793,99815.63667998501,108290.5492282856,109684.79120626829,99815.63667998501
2025-08-04,68.76000213623047,3374.39990234375,87.24530029296875,594.709716796875,37.19200134277344,24722.75,4.199999809265137,,83.2300033569336,,,,688.870875,,,,0,,0.7975610586763882,-0.2790080515994386,-1.306151940047651,100331.01250851437,108849.68338187877,110582.95578264733,100331.01250851437
2025-08-05,67.63999938964844,3381.89990234375,87.89330291748047,598.2493896484375,37.6870002746582,24649.55078125,4.196000099182129,,83.61000061035156,,,,688.870875,,,,0,,0.222261741851959,0.7427364251549662,-1.6288579287170868,101300.86122349402,109901.87774246992,112887.00715556786,101300.86122349402
2025-08-06,66.88999938964844,3380.0,87.72309875488281,588.4779663085938,37.76599884033203,24574.19921875,4.21999979019165,,83.44000244140625,100672.0,113576.0,pdf,688.870875,-375.89435883234546,-0.37199623130938547,671.4242256315047,0,,-0.0561785504778922,-0.1936486136576931,-1.108811364233664,101047.89435883235,109627.43255911054,112904.5757743685,101047.89435883235
2025-08-07,66.43000030517578,3400.300048828125,87.76249694824219,589.2257690429688,38.15800094604492,24596.150390625,4.24399995803833,,83.94000244140625,100904.0,114505.0,pdf,688.870875,-796.436291057049,-0.783119837143789,377.26749166534864,0,,0.6005931605954196,0.0449119945813425,-0.687694855239962,101700.43629105705,110335.3789950147,114127.73250833465,101700.43629105705
2025-08-08,66.58999633789062,3439.10009765625,87.43319702148438,526.5591430664062,38.41699981689453,24363.30078125,4.284999847412109,,84.36000061035156,101406.0,114893.0,pdf,693.6179179999999,-1068.965003901234,-1.043147469101881,421.75461595124216,0,,1.1410772070393316,-0.3752171351186772,0.2408490621403469,102474.96500390123,111175.66957970415,114471.24538404876,102474.96500390123
2025-08-11,66.62999725341797,3353.10009765625,87.48829650878906,535.9317626953125,37.6619987487793,24585.05078125,4.2729997634887695,,83.2300033569336,100201.0,114308.0,pdf,693.6179179999999,225.6157180241571,0.22567126862730394,2015.7126218703197,0,,-2.500654169926864,0.0630189552500937,0.0600704576170452,99975.38428197584,108463.86030591717,112292.28737812968,99975.38428197584
2025-08-12,66.12000274658203,3348.89990234375,87.66449737548828,521.1749267578125,37.89899826049805,24487.400390625,4.293000221252441,,82.9800033569336,99549.0,113593.0,pdf,693.6179179999999,-502.2496348558343,-0.5019923656014594,366.5003599746269,0,,-0.1252630458433379,0.201399357091736,-0.7654127688107915,100051.24963485583,108546.1670566832,113226.49964002537,100051.24963485583
2025-08-13,65.62999725341797,3358.699951171875,87.59559631347656,514.1455078125,38.499000549316406,24619.349609375,4.23799991607666,,83.19000244140625,100057.0,114850.0,pdf,693.6179179999999,-208.167767165025,-0.2076172331835424,-78.65707157220459,0,,0.2926348685807545,-0.0785963121611277,-0.7410851070924873,100265.16776716502,108778.24804928279,114928.6570715722,100265.16776716502
2025-08-14,66.83999633789062,3335.199951171875,87.44999694824219,531.9434204101562,37.98199844360352,24631.30078125,4.293000221252441,,83.13999938964844,,,,693.6179179999999,,,,0,,-0.6996754798475169,-0.166217676871927,1.8436677359599416,99398.14460908368,107837.6097174021,113196.81665600797,99398.14460908368
2025-08-15,65.8499984741211,3336.0,87.69180297851562,,37.89400100708008,,4.328000068664551,,,99971.0,115100.0,pdf,695.106061,274.10221662906406,0.27493555238263717,1853.1671161325648,0,,0.0239880318972707,0.2765077629637291,-1.4811458976821013,99696.89778337094,108161.72872724204,113246.83288386744,99696.89778337094
2025-08-18,66.5999984741211,3331.699951171875,87.51280212402344,518.6822509765625,37.95100021362305,24876.94921875,4.341000080108643,,82.75,99737.0,114017.0,pdf,695.106061,371.8538018762338,0.37422961280084666,831.3368293028325,0,,-0.1288983461668169,-0.2041249562813152,1.1389521904009658,99365.14619812377,107801.80955456822,113185.66317069717,99365.14619812377
2025-08-19,65.79000091552734,3313.39990234375,87.29509735107422,505.8697204589844,37.26100158691406,24980.650390625,4.302000045776367,,82.30999755859375,99146.0,113165.0,pdf,695.106061,572.469348971732,0.5807536213736707,2313.6512262643955,0,,-0.549270615491293,-0.2487690574010992,-1.2162125783058308,98573.53065102827,106942.9813666816,110851.3487737356,98573.53065102827
2025-08-20,66.83999633789062,3343.39990234375,87.0791015625,509.1102294921875,37.70500183105469,25050.55078125,4.296000003814697,,82.08000183105469,98803.0,111225.0,pdf,695.106061,-416.9190572953812,-0.4201969334954081,-669.6981816290499,0,,0.9054144046657164,-0.247431751757543,1.5959802519404764,99219.91905729538,107644.25180744308,111894.69818162905,99219.91905729538
2025-08-21,67.66999816894531,3336.89990234375,87.01820373535156,509.5090637207031,38.027000427246094,25083.75,4.329999923706055,,82.55000305175781,98966.0,112939.0,pdf,695.106061,8.230720201710938,0.008317406770194036,167.6480023230397,0,,-0.1944128788017085,-0.0699339176171043,1.2417742018698608,98957.76927979829,107359.84402996983,112771.35199767696,98957.76927979829
2025-08-22,67.7300033569336,3374.39990234375,87.29340362548828,509.6585998535156,39.00299835205078,24870.099609375,4.260000228881836,,82.62000274658203,99242.0,113931.0,pdf,690.720367,-1144.3307438864867,-1.139926855984002,-2100.531705911315,0,,1.1237975695243652,0.3162555400174405,0.0886732519756794,100386.33074388649,108909.69844855608,116031.53170591131,100386.33074388649
2025-08-25,68.80000305175781,3373.800048828125,87.3301010131836,509.6585998535156,38.67699813842773,24967.75,4.275000095367432,,83.5,100345.0,116533.0,pdf,690.720367,-65.67950751219178,-0.06541087843876008,1422.928028210852,0,,-0.0177765982985134,0.0420391303021627,1.5798016267404735,100410.67950751219,108936.11456003679,115110.07197178915,100410.67950751219
2025-08-26,67.22000122070312,3388.60009765625,87.60859680175781,496.94580078125,38.58200073242188,24712.05078125,4.257999897003174,,83.83000183105469,,,,690.720367,,,,0,,0.438675932596122,0.3189001104352051,-2.2965141874573214,101172.77144329139,109762.91241489159,115193.52621827723,101172.77144329139
2025-08-27,68.05000305175781,3404.60009765625,87.60070037841797,,38.68899917602539,,4.23799991607666,,,100827.0,116525.0,pdf,690.720367,-814.3182590077777,-0.8011685335806928,1022.4221471714845,0,,0.4721713846100206,-0.0090132973567746,1.2347542635852582,101641.31825900778,110271.24150741409,115502.57785282852,101641.31825900778
2025-08-28,68.62000274658203,3431.800048828125,87.65910339355469,508.6615295410156,39.18999862670898,24500.900390625,4.206999778747559,,84.41999816894531,101239.0,116688.0,pdf,690.720367,-1282.6539053818706,-1.2511053582549918,-388.2695551518409,0,,0.7989176523433672,0.0666695755678015,0.8376189114799759,102521.65390538187,111226.3226331973,117076.26955515184,102521.65390538187
2025-08-29,68.12000274658203,3473.699951171875,87.5916976928711,502.6790466308594,40.20000076293945,24426.849609375,4.227000236511231,,85.33999633789062,,,,694.2299499999999,,,,0,,1.2209307578411543,-0.0768952659496946,-0.7286505100364549,103693.57550073635,112497.74700551583,120001.205424644,103693.57550073635
2025-09-01,,,88.17430114746094,508.5617980957031,,24625.05078125,,,86.61000061035156,,,,694.2299499999999,,,,0,,,0.6651354750911054,,,,,
2025-09-02,69.13999938964844,3549.39990234375,88.00140380859375,507.2157897949219,41.07099914550781,24579.599609375,4.276999950408936,,86.61000061035156,,,,694.2299499999999,,,,0,,,-0.1960858624533212,,106448.889845,115487.0031337264,123174.68823327974,106448.889845
2025-09-03,67.5999984741211,3593.199951171875,87.99829864501953,512.5999755859375,41.54199981689453,24715.05078125,4.210999965667725,,87.87999725341797,,,,694.2299499999999,,,,0,,1.2340127918300414,-0.0035285386821515,-2.227366110966311,107758.68032155925,116908.0022356539,124582.85480959818,107758.68032155925
2025-09-04,66.98999786376953,3565.800048828125,88.072998046875,501.8999938964844,40.9109992980957,24734.30078125,4.176000118255615,,88.16000366210938,105751.0,122900.0,pdf,694.2299499999999,-1276.743752357579,-1.1929091538281216,105.34271212242311,0,,-0.7625487786955487,0.0848873251025006,-0.9023677871606516,107027.74375235758,116115.0050143502,122794.65728787758,107027.74375235758
2025-09-05,65.5,3613.199951171875,88.19290161132812,501.9500122070313,41.07400131225586,24741.0,4.085999965667725,,88.6500015258789,106446.0,123581.0,pdf,698.268205,-2152.1008772331697,-1.9817113373520723,129.2509072527755,0,,1.329292211977151,0.1361411182906557,-2.2242094510878774,108598.10087723317,117818.69434794164,123451.74909274722,108598.10087723317
2025-09-08,66.0199966430664,3638.10009765625,88.1863021850586,505.9500122070313,41.42599868774414,24773.150390625,4.046000003814697,,89.9800033569336,107312.0,123368.0,pdf,698.268205,-2026.3157094505586,-1.8532530854372908,-1132.3931040223833,0,,0.6891438841157616,-0.0074829449410951,0.7938880046815422,109338.31570945056,118621.75760930956,124500.39310402238,109338.31570945056
2025-09-09,66.38999938964844,3643.300048828125,87.98049926757812,500.25,40.87799835205078,24868.599609375,4.073999881744385,,91.16999816894533,109143.0,124689.0,pdf,698.268205,-96.0627145303879,-0.0879380618464517,2122.256504347635,0,,0.1429304041201229,-0.2333728848824989,0.5604404201691171,109239.06271453039,118514.07747331126,122566.74349565236,109239.06271453039
2025-09-10,67.48999786376953,3643.60009765625,88.21829986572266,507.0499877929688,41.132999420166016,24973.099609375,4.0320000648498535,,90.9000015258789,109409.0,124144.0,pdf,698.268205,-134.34347136635915,-0.12263955719178439,479.32323184562847,0,,0.0082356331925437,0.270287848016526,1.656873752423338,109543.34347136636,118844.19338874651,123664.67676815437,109543.34347136636
2025-09-11,66.37000274658203,3636.89990234375,88.05339813232422,505.7999877929688,41.696998596191406,25005.5,4.011000156402588,,90.62000274658205,109223.0,124267.0,pdf,698.268205,85.48210889627808,0.07832513561612353,-858.9878602797107,0,,-0.1838894261971813,-0.1869246331537066,-1.6594979295276313,109137.51789110372,118403.91091959363,125125.98786027971,109137.51789110372
2025-09-12,66.98999786376953,3649.39990234375,88.2676010131836,502.75,42.387001037597656,25114.0,4.060999870300293,,91.26000213623048,109841.0,127348.0,pdf,702.9662340000001,61.97159847377043,0.05645121784745988,-157.9986649731727,0,,0.343699313581447,0.2432647523011866,0.9341496030289552,109779.02840152623,119099.88930354259,127505.99866497317,109779.02840152623
2025-09-15,67.44000244140625,3682.199951171875,88.27729797363281,504.75,42.516998291015625,25069.19921875,4.033999919891357,,90.91999816894533,109603.0,127763.0,pdf,702.9662340000001,-1174.8680937455792,-1.060562108625659,-148.09909512591548,0,,0.8987792433232666,0.0109858660911843,0.6717489057871617,110777.86809374558,120183.53613944094,127911.09909512592,110777.86809374558
2025-09-16,68.47000122070312,3688.89990234375,88.12349700927734,508.5499877929688,42.47100067138672,25239.099609375,4.026000022888184,,92.2699966430664,110540.0,128989.0,pdf,702.9662340000001,-246.0803711530025,-0.22212210264014182,1438.8951344793459,0,,0.1819551154396803,-0.1742248209742558,1.5272816459218852,110786.080371153,120192.44568568486,127550.10486552065,110786.080371153
2025-09-17,67.94999694824219,3681.800048828125,87.88459777832031,522.7999877929688,41.72200012207031,25330.25,4.076000213623047,,91.25,109971.0,126713.0,pdf,702.9662340000001,-302.0970389015565,-0.27395352720980015,1751.9997527837404,0,,-0.1924653339363868,-0.2710959495080822,-0.7594629227254956,110273.09703890156,119635.90716484602,124961.00024721626,110273.09703890156
2025-09-18,67.44000244140625,3643.699951171875,87.91069793701172,515.0,41.70700073242188,25423.599609375,4.104000091552734,,91.5999984741211,109264.0,125563.0,pdf,702.9662340000001,99.62360267828626,0.09126017659432209,609.82637511965,0,,-1.0348225637178965,0.029698217152041,-0.7505438259613251,109164.37639732171,118433.04986501884,124953.17362488035,109164.37639732171
2025-09-19,66.68000030517578,3671.5,88.20690155029297,511.3999938964844,42.5359992980957,25327.05078125,4.138999938964844,,91.29000091552734,109873.0,128500.0,pdf,702.569929,-494.8805872055091,-0.44839185510542323,633.7847966857225,0,,0.7629620770278844,0.3369369374060404,-1.126930766188483,110367.88058720551,119738.73837291163,127866.21520331428,110367.88058720551
2025-09-22,66.56999969482422,3740.699951171875,88.09919738769531,505.25,43.79899978637695,25202.349609375,4.14300012588501,,93.13999938964844,111167.0,132170.0,pdf,702.569929,-1143.776333344882,-1.0184030158869952,667.8818712534849,0,,1.884786903768898,-0.122104008535262,-0.1649679211879418,112310.77633334488,121846.59696542133,131502.11812874652,112310.77633334488
2025-09-23,67.62999725341797,3780.60009765625,88.30439758300781,494.9500122070313,44.19200134277344,25169.5,4.119999885559082,,95.12999725341795,113498.0,134050.0,pdf,702.569929,-275.1223088537954,-0.24181661122645087,1058.8916052937857,0,,1.0666492101799152,0.2329194832609848,1.5923051877017924,113773.1223088538,123433.10439168099,132991.1083947062,113773.1223088538
2025-09-24,69.30999755859375,3732.10009765625,88.80799865722656,479.1000061035156,43.777000427246094,25056.900390625,4.146999835968018,,94.63999938964844,114044.0,134905.0,pdf,702.569929,1089.9077309727581,0.9649121241016054,2411.465096535947,0,,-1.2828651205417652,0.5703012398055929,2.4841052393963725,112954.09226902724,122544.53406545406,132493.53490346405,112954.09226902724
2025-09-25,69.41999816894531,3736.89990234375,88.77860260009766,462.5499877929688,44.696998596191406,24890.849609375,4.171999931335449,,94.43000030517578,113232.0,134556.0,pdf,702.569929,170.0756282377406,0.15042697104509728,-677.1827715756663,0,,0.1286086804186847,-0.0331006863946603,0.158708143451558,113061.92437176226,122661.52172408167,135233.18277157567,113061.92437176226
2025-09-26,70.12999725341797,3775.300048828125,88.77310180664062,455.7999877929688,46.22100067138672,24654.69921875,4.186999797821045,,94.22000122070312,113299.0,137467.0,pdf,700.235877,-917.6641440187086,-0.803441556357838,-2368.4684874103114,0,,1.0275936601965352,-0.0061960802444804,1.0227587196772303,114216.66414401871,123914.30543926556,139835.4684874103,114216.66414401871
2025-09-29,67.97000122070312,3820.89990234375,88.67680358886719,448.2999877929688,46.61199951171875,24634.900390625,4.140999794006348,,95.9000015258789,115292.0,144100.0,pdf,700.235877,-178.8317659524182,-0.15487180893863475,3234.5889330731297,0,,1.2078471360118748,-0.1084767973785427,-3.07998875988772,115470.83176595242,125274.95899136346,140865.41106692687,115470.83176595242
2025-09-30,67.0199966430664,3840.800048828125,88.70449829101562,454.2999877929688,46.25299835205078,24611.099609375,4.1479997634887695,,95.8499984741211,,,,700.235877,,,,0,,0.5208235492420998,0.0312310559555495,-1.397682154737634,116108.48163372341,125966.74894224708,139824.13407077233,116108.48163372341
2025-10-01,65.3499984741211,3867.5,88.8406982421875,465.2999877929688,47.290000915527344,24836.30078125,4.105999946594238,,97.62999725341795,,,,700.235877,,,,0,,0.6951663932628138,0.1535434547242919,-2.4917908871875283,117095.14507330679,127037.1856927385,143178.5266378923,117095.14507330679
2025-10-02,64.11000061035156,3839.699951171875,88.68299865722656,,46.0,,4.0879998207092285,,,,,,700.235877,,,,0,,-0.7188118636877849,-0.1775082682612838,-1.897471909292514,116047.09179055862,125900.14675390792,139025.60851757415,116047.09179055862
2025-10-03,64.52999877929688,3880.800048828125,88.72019958496094,492.1499938964844,47.59700012207031,24894.25,4.11899995803833,,97.06999969482422,,,,699.960314,,,,0,,1.0703986816393396,0.0419482068690024,0.6551211432643367,117338.45907188543,127301.1584270455,143912.55876361235,117338.45907188543
2025-10-06,65.47000122070312,3948.5,88.73509979248047,485.3500061035156,48.08200073242188,25077.650390625,4.162000179290772,,99.22000122070312,,,,699.960314,,,,0,,1.744484392910639,0.0167946055004808,1.4566906232575727,119405.46048594071,129543.65996116209,145403.4048003083,119405.46048594071
2025-10-07,65.44999694824219,3976.60009765625,88.72109985351562,487.7000122070313,47.17900085449219,25108.30078125,4.126999855041504,,99.66000366210938,,,,699.960314,,,,0,,0.7116651299544197,-0.0157772279487877,-0.0305548680127554,120236.25457011584,130444.99316569169,142650.15887435593,120236.25457011584
2025-10-08,66.25,4043.300048828125,88.74259948730469,481.9500122070313,48.65599822998047,25046.150390625,4.129000186920166,,101.69000244140624,,,,699.960314,,,,0,,1.677311007742199,0.0242328305493977,1.2223118243847253,122282.61586334754,132665.1021158959,147151.65011631657,122282.61586334754
2025-10-09,65.22000122070312,3946.300048828125,88.7771987915039,482.9500122070313,46.84999847412109,25181.80078125,4.1479997634887695,,101.47000122070312,,,,699.960314,,,,0,,-2.399030465921359,0.03898838257963,-1.5547151385613245,119395.55090625821,129532.90900207257,141744.95878579016,119395.55090625821
2025-10-10,62.72999954223633,3975.89990234375,88.86540222167969,484.8500061035156,46.9379997253418,25285.349609375,4.051000118255615,,100.66999816894533,,,,697.78383,,,,0,,0.7500659643053353,0.0993536982203391,-3.81784978819716,120410.60994930126,130634.15230348721,142152.30049923656,120410.60994930126
2025-10-13,63.31999969482422,4108.60009765625,88.7573013305664,474.7999877929688,50.130001068115234,25227.349609375,4.051000118255615,,102.6500015258789,,,,697.78383,,,,0,,3.33761408918456,-0.1216456443235536,0.940539067261814,124278.08842391967,134830.00159198832,151634.63363076755,124278.08842391967
2025-10-14,62.38999938964844,4138.7001953125,88.66510009765625,469.4500122070313,50.31399917602539,25145.5,4.021999835968018,,105.08999633789062,,,,697.78383,,,,0,,0.7326120075161535,-0.1038801670712796,-1.468730748038527,125058.51853234094,135676.69463414347,152033.0998006985,125058.51853234094
2025-10-15,61.90999984741211,4176.89990234375,88.78250122070312,477.0,51.073001861572266,25323.55078125,4.046000003814697,,105.29000091552734,,,,697.78383,,,,0,,0.9229880210824382,0.1324096210544745,-0.7693533369643957,126379.91155956857,137110.28140896588,154530.910705458,126379.91155956857
2025-10-16,61.060001373291016,4280.2001953125,87.80950164794922,487.1499938964844,53.02299880981445,25585.30078125,3.9760000705718994,,105.37000274658205,,,,697.78383,,,,0,,2.473133074383372,-1.0959362029406503,-1.3729582881861768,128086.15778612578,138961.3975981553,158672.76954207043,128086.15778612578
2025-10-17,61.290000915527344,4189.89990234375,87.9906997680664,489.8500061035156,49.86399841308594,25709.849609375,4.006999969482422,,108.11000061035156,,,,702.28003,,,,0,,-2.1097212477968474,0.2063536595887427,0.3766779185447877,125642.63115961305,136310.40172976884,149527.2943693557,125642.63115961305
2025-10-20,61.0099983215332,4336.39990234375,88.0022964477539,494.8999938964844,51.11899948120117,25843.150390625,3.986000061035156,,105.13999938964844,,,,702.28003,,,,0,,3.4965035779983777,0.0131794379611305,-0.4568487352122119,130052.86823199631,141095.09289320355,153310.8719997646,130052.86823199631
2025-10-21,61.31999969482422,,87.87999725341797,492.1000061035156,47.45000076293945,25868.599609375,3.963000059127808,,105.69000244140624,,,,702.28003,,,,0,,,-0.1389727305679433,0.5081156889355398,,,142109.41832671908,
2025-10-22,62.59000015258789,4044.39990234375,88.00160217285156,,47.46099853515625,,3.953000068664551,,,,,,702.28003,,,,0,,-1.0592765943036375,0.1383761074581269,2.071103170391675,121294.54611475008,131593.13965279487,142339.04694089532,121294.54611475008
2025-10-23,65.98999786376953,4125.5,87.74030303955078,494.1499938964844,48.48199844360352,25891.400390625,3.990999937057495,,101.6999969482422,,,,702.28003,,,,0,,2.005244278866991,-0.2969254273206712,5.432173994077005,123359.42173744009,133833.3349038265,144969.3683839147,123359.42173744009
2025-10-24,65.94000244140625,4118.39990234375,87.77899932861328,495.2999877929688,48.37699890136719,25795.150390625,3.996999979019165,,,,,,695.355368,,,,0,,-0.1721027186098678,0.0441032088127846,-0.0757621215058845,123201.42864904614,133661.9273079274,144719.19968262227,123201.42864904614
2025-10-27,65.62000274658203,4001.89990234375,87.8290023803711,505.8500061035156,46.5620002746582,25966.05078125,3.996999979019165,,100.13999938964844,,,,695.355368,,,,0,,-2.828768520844726,0.0569647092587777,-0.4852891764882239,119784.54148629364,129954.92708418649,139368.99946743174,119784.54148629364
2025-10-28,64.4000015258789,3966.199951171875,88.22209930419922,504.8999938964844,47.125,25936.19921875,3.983000040054321,,96.83999633789062,,,,695.355368,,,,0,,-0.8920750654199727,0.4475707490399383,-1.8591910540062704,119247.31143110937,129372.08315639223,141685.4828393271,119247.31143110937
2025-10-29,64.91999816894531,3983.699951171875,88.22550201416016,513.2000122070312,47.72100067138672,26053.900390625,4.058000087738037,,99.9499969482422,,,,695.355368,,,,0,,0.4412283852413878,0.0038569814000855,0.8074481843877823,119778.08405802544,129947.92138370682,143482.94549816698,119778.08405802544
2025-10-30,65.0,4001.300048828125,88.34559631347656,512.9000244140625,48.428001403808594,25877.849609375,4.0929999351501465,,99.68000030517578,,,,695.355368,,,,0,,0.441802793181556,0.1361219789909773,0.1232314129869349,120471.03161169497,130699.70410702754,145806.893180083,120471.03161169497
2025-10-31,65.06999969482422,3982.199951171875,88.6344985961914,509.7000122070313,47.99399948120117,25722.099609375,4.10099983215332,,100.0199966430664,120815.0,149142.0,pdf,689.73284,526.9572585686983,0.4380795019679843,4169.263027612178,0,,-0.4773472977074977,0.3270137899004322,0.107691838191104,120288.0427414313,130501.17844589244,144972.73697238782,120288.0427414313
2025-11-03,64.88999938964844,4000.300048828125,88.77539825439453,515.8499755859375,47.88800048828125,25763.349609375,4.105999946594238,,100.0500030517578,121113.0,149660.0,pdf,689.73284,86.13042901983135,0.07116636935677935,4777.49822846186,0,,0.4545250835765735,0.1589670618491911,-0.2766256431842251,121026.86957098017,131302.73585530865,144882.50177153814,121026.86957098017
2025-11-04,64.44000244140625,3947.699951171875,88.72339630126953,522.5999755859375,47.130001068115234,25597.650390625,4.089000225067139,,99.8000030517578,,,,689.73284,,,,0,,-1.3149038075696118,-0.0585769865835805,-0.6934765795574505,119365.5209481583,129500.32933054908,142505.69190581067,119365.5209481583
2025-11-05,63.52000045776367,3980.300048828125,88.73200225830078,,47.86299896240234,,4.1570000648498535,,,,,,689.73284,,,,0,,0.8257997836581543,0.0096997605930626,-1.427687692096402,120362.91494417407,130582.40772245299,144736.07523083215,120362.91494417407
2025-11-06,63.380001068115234,3979.89990234375,88.55690002441406,512.8499755859375,47.79399871826172,25509.69921875,4.0929999351501465,,100.06999969482422,120100.0,147358.0,pdf,689.73284,-13.316387085898896,-0.011086520201460877,3115.7871224884293,0,,-0.0100531738679521,-0.197338310226558,-0.2204020602007528,120113.3163870859,130311.616835046,144242.21287751157,120113.3163870859
2025-11-07,63.630001068115234,3999.39990234375,88.6729965209961,512.7999877929688,48.016998291015625,25492.30078125,4.0929999351501465,,99.94000244140624,120231.0,148010.0,pdf,687.0335200000001,-629.0639941471018,-0.5204895424989726,2904.7935199454078,0,,0.4899620713705976,0.1310981939860456,0.3944461908912178,120860.0639941471,131121.76754081994,145105.2064800546,120860.0639941471
2025-11-10,64.05999755859375,4111.7998046875,88.65799713134766,510.3999938964844,50.17699813842773,25574.349609375,4.110000133514404,,101.6999969482422,122087.0,150975.0,pdf,687.0335200000001,-2148.7199048273906,-1.7295508139474294,-631.9794858245587,0,,2.810419190086022,-0.0169153972876978,0.6757763370429659,124235.71990482739,134784.0357458033,151606.97948582456,124235.71990482739
2025-11-11,65.16000366210938,4106.7998046875,88.70709991455078,509.3999938964844,50.61800003051758,25694.94921875,4.119999885559082,,103.29000091552734,124147.0,154338.0,pdf,687.0335200000001,-6.371369678658084,-0.005131853938695483,1313.853349212528,0,,-0.1216012509728692,0.0553844941143744,1.717149774333793,124153.37136967866,134694.69535389665,153024.14665078747,124153.37136967866
2025-11-12,62.709999084472656,4204.39990234375,88.46649932861328,508.75,53.33200073242188,25875.80078125,4.065000057220459,,102.69000244140624,123362.0,155046.0,pdf,687.0335200000001,-3397.1922472358565,-2.6800362064550285,-5745.587165679346,0,,2.376548706972504,-0.2712303594292531,-3.759982258965711,126759.19224723586,137521.76517388795,160791.58716567935,126759.19224723586
2025-11-13,63.0099983215332,4186.89990234375,88.59400177001953,498.75,53.07400131225586,25879.150390625,4.111999988555908,,105.37000274658205,126124.0,163808.0,pdf,687.0335200000001,-289.51307752667344,-0.22902067229879242,3563.63984207515,0,,-0.4162306252134762,0.1441251121881093,0.4783913912300264,126413.51307752667,137146.7358859959,160244.36015792485,126413.51307752667
2025-11-14,64.38999938964844,4087.60009765625,88.81610107421875,495.5,50.59000015258789,25910.05078125,4.1479997634887695,,103.80999755859376,125428.0,160656.0,pdf,692.57646,1703.2148054433055,1.3766156900292916,7528.571867770283,0,,-2.371678497303309,0.2506933875453088,2.190130304516491,123724.7851945567,134229.71978654736,153127.42813222972,123724.7851945567
2025-11-17,64.19999694824219,4068.300048828125,88.68199920654297,495.4500122070313,50.625,26013.44921875,4.132999897003174,,101.94000244140624,122714.0,154130.0,pdf,692.57646,-240.677320650022,-0.19574474586466234,1127.99757515674,0,,-0.4721608857772397,-0.1509882398054385,-0.295080669680503,122954.67732065002,133394.2253950448,153002.00242484326,122954.67732065002
2025-11-18,64.88999938964844,4061.300048828125,88.63590240478516,490.6499938964844,50.45000076293945,25910.05078125,4.123000144958496,,100.91000366210938,121366.0,151850.0,pdf,692.57646,-1313.3172634422663,-1.0705286699811356,-543.8535721687658,0,,-0.1720620385906923,-0.0519798856253195,1.0747702090430522,122679.31726344227,133095.48571033828,152393.85357216877,122679.31726344227
2025-11-19,63.5099983215332,4077.699951171875,88.55680084228516,499.6000061035156,50.790000915527344,26052.650390625,4.132999897003174,,102.2300033569336,123448.0,156300.0,pdf,692.57646,383.21750968377455,0.3113949433209532,3016.0288839781424,0,,0.4038091780114161,-0.0892432528511455,-2.126677579126901,123064.78249031623,133513.6791168525,153283.97111602186,123064.78249031623
2025-11-20,63.380001068115234,4056.5,88.48719787597656,504.1000061035156,50.24700164794922,26192.150390625,4.105999946594238,,101.5500030517578,122881.0,155840.0,pdf,692.57646,552.2533075271785,0.45145014762189173,4313.986524140404,0,,-0.5198997333235034,-0.0785969746496917,-0.2046878552252939,122328.74669247282,132715.14971353184,151526.0134758596,122328.74669247282
2025-11-21,62.560001373291016,4076.699951171875,88.69219970703125,496.4500122070313,49.87300109863281,26068.150390625,4.063000202178955,,102.0,122149.0,151375.0,pdf,688.10427,-1073.7162177502032,-0.871362237992555,628.397725829389,0,,0.4979650233421617,0.2316740002797024,-1.293783024621531,123222.7162177502,133685.0223117101,150746.6022741706,123222.7162177502
2025-11-24,63.369998931884766,4091.89990234375,89.63400268554688,484.3999938964844,50.29499816894531,25959.5,4.038000106811523,,102.2300033569336,123057.0,153054.0,pdf,688.10427,-1938.504957901474,-1.5508597357595884,-582.4242288330279,0,,0.3728493966671742,1.0618780249295856,1.29475310232261,124995.50495790147,135608.33085055347,153636.42422883303,124995.50495790147
2025-11-25,62.47999954223633,4139.2001953125,89.14779663085938,482.7999877929688,50.93399810791016,25884.80078125,4.001999855041504,,103.45999908447266,125342.0,73325.0,pdf,688.10427,-412.53304602380376,-0.32804626285147465,-81419.41549072563,0,,1.155949414638835,-0.5424348351297015,-1.4044491157481076,125754.5330460238,136431.8047197428,154744.41549072563,125754.5330460238
2025-11-26,63.130001068115234,4165.2001953125,89.15059661865234,497.5499877929688,52.91600036621094,26205.30078125,3.997999906539917,,104.18000030517578,126004.0,157856.0,pdf,688.10427,-544.4229733409156,-0.43020921205442875,-2915.057389675203,0,,0.6281406738781081,0.0031408379105091,1.0403353563399165,126548.42297334092,137293.1003956057,160771.0573896752,126548.42297334092
2025-11-27,,,89.16300201416016,493.8999938964844,,26215.55078125,,,104.11000061035156,127857.0,161783.0,pdf,688.10427,,,,0,,,0.0139151009396876,,,,,
2025-11-28,63.20000076293945,4218.2998046875,89.36479949951172,505.3500061035156,56.44599914550781,26202.94921875,4.017000198364258,,104.62000274658205,126666.0,164286.0,pdf,686.22712,-1803.6472265859338,-1.4039481430230636,-7622.065650463483,0,,,0.2263242385216246,,128469.64722658593,139377.4474628055,171908.06565046348,128469.64722658593
2025-12-01,63.16999816894531,4239.2998046875,89.3499984741211,506.9500122070313,58.417999267578125,26175.75,4.0960001945495605,,106.72000122070312,128602.0,173740.0,pdf,686.22712,-485.825146681309,-0.3763524144351106,-4144.387099344807,0,,0.4978309027884764,-0.0165624781496953,-0.047472458278408,129087.82514668131,140048.11218743725,177884.3870993448,129087.82514668131
2025-12-02,62.45000076293945,4186.60009765625,89.61270141601562,501.2999877929688,57.983001708984375,26032.19921875,4.085999965667725,,105.62999725341795,128141.0,175423.0,pdf,686.22712,283.0749531392503,0.2213980502463977,-1655.9211668343632,0,,-1.2431229084807538,0.2940156087082757,-1.1397774685385609,127857.92504686075,138713.78660744324,177078.92116683436,127857.92504686075
2025-12-03,62.66999816894531,4199.2998046875,89.91719818115234,490.0,57.92100143432617,25986.0,4.057000160217285,,106.51000213623048,128550.0,178684.0,pdf,686.22712,-131.54038155509625,-0.10222164046611842,1193.3698551487178,0,,0.3033417745907929,0.3397919718133746,0.3522776674430572,128681.5403815551,139607.33154602675,177490.63014485128,128681.5403815551
2025-12-04,63.2599983215332,4211.7998046875,90.17050170898438,490.1000061035156,56.84700012207031,26033.75,4.107999801635742,,105.91999816894533,127755.0,175713.0,pdf,686.22712,-1673.1696836892224,-1.292739971351135,1022.7602212856291,0,,0.2976686729070144,0.281707540888565,0.9414395561291976,129428.16968368922,140417.35390211566,174690.23977871437,129428.16968368922
2025-12-05,63.75,4212.89990234375,89.8364028930664,492.5,58.422000885009766,26186.44921875,4.138999938964844,,106.88999938964844,128578.0,179025.0,pdf,687.260372,-404.294389255243,-0.31344952512251356,159.99272158090025,0,,0.026119419423165,-0.3705189719318991,0.7745837677330503,128982.29438925524,139933.6212713618,178865.0072784191,128982.29438925524
2025-12-08,62.4900016784668,4187.2001953125,89.93800354003906,475.0499877929688,57.77899932861328,25960.55078125,4.171999931335449,,106.8499984741211,128691.0,179100.0,pdf,687.260372,350.5458555468067,0.27313745917733073,2003.5472880498855,0,,-0.6100241550233032,0.1130951860278672,-1.976467955346206,128340.4541444532,139237.28515671805,177096.4527119501,128340.4541444532
2025-12-09,61.93999862670898,4206.7001953125,90.12999725341795,473.3500061035156,60.16899871826172,25839.650390625,4.185999870300293,,106.27999877929688,127409.0,177054.0,pdf,687.260372,-1804.3906706436828,-1.3964424749466984,-7761.650668603426,0,,0.4657049840088856,0.213473399254882,-0.8801456824849674,129213.39067064368,140184.33893513228,184815.65066860343,129213.39067064368
2025-12-10,62.209999084472656,4196.39990234375,89.91690063476562,460.7000122070313,60.37900161743164,25758.0,4.164000034332275,,106.2300033569336,128090.0,186350.0,pdf,687.260372,-502.2514911023318,-0.39057679236379494,1327.791882180114,0,,-0.2448544581386547,-0.2364325143083934,0.4359064639165799,128592.25149110233,139510.46152336572,185022.2081178199,128592.25149110233
2025-12-11,61.27999877929688,4285.5,89.79299926757812,470.0499877929688,63.92900085449219,25898.55078125,4.140999794006348,,107.1500015258789,128535.0,186988.0,pdf,687.260372,-2606.631090674171,-1.987645775788689,-8642.695276051993,0,,2.1232508752677903,-0.1377954158926941,-1.4949370179429988,131141.63109067417,142276.29788139177,195630.695276052,131141.63109067417
2025-12-12,61.119998931884766,4300.10009765625,90.25299835205078,479.2999877929688,61.36199951171875,26046.94921875,4.193999767303467,,109.61000061035156,130569.0,192781.0,pdf,688.949389,-1693.5243619105022,-1.2804264625076294,4043.696890759078,0,,0.3406859796114769,0.5122883612584062,-0.2610963619440576,132262.5243619105,143492.36133603496,188737.30310924092,132262.5243619105
2025-12-15,60.560001373291016,4306.7001953125,90.5770034790039,480.1000061035156,62.93999862670898,26027.30078125,4.182000160217285,,110.9499969482422,133442.0,192222.0,pdf,688.949389,500.9231153156434,0.376800855728101,-2063.899112791667,0,,0.1534870702160518,0.358996524070343,-0.9162263880564514,132941.07688468436,144228.52680885565,194285.89911279167,132941.07688468436
2025-12-16,58.91999816894531,4304.5,90.7769012451172,479.1000061035156,62.70000076293945,25860.099609375,4.14900016784668,,109.55999755859376,132136.0,191971.0,pdf,688.949389,-1030.403039588302,-0.7737710233728992,-2001.2051848086412,0,,-0.0510877287184907,0.2206937284689791,-2.708063353956592,133166.4030395883,144472.984429742,193972.20518480864,133166.4030395883
2025-12-17,59.68000030517578,4347.5,90.94889831542967,474.8500061035156,66.23699951171875,25818.55078125,4.151000022888184,,109.98999786376952,132713.0,200750.0,pdf,688.949389,-2038.5088501005957,-1.5127911126904416,-4552.71709965443,0,,0.9989545824137468,0.1894722864003384,1.2898882550051338,134751.5088501006,146192.67469586383,205302.71709965443,134751.5088501006
2025-12-18,59.81999969482422,4339.5,90.4136962890625,470.8500061035156,64.59200286865234,25815.55078125,4.116000175476074,,109.87999725341795,132454.0,201250.0,pdf,688.949389,-1258.0417795971443,-0.9408590003216197,2224.107934068452,0,,-0.1840138010350767,-0.5884645512813091,0.2345834264955604,133712.04177959714,145064.95098729877,199025.89206593155,133712.04177959714
2025-12-19,60.470001220703125,4361.39990234375,90.25579833984376,484.8500061035156,66.84500122070312,25966.400390625,4.151000022888184,,109.81999969482422,132394.0,200336.0,pdf,693.317706,-1758.1461794566421,-1.3105613510683256,-5272.304120582412,0,,0.5046641858220902,-0.1746394138272267,1.086595668998558,134152.14617945664,145542.42274186332,205608.3041205824,134152.14617945664
2025-12-22,62.06999969482422,4444.60009765625,89.56999969482422,485.2999877929688,67.90599822998047,26172.400390625,4.169000148773193,,111.38999938964844,133584.0,207550.0,pdf,693.317706,-2088.512467769615,-1.5393777485072833,265.268211608025,0,,1.907648855308808,-0.7598388775392206,2.64593755882594,135672.51246776961,147191.87673390098,207284.73178839197,135672.51246776961
2025-12-23,62.380001068115234,4482.7998046875,89.60389709472656,488.3500061035156,70.48500061035156,26177.150390625,4.169000148773193,,113.0999984741211,136133.0,209250.0,pdf,693.317706,-757.3539277598611,-0.553255876713953,-5988.625424675061,0,,0.8594633081026481,0.0378445908427282,0.4994383354522069,136890.35392775986,148513.11982728663,215238.62542467506,136890.35392775986
2025-12-24,62.2400016784668,4480.60009765625,89.50789642333984,487.2000122070313,71.03099822998047,26142.099609375,4.136000156402588,,113.20999908447266,,,,693.317706,,,,0,,-0.0490699368048908,-0.1071389465183925,-0.2244299250581338,136676.59100189607,148281.20721903816,216673.53662322435,136676.59100189607
2025-12-26,60.63999938964844,4529.10009765625,90.10590362548828,491.1499938964844,76.48600006103516,26042.30078125,4.136000156402588,,114.30999755859376,137914.0,232100.0,pdf,696.610434,-1165.0670902566926,-0.8377012548557081,-2772.2992335476156,0,,1.0824442919012078,0.6681055259304403,-2.5706976954853022,139079.0670902567,150887.66712622184,234872.29923354762,139079.0670902567
2025-12-29,61.93999862670898,4325.10009765625,89.82929992675781,486.2999877929688,69.85600280761719,25942.099609375,4.116000175476074,,113.02999877929688,138161.0,243483.0,pdf,696.610434,5754.05006872231,4.34573115059957,29628.521321932523,0,,-4.504206036549451,-0.3069762219800043,2.1437982357276564,132406.9499312777,143649.04945374464,213854.47867806748,132406.9499312777
2025-12-30,61.91999816894531,4370.10009765625,89.9000015258789,481.8500061035156,77.3740005493164,25938.849609375,4.130000114440918,,111.16999816894533,134362.0,231467.0,pdf,696.610434,472.1400889311917,0.3526331936151047,-5589.2198303636105,0,,1.0404383478751278,0.0787066126294533,-0.0322900519972635,133889.8599110688,145257.8668846501,237056.2198303636,133889.8599110688
2025-12-31,60.84999847412109,4325.60009765625,89.76940155029297,485.3500061035156,70.13400268554688,26129.599609375,4.163000106811523,,110.11000061035156,133099.0,229433.0,pdf,696.610434,765.0427156944352,0.5781151953695615,14870.629322337569,0,,-1.0182833117224457,-0.1452724954051798,-1.7280357339559127,132333.95728430556,143569.85931787867,214562.37067766243,132333.95728430556
2026-01-01,,,,484.2000122070313,,26146.55078125,,,110.5199966430664,133151.0,227900.0,pdf,696.610434,,,,0,,,,,,,,
2026-01-02,60.75,4314.39990234375,89.96189880371094,495.7000122070313,70.55599975585938,26328.55078125,4.186999797821045,,111.81999969482422,134415.0,234906.0,pdf,686.8009840000001,2140.6566437242727,1.6183460748381857,18589.73936588643,0,,,,,132274.34335627573,143505.18382992176,216316.26063411357,132274.34335627573
2026-01-05,61.7599983215332,4436.89990234375,90.00700378417969,504.2000122070313,76.16400146484375,26250.30078125,4.164999961853027,,112.91999816894533,135721.0,236775.0,pdf,686.8009840000001,-377.2494826297043,-0.277189077790345,3148.1997315952904,0,,2.8393288237711367,0.0501378706636357,1.6625486774209053,136098.2494826297,147653.76123115484,233626.8002684047,136098.2494826297
2026-01-06,60.70000076293945,4482.2001953125,90.23300170898438,500.1499938964844,80.52999877929688,26178.69921875,4.178999900817871,,113.13999938964844,,,,686.8009840000001,,,,0,,1.0209897443217208,0.2510892656160335,-1.7163173371139373,137833.0157559958,149535.81898056145,247639.37590706552,137833.0157559958
2026-01-07,59.959999084472656,4449.2998046875,90.16609954833984,520.75,77.13500213623047,26140.75,4.138000011444092,,112.91000366210938,136615.0,246044.0,pdf,686.8009840000001,-104.84492306457832,-0.07668595815302233,9020.513313505915,0,,-0.734023229471259,-0.0741437826265567,-1.2191131287738075,136719.84492306458,148328.1336429474,237023.48668649409,136719.84492306458
2026-01-08,61.9900016784668,4449.7001953125,89.8644027709961,511.7999877929688,74.71600341796875,25876.849609375,4.183000087738037,,112.29000091552734,135443.0,235775.0,pdf,686.8009840000001,-831.6409874924284,-0.6102683386036278,6952.919974698918,0,,0.0089989580962512,-0.3346011182196129,3.3855947714979795,136274.64098749243,147845.1293732229,228822.08002530108,136274.64098749243
2026-01-09,63.34000015258789,4490.2998046875,89.90540313720703,506.8999938964844,78.88400268554688,25683.30078125,4.171000003814697,,113.61000061035156,137195.0,239994.0,pdf,687.1925699999999,-385.76968707470223,-0.2803950638974686,-1703.0420136592293,0,,0.9124122433634918,0.0456247022699418,2.177768087704446,137580.7696870747,149262.15579258103,241697.04201365923,137580.7696870747
2026-01-12,63.869998931884766,4604.2998046875,90.23600006103516,501.3999938964844,84.61000061035156,25790.25,4.186999797821045,,116.76000213623048,140005.0,257283.0,pdf,687.1925699999999,-1587.42956715927,-1.1211260178329872,-2911.515133482084,0,,2.538805980861092,0.3677164133546018,0.8367520966531261,141592.42956715927,153614.4283039935,260194.51513348208,141592.42956715927
2026-01-13,65.47000122070312,4589.2001953125,90.13269805908205,495.4500122070313,85.87699890136719,25732.30078125,4.171000003814697,,116.37000274658205,140482.0,262742.0,pdf,687.1925699999999,-484.5199315153586,-0.3437127707704986,-1046.4851842677454,0,,-0.3279458335799012,-0.1144798105891742,2.505092086387406,140966.51993151536,152935.37539739872,263788.48518426775,140966.51993151536
2026-01-14,66.5199966430664,4626.2998046875,90.27300262451172,480.3999938964844,90.86900329589844,25665.599609375,4.139999866485596,,118.01000213623048,,,,687.1925699999999,,,,0,,0.808411221913885,0.1556644463674095,1.6037809726376695,142327.31778576455,154411.71269210303,279556.92572856584,142327.31778576455
2026-01-15,63.7599983215332,4616.2998046875,90.18319702148438,480.3999938964844,91.8759994506836,,4.159999847412109,,118.01000213623048,142152.0,277175.0,pdf,687.1925699999999,273.6148394376796,0.1928516730212516,-5198.740627491963,0,,-0.2161554681317401,-0.0994822376750748,-4.149125767914308,141878.38516056232,153924.66314589305,282373.74062749196,141878.38516056232
2026-01-16,64.12999725341797,4588.39990234375,90.36160278320312,467.5,88.09100341796875,25694.349609375,4.230999946594238,,117.77999877929688,141717.0,282720.0,pdf,701.360032,417.1207101328182,0.2952024532711193,11443.554738020583,0,,-0.604378041378939,0.1978259449775921,0.580299469298784,141299.87928986718,153297.03885221438,271276.4452619794,141299.87928986718
2026-01-19,,,90.7020034790039,458.8500061035156,,25585.5,,,121.0999984741211,143978.0,293650.0,pdf,701.360032,,,,0,,,0.3767094488324574,,,,,
2026-01-20,64.91999816894531,4759.60009765625,90.90450286865234,451.4500122070313,94.20600128173828,25232.5,4.295000076293945,,125.86000061035156,146375.0,304863.0,pdf,701.360032,-1077.6100197381165,-0.7308178672414594,13012.414162854722,0,,,0.2232579015691849,,147452.61001973812,159972.17124782907,291850.5858371453,147452.61001973812
2026-01-21,65.23999786376953,4831.7998046875,91.11840057373048,396.5499877929688,92.20999908447266,25157.5,4.252999782562256,,134.97000122070312,155204.0,320075.0,pdf,701.360032,5162.421945657668,3.440660923859341,33735.86480649322,0,,1.516928009704066,0.2352993507782397,0.4929138999533844,150041.57805434233,162780.95732310723,286339.1351935068,150041.57805434233
2026-01-22,64.05999755859375,4908.7998046875,91.53690338134766,373.5499877929688,95.97599792480467,25289.900390625,4.249000072479248,,124.33999633789062,151499.0,303584.0,pdf,701.360032,-1633.770732059551,-1.0668981722522364,4181.476556993788,0,,1.5936090714126827,0.4592956032832829,-1.8087068421427488,153132.77073205955,166134.60975647968,299402.5234430062,153132.77073205955
2026-01-23,65.87999725341797,4976.2001953125,91.55829620361328,367.2000122070313,100.9250030517578,25048.650390625,4.238999843597412,,127.41999816894533,,,,709.41307,,,,0,,1.3730523408316264,0.0233707078515665,2.8410861133104426,155271.64342853831,168455.0848517161,314914.8039027511,155271.64342853831
2026-01-26,65.58999633789062,5079.7001953125,91.5009994506836,,115.08000183105467,,4.2129998207092285,,,,,,709.41307,,,,0,,2.079900243914934,-0.0625795316267829,-0.4401957006947121,158401.94944870577,171851.17157170907,358857.7264741164,158401.94944870577
2026-01-27,67.56999969482422,5079.89990234375,91.71309661865234,368.8999938964844,105.52300262451172,25175.400390625,4.2230000495910645,,131.4499969482422,159027.0,342507.0,pdf,709.41307,251.63658747758018,0.15848591498656517,12688.432465681399,0,,0.0039314727950712,0.2317976516563291,3.0187581452718604,158775.36341252242,172256.2904947177,329818.5675343186,158775.36341252242
2026-01-28,68.4000015258789,5301.60009765625,91.5343017578125,367.9500122070313,113.11100006103516,25342.75,4.250999927520752,,135.82000732421875,163827.0,361821.0,pdf,709.41307,-1554.6962484615506,-0.9400654871297542,8974.902409130009,0,,4.364263067668173,-0.1949501951540089,1.2283584946031434,165381.69624846155,179423.53838276485,352846.09759087,165381.69624846155
2026-01-29,70.70999908447266,5318.39990234375,92.04080200195312,368.3999938964844,114.03700256347656,25418.900390625,4.227000236511231,,146.52999877929688,176121.0,385933.0,pdf,709.41307,9297.208490505029,5.5730710867915185,28229.82819388056,0,,0.3168817786714406,0.5533447400743352,3.3771893378098383,166823.79150949497,180988.0756942634,357703.17180611944,166823.79150949497
2026-01-30,70.69000244140625,,91.78189849853516,361.6499938964844,78.29000091552734,25320.650390625,4.241000175476074,,131.1199951171875,168475.0,357163.0,pdf,723.77446,,,112279.26625531196,0,,,-0.2812920984896161,-0.0282797953971347,,,244883.73374468804,
2026-02-02,66.30000305175781,4622.5,91.68699645996094,365.5,76.77799987792969,25088.400390625,4.275000095367432,,118.66999816894533,142270.0,236496.0,pdf,723.77446,-2167.934510373336,-1.500945383719564,-3410.0187821710715,0,,-1.9389444883695093,-0.1033995157288414,-6.210212530813298,144437.93451037334,156701.5327235182,239906.01878217107,144437.93451037334
2026-02-03,67.33000183105469,,90.24559783935548,383.9500122070313,83.04199981689453,25727.55078125,4.27400016784668,,125.1999969482422,150708.0,255372.0,pdf,723.77446,,,-27.727182033326244,0,,,-1.5720862022510662,1.5535425820309534,,,255399.72718203333,
2026-02-04,69.45999908447266,4920.39990234375,90.4228973388672,387.2000122070313,84.16500091552734,25776.0,4.275000095367432,,129.60000610351562,158158.0,276538.0,pdf,723.77446,6531.39072774793,4.3075491558480605,17175.875751956657,0,,0.3405531815997564,0.1964633220418399,3.163518781363739,151626.60927225207,164500.56666329232,259362.12424804334,151626.60927225207
2026-02-05,67.55000305175781,4861.39990234375,90.125,376.1499938964844,76.52899932861328,25642.80078125,4.210000038146973,,125.22000122070312,152399.0,252232.0,pdf,723.77446,3084.0720431288064,2.065481385772509,17177.85405627187,0,,-1.19908952871689,-0.329449008640803,-2.7497783730057845,149314.9279568712,161992.61051924704,235054.14594372813,149314.9279568712
2026-02-06,68.05000305175781,4951.2001953125,90.3147964477539,380.25,76.73500061035156,25693.69921875,4.205999851226807,,125.04000091552734,,,,717.063829,,,,0,,1.8472105725236831,0.2105924524315128,0.7401924165967744,152393.3435402548,165332.4010106538,236183.20504685017,152393.3435402548
2026-02-09,69.04000091552734,5050.89990234375,90.58799743652344,437.3500061035156,82.06500244140625,25867.30078125,4.197999954223633,,127.9800033569336,,,,717.063829,,,,0,,2.0136472592168664,0.3024985932704505,1.4548094333170836,155932.27831272726,169171.8113770154,253352.53217926674,155932.27831272726
2026-02-10,68.80000305175781,5003.7998046875,90.8227996826172,433.8999938964844,80.21800231933594,25935.150390625,4.146999835968018,,128.33999633789062,,,,717.063829,,,,0,,-0.9325090294185824,0.2591979652252218,-0.3476214666670918,154878.60007775173,168028.66989567401,248292.3455213753,154878.60007775173
2026-02-11,69.4000015258789,5071.60009765625,90.58789825439452,426.9500122070313,83.75399780273438,25953.849609375,4.171999931335449,,128.6999969482422,156113.0,258091.0,pdf,717.063829,-458.16699132556096,-0.29262539210105304,-475.54554098591325,0,,1.3549761304446184,-0.2586370702549634,0.8720907667252753,156571.16699132556,169864.9453207777,258566.5455409859,156571.16699132556
2026-02-12,67.5199966430664,4923.7001953125,90.73570251464844,432.5,75.5459976196289,25807.19921875,4.104000091552734,,128.52000427246094,156147.0,260614.0,pdf,717.063829,3893.806640801544,2.557454825670031,27006.7752131366,0,,-2.9162374693560533,0.1631611540857669,-2.708940693771389,152253.19335919846,165180.35128592284,233607.2247868634,152253.19335919846
2026-02-13,67.75,5022.0,90.56410217285156,418.0499877929688,77.85099792480469,25471.099609375,4.056000232696533,,126.0999984741211,152751.0,241945.0,pdf,725.7269640000001,-2248.1789923269826,-1.450445742321174,1665.4149327344494,0,,1.996462026284296,-0.1891210813837807,0.3406447991244343,154999.17899232698,168159.48664261887,240279.58506726555,154999.17899232698
2026-02-16,,,90.57119750976562,427.0499877929688,,25682.75,,,126.91999816894533,154080.0,239484.0,pdf,725.7269640000001,,,,0,,,0.0078346019491526,,,,,
2026-02-17,67.41999816894531,4882.89990234375,90.78299713134766,420.8500061035156,73.4469985961914,25725.400390625,4.052000045776367,,124.58000183105467,151195.0,234380.0,pdf,725.7269640000001,124.75224757398246,0.0825789653687644,7145.027002234885,0,,,0.2338487592141946,,151070.24775242602,163896.9669012169,227234.97299776511,151070.24775242602
2026-02-18,70.3499984741211,4986.5,90.6261978149414,418.3999938964844,77.50900268554688,25819.349609375,4.078999996185303,,124.63999938964844,151963.0,237039.0,pdf,725.7269640000001,-2046.0303433561057,-1.3285132299025417,-2349.074731407949,0,,2.1216920217128177,-0.1727188144927449,4.345891997554796,154009.0303433561,167085.26876873538,239388.07473140795,154009.0303433561
2026-02-19,71.66000366210938,4975.89990234375,90.7935028076172,404.75,77.56500244140625,25454.349609375,4.074999809265137,,127.08999633789062,154735.0,245230.0,pdf,725.7269640000001,769.6441207254538,0.49988136378481,5226.715387244127,0,,-0.2125759080768063,0.1846099656717559,1.8621253964492768,153965.35587927455,167037.88609543935,240003.28461275587,153965.35587927455
2026-02-20,71.76000213623047,5059.2998046875,91.04109954833984,401.2000122070313,82.28299713134766,25571.25,4.085999965667725,,127.54000091552734,154438.0,245564.0,pdf,723.60838,-2534.839131691988,-1.6148265812822502,-9732.111529217946,0,,1.6760767696405443,0.2727031484260456,0.1395457284548928,156972.839131692,170300.72169947712,255296.11152921795,156972.839131692
2026-02-23,71.48999786376953,5204.7001953125,90.72660064697266,402.1499938964844,86.52300262451172,25713.0,4.02899980545044,,130.0,158428.0,265550.0,pdf,723.60838,-2498.2756518649403,-1.5524348909121033,-1974.046497805859,0,,2.8739231956620648,-0.3454471693855154,-0.376260123220673,160926.27565186494,174589.82735815534,267524.04649780586,160926.27565186494
2026-02-24,70.7699966430664,5155.7998046875,91.02010345458984,406.8999938964844,87.45700073242188,25424.650390625,4.0329999923706055,,131.22000122070312,159503.0,266535.0,pdf,723.60838,-427.0135067240335,-0.2670002317645527,-4751.703096525103,0,,-0.939542889887124,0.3235024849649548,-1.0071356024868638,159930.01350672403,173508.97691767226,271286.7030965251,159930.01350672403
2026-02-25,70.8499984741211,5206.39990234375,90.91799926757812,405.7000122070313,90.93900299072266,25482.5,4.047999858856201,,131.69000244140625,159823.0,269367.0,pdf,723.60838,-1495.4336999014195,-0.9270073268150838,-12404.239241342468,0,,0.981420915727682,-0.1121776213566461,0.1130448422347329,161318.43369990142,175015.28184423267,281771.23924134247,161318.43369990142
2026-02-26,70.75,5176.5,90.95099639892578,407.1000061035156,86.99800109863281,25496.55078125,4.017000198364258,,130.47999572753906,159043.0,265650.0,pdf,723.60838,-1407.2074784450815,-0.8770368705407415,-4008.018477458274,0,,-0.5742913127032345,0.0362932880326072,-0.1411411097738013,160450.20747844508,174073.33830208663,269658.0184774583,160450.20747844508
2026-02-27,72.4800033569336,5230.5,91.00740051269533,410.1000061035156,92.68199920654295,25178.650390625,3.961999893188477,,131.60000610351562,159087.0,267900.0,pdf,728.493828,-3137.528070651897,-1.9340651552306833,-19554.231563444424,0,,1.0431758910460776,0.0620159382555218,2.445234426761256,162224.5280706519,175998.30875589588,287454.2315634444,162224.5280706519
2026-03-02,77.73999786376953,5294.39990234375,91.07959747314452,401.75,88.28399658203125,24865.69921875,4.047999858856201,,138.32000732421875,,,,728.493828,,,,0,,1.2216786606203955,0.0793308676464654,7.2571664779493394,164336.65686670758,178289.76924218272,274030.99729395675,164336.65686670758
2026-03-03,81.4000015258789,5107.39990234375,91.56340026855467,,82.9229965209961,,4.056000232696533,,,,,,728.493828,,,,0,,-3.532033912232768,0.5311867957616068,4.708005869157739,159374.3326909417,172906.1156552669,258757.8315377732,159374.3326909417
2026-03-04,81.4000015258789,5120.2001953125,92.00859832763672,393.7999877929688,82.63300323486328,24480.5,4.079999923706055,,133.9600067138672,161322.0,266431.0,pdf,728.493828,771.3900315878855,0.4804653384622172,7324.3524703840085,0,,0.2506224931178025,0.486218355561574,0.0,160550.6099684121,174182.26553176783,259106.647529616,160550.6099684121
2026-03-05,85.41000366210938,5065.2998046875,92.1230010986328,399.7999877929688,81.68699645996094,24765.900390625,4.145999908447266,,132.24000549316406,159850.0,257800.0,pdf,728.493828,823.3770667420176,0.5177605180533711,1341.1982412752695,0,,-1.0722313294558417,0.1243392172856738,4.926292458306159,159026.62293325798,172528.8833709874,256458.80175872473,159026.62293325798
2026-03-06,92.69000244140624,5146.10009765625,91.78690338134766,395.5499877929688,83.81600189208984,24450.44921875,4.132999897003174,,130.82000732421875,159409.0,263310.0,pdf,716.810466,-1564.9315516186762,-0.9721645837524057,1127.160656231339,0,,1.5951729627923683,-0.3648358317433708,8.523590290544059,160973.93155161868,174641.52951354854,262182.83934376866,160973.93155161868
2026-03-09,98.95999908447266,5091.5,91.93620300292967,389.0,84.03199768066406,24028.05078125,4.136000156402588,,131.35000610351562,159568.0,262803.0,pdf,716.810466,42.940683594642906,0.02691782957401912,-483.053510438418,0,,-1.0609995262454652,0.1626589590475013,6.764479963230086,159525.05931640536,173069.63982440202,263286.0535104384,159525.05931640536
2026-03-10,87.80000305175781,5229.7001953125,91.220703125,392.8500061035156,89.08300018310547,24261.599609375,4.136000156402588,,132.1999969482422,160436.0,272830.0,pdf,716.810466,-2143.884799561929,-1.3186654684895593,-4109.468162059842,0,,2.714331637287626,-0.778256937484012,-11.277279846363609,162579.88479956193,176383.83728254357,276939.46816205984,162579.88479956193
2026-03-11,91.9800033569336,5167.39990234375,92.16510009765624,390.5,85.06500244140625,23866.849609375,4.208000183105469,,132.7100067138672,160692.0,269058.0,pdf,716.810466,-1614.2243795002578,-0.994554821092948,1871.8012535967282,0,,-1.1912784794927855,1.0352879777325796,4.760820227661822,162306.22437950026,176086.9415437974,267186.1987464033,162306.22437950026
2026-03-12,100.45999908447266,5115.7998046875,92.22879791259766,389.9500122070313,84.66999816894531,23639.150390625,4.2729997634887695,,132.42999267578125,159624.0,263800.0,pdf,716.810466,-1172.5374728566967,-0.7292056727618449,-2329.3063290848513,0,,-0.9985698539191068,0.069112727999987,9.219390539302296,160796.5374728567,174449.07367338223,266129.30632908485,160796.5374728567
2026-03-13,103.13999938964844,5052.5,92.38990020751952,379.0,80.91400146484375,23151.099609375,4.284999847412109,,130.32000732421875,158555.0,259951.0,pdf,709.75896,-529.3374689028715,-0.3327401536347625,5183.057100593753,0,,-1.2373393624492413,0.1746767805371973,2.667728777224343,159084.33746890287,172591.4981973946,254767.94289940625,159084.33746890287
2026-03-16,100.20999908447266,4994.0,92.5635986328125,381.6000061035156,80.26300048828125,23408.80078125,4.21999979019165,,127.22000122070312,156436.0,252793.0,pdf,709.75896,-1102.016064623458,-0.6995238940748127,-400.30917736745323,0,,-1.1578426521523966,0.1880058587603317,-2.840799226793333,157538.01606462346,170913.88535312918,253193.30917736745,157538.01606462346
2026-03-17,103.41999816894533,5001.0,92.28269958496094,383.7000122070313,79.52999877929688,23581.150390625,4.202000141143799,,128.22000122070312,156042.0,254028.0,pdf,709.75896,-1238.0898490051331,-0.7871879080141336,3908.3168626459083,0,,0.1401682018422168,-0.3034659974336717,3.203272242091093,157280.08984900513,170634.05974184515,250119.6831373541,157280.08984900513
2026-03-18,107.37999725341795,4889.89990234375,92.39129638671876,389.6000061035156,77.23799896240234,23777.80078125,4.258999824523926,,127.91000366210938,155525.0,250163.0,pdf,709.75896,1558.0050799561723,1.0119084812724022,6965.739700691745,0,,-2.221557641596683,0.1176783971927886,3.829045788613983,153966.99492004383,167039.66430004753,243197.26029930825,153966.99492004383
2026-03-19,108.6500015258789,,93.24659729003906,373.6000061035156,70.9020004272461,23002.150390625,4.281000137329102,,121.31999969482422,151637.0,236809.0,pdf,709.75896,,,11495.048266225698,0,,,0.925737528067927,1.1827195985707697,,,225313.9517337743,
2026-03-20,112.19000244140624,4570.39990234375,93.0822982788086,382.7000122070313,69.36000061035156,23114.5,4.390999794006348,,121.05999755859376,147340.0,233600.0,pdf,698.345912,2356.7259050580906,1.6255157153609283,13574.615031846712,0,,-0.6586017710874081,-0.1761983986605209,3.2581692276222984,144983.2740949419,157293.1747256445,220025.3849681533,144983.2740949419
2026-03-23,99.94000244140624,4404.10009765625,93.89530181884766,362.7000122070313,69.04900360107422,22512.650390625,4.334000110626221,,110.72000122070312,135141.0,201500.0,pdf,698.345912,-5787.116252010572,-4.106431282783863,-19451.97181726736,0,,-3.6386269963426976,0.8734244373767908,-10.918976498282762,140928.11625201057,152893.71102812467,220951.97181726736,140928.11625201057
2026-03-24,104.48999786376952,4399.2998046875,93.2436981201172,371.7000122070313,69.27400207519531,22912.400390625,4.392000198364258,,115.48999786376952,139513.0,220353.0,pdf,698.345912,-284.57966269459575,-0.20356551478304075,219.3820696642797,0,,-0.1089960005973611,-0.6939683733991342,4.552726947381158,139797.5796626946,151667.18548311206,220133.61793033572,139797.5796626946
2026-03-25,102.22000122070312,4549.7998046875,94.29969787597656,391.8500061035156,72.36100006103516,23306.44921875,4.328000068664551,,119.29000091552734,,,,698.345912,,,,0,,3.420998947142473,1.1325159524443462,-2.1724535261508526,146217.4455597926,158632.13433373725,232547.38760540404,146217.4455597926
2026-03-26,108.01000213623048,4375.5,94.6937026977539,,67.6709976196289,,4.415999889373779,,,144643.0,233551.0,pdf,698.345912,3439.5232455306977,2.4358630003930353,15167.269241572008,0,,-3.830933495313904,0.4178219343772937,5.664254398731772,141203.4767544693,153192.45119588648,218383.730758428,141203.4767544693
2026-03-27,112.56999969482422,4492.0,94.30950164794922,388.3500061035156,69.54499816894531,22819.599609375,4.440000057220459,,117.52999877929688,143715.0,225700.0,pdf,688.058133,-659.9347458463453,-0.4570978660583129,2179.1947341611376,0,,2.6625528511027285,-0.405730306091201,4.221828968063845,144374.93474584635,156633.18392238044,223520.80526583886,144374.93474584635
2026-03-30,112.77999877929688,4526.0,94.78179931640624,375.8999938964844,70.3239974975586,22331.400390625,4.3420000076293945,,121.19000244140624,,,,688.058133,,,,0,,0.756901157613532,0.5007954237952417,0.1865497779532487,146196.20593451476,158609.09134404903,227156.46531797116,146196.20593451476
2026-03-31,118.3499984741211,4647.60009765625,94.35590362548828,,74.69000244140625,,4.310999870300293,,,146217.0,227992.0,pdf,688.058133,-3232.4887451633695,-2.162930614420039,-12183.196761706582,0,,2.686701229700628,-0.4493433275055469,4.93881872239097,149449.48874516337,162138.59628013003,240175.19676170658,149449.48874516337
2026-04-01,101.16000366210938,4783.2001953125,93.48429870605467,387.1000061035156,75.86699676513672,22679.400390625,4.318999767303467,,123.37000274658205,149569.0,239483.0,pdf,688.058133,-2820.0760780041164,-1.8505762687087826,-2223.411393403425,0,,2.917636948252756,-0.9237417966904472,-14.524710632565451,152389.07607800412,165327.77121670256,241706.41139340342,152389.07607800412
2026-04-02,109.02999877929688,4651.5,92.6426010131836,394.3500061035156,72.73500061035156,22713.099609375,4.313000202178955,,120.58000183105467,,,,688.058133,,,,0,,-2.753390824861668,-0.9003626325717717,7.7797497353544465,146858.93295918236,159328.08764439594,229641.71941140937,146858.93295918236
2026-04-03,,,92.97360229492188,,,,,,,145507.0,224660.0,pdf,697.120693,,,,0,,,0.3572884160400136,,,,,
2026-04-06,109.7699966430664,4656.7998046875,92.97100067138672,420.3500061035156,72.66100311279297,22968.25,4.335000038146973,,122.80999755859376,147891.0,231028.0,pdf,697.120693,343.56063330426696,0.2328475741625206,806.7020967385033,0,,,-0.0027982389312009,,147547.43936669573,160075.05214311328,230221.2979032615,147547.43936669573
2026-04-07,109.2699966430664,4657.10009765625,92.81659698486328,414.3500061035156,71.82599639892578,23123.650390625,4.3429999351501465,,121.77999877929688,147489.0,231435.0,pdf,697.120693,177.1046006824763,0.12022423593315383,4237.313744657149,0,,0.0064484835368583,-0.166077255712449,-0.4554978730898829,147311.89539931752,159819.50915963692,227197.68625534285,147311.89539931752
2026-04-08,94.75,4749.5,92.86019897460938,445.5499877929688,75.2239990234375,23997.349609375,4.290999889373779,,124.38999938964844,152068.0,244443.0,pdf,697.120693,1762.7655628139037,1.1727905348170553,6385.08214505887,0,,1.9840651995058467,0.0469765011458012,-13.288182565335294,150305.2344371861,163066.99962524904,238057.91785494113,150305.2344371861
2026-04-09,95.91999816894533,4792.2001953125,92.2748031616211,446.1000061035156,76.2770004272461,23775.099609375,4.293000221252441,,123.20999908447266,149536.0,235475.0,pdf,697.120693,-1164.496573554643,-0.7727224528329737,-4393.565023036092,0,,0.8990461166964892,-0.6304055122134167,1.2348265635306666,150700.49657355464,163495.82175432812,239868.5650230361,150700.49657355464
2026-04-10,95.1999969482422,4761.89990234375,92.46980285644533,449.1499938964844,76.3239974975586,24050.599609375,4.316999912261963,,123.48999786376952,150305.0,241013.0,pdf,700.945596,240.90370750427246,0.16053387416182333,489.42863587787724,0,,-0.6322835385380698,0.2113249642837766,-0.7506268082230094,150064.09629249573,162805.38748714156,240523.57136412212,150064.09629249573
2026-04-13,99.36000061035156,4742.39990234375,94.50879669189452,441.6499938964844,75.52300262451172,23842.650390625,4.296999931335449,,123.76000213623048,,,,700.945596,,,,0,,-0.4095004178983785,2.2050375068006334,4.369751885991202,152745.00255418263,165713.9178653868,243247.33186417856,152745.00255418263
2026-04-14,94.79000091552734,4825.0,94.9468002319336,,79.39099884033203,,4.25600004196167,,,150081.0,237181.0,pdf,700.945596,-6044.648170213797,-3.8716560930614707,-19709.593840985006,0,,1.7417362381318302,0.4634526682917972,-4.599436057519613,156125.6481702138,169381.5994299489,256890.593840985,156125.6481702138
2026-04-15,94.93000030517578,4800.0,93.16539764404295,442.5,79.49099731445312,24231.30078125,4.2820000648498535,,125.05999755859376,152949.0,250855.0,pdf,700.945596,546.362607780291,0.35849944405764156,-1533.2841595939535,0,,-0.5181347150259086,-1.8762112925754804,0.1476942592006036,152402.6373922197,165342.48396325723,252388.28415959395,152402.6373922197
2026-04-16,99.38999938964844,4785.39990234375,93.38680267333984,440.2999877929688,78.60600280761719,24196.75,4.309000015258789,,125.61000061035156,153305.0,252675.0,pdf,700.945596,1004.8446551714733,0.6597791400122781,2503.5058105023345,0,,-0.3041687011718696,0.2376472755934555,4.698197693179074,152300.15534482853,165231.30060995545,250171.49418949767,152300.15534482853
2026-04-17,90.37999725341795,4857.60009765625,93.0478973388672,426.8500061035156,81.73799896240234,24353.55078125,4.245999813079834,,124.8000030517578,151358.0,247930.0,pdf,703.307512,-2678.955233973509,-1.7391639752319994,-11265.32760963653,0,,1.5087599111024863,-0.3629049552730912,-9.06530052476172,154036.9552339735,167115.56464063164,259195.32760963653,154036.9552339735
2026-04-20,95.4800033569336,4806.60009765625,92.60330200195312,417.5,79.95099639892578,24364.849609375,4.25,,125.0,152002.0,251154.0,pdf,703.307512,310.56242138927337,0.2047329937316543,-1163.2582114552497,0,,-1.0499011646637355,-0.4778134161322445,5.642848261231559,151691.43757861073,164570.8992598135,252317.25821145525,151691.43757861073
2026-04-21,98.4800033569336,4698.39990234375,93.12359619140624,415.1000061035156,76.41100311279297,24576.599609375,4.291999816894531,,125.22000122070312,152155.0,250063.0,pdf,703.307512,3045.1541734216444,2.0422220655792906,7562.720534236403,0,,-2.2510754611198003,0.5618527398106643,3.142019160582854,149109.84582657836,161770.1157552501,242500.2794657636,149109.84582657836
2026-04-22,101.91000366210938,4732.5,93.622802734375,414.25,77.89299774169922,24378.099609375,4.294000148773193,,124.98999786376952,152250.0,249677.0,pdf,703.307512,1252.8103664039518,0.8296911813020977,1148.236109189107,0,,0.7257810821773569,0.5360687982266965,3.482940889780428,150997.18963359605,163817.70573456175,248528.7638908109,150997.18963359605
2026-04-23,105.06999969482422,4705.10009765625,93.80049896240234,412.8500061035156,75.46499633789062,24173.05078125,4.322999954223633,,124.08000183105467,151189.0,243937.0,pdf,703.307512,781.1098789857933,0.519327728324181,2698.117902120168,0,,-0.5789731081616512,0.1898001585484365,3.1007711894428525,150407.8901210142,163178.37135770408,241238.88209787983,150407.8901210142
2026-04-24,105.33000183105467,4722.2998046875,94.11289978027344,405.2999877929688,76.38300323486328,23897.94921875,4.309999942779541,,123.94000244140624,150664.0,240890.0,pdf,698.48709,-796.4748488167243,-0.5258631663552761,-4096.689088383253,0,,0.3655545402704074,0.3330481408167163,0.2474561121020624,151460.47484881672,164320.3264869238,244986.68908838325,151460.47484881672
2026-04-27,108.2300033569336,4675.39990234375,94.25029754638672,413.6499938964844,75.00299835205078,24092.69921875,4.335999965667725,,124.25,151495.0,244103.0,pdf,698.48709,1319.8422650503635,0.8788685725103801,3191.263177936402,0,,-0.9931580857529544,0.145992490332425,2.753253085982465,150175.15773494964,162925.8786747095,240911.7368220636,150175.15773494964
2026-04-28,111.26000213623048,4591.5,94.2584991455078,412.6499938964844,73.20500183105469,23995.69921875,4.354000091552734,,122.68000030517578,149557.0,238339.0,pdf,698.48709,2063.8970513945387,1.3993176698667134,3182.017065869557,0,,-1.794496815164226,0.0087019344602756,2.799592243662952,147493.10294860546,160016.1022555625,235156.98293413044,147493.10294860546
2026-04-29,118.02999877929688,4545.2001953125,94.64550018310548,412.3999938964844,71.56900024414062,24177.650390625,4.418000221252441,,121.58000183105467,148821.0,238911.0,pdf,698.48709,2215.727065197716,1.5113556428376798,8065.4406496318115,0,,-1.0083808055646348,0.4105741562893339,6.08484317192175,146605.27293480228,159052.89044813454,230845.5593503682,146605.27293480228
2026-04-30,114.01000213623048,4614.7001953125,94.9166030883789,412.75,73.53399658203125,23997.55078125,4.389999866485596,,123.43000030517578,,,,698.48709,,,,0,,1.529085563088639,0.2864403534758031,-3.4059109418304367,149273.35085085657,161947.50328158966,237863.03782865603,149273.35085085657
2026-05-01,108.16999816894533,4629.89990234375,94.75910186767578,412.75,75.95099639892578,,4.377999782562256,,123.43000030517578,148652.0,236882.0,pdf,690.69291,-864.5064614379662,-0.5782013517423459,-8391.718295378989,0,,0.3293758291533111,-0.1659364279571584,-5.122361071712756,149516.50646143797,162211.30417986194,245273.718295379,149516.50646143797
2026-05-04,114.44000244140624,4519.5,94.90299987792967,413.2999877929688,73.0719985961914,24119.30078125,4.446000099182129,,122.37999725341795,148357.0,244237.0,pdf,690.69291,2184.0759158289584,1.4941726927288517,7902.279268066428,0,,-2.384498686199743,0.1518566632837448,5.796435590826321,146172.92408417104,158583.83273282705,236334.72073193357,146172.92408417104
2026-05-05,109.87000274658205,4555.7998046875,95.2593994140625,406.6000061035156,73.10800170898438,24032.80078125,4.415999889373779,,122.16000366210938,147557.0,239502.0,pdf,690.69291,-343.3065378329193,-0.23212023414238256,2162.8646850125515,0,,0.8031818716119021,0.3755408539152904,-3.99335861353558,147900.30653783292,160457.87973444135,237339.13531498745,147900.30653783292
2026-05-06,101.2699966430664,4681.89990234375,95.18299865722656,415.6499938964844,76.81099700927734,24330.94921875,4.355999946594238,,124.0199966430664,150636.0,246333.0,pdf,690.69291,-1236.1392914423486,-0.8139342062405532,-2827.6117223442707,0,,2.7679025212324904,-0.0802028537927768,-7.827437779674728,151872.13929144235,164766.9435709044,249160.61172234427,151872.13929144235
2026-05-07,100.05999755859376,4699.7998046875,94.60800170898438,411.1499938964844,79.70099639892578,24326.650390625,4.392000198364258,,124.47000122070312,151237.0,251385.0,pdf,690.69291,-294.81732955615735,-0.19455803721734516,-5588.43140573788,0,,0.3823213378566503,-0.6040962738659506,-1.1948248489998314,151531.81732955616,164397.72634810337,256973.43140573788,151531.81732955616
2026-05-08,101.29000091552734,4720.39990234375,94.25299835205078,424.5499877929688,80.3949966430664,24176.150390625,4.363999843597412,,124.30999755859376,151140.0,255200.0,pdf,696.988363,-484.9151605522493,-0.31981232110750624,-3038.3865249502414,0,,0.4383186202038702,-0.3752360799518683,1.2292658274484891,151624.91516055225,164498.7287119199,258238.38652495024,151624.91516055225
2026-05-11,104.20999908447266,4718.7001953125,94.42530059814452,385.2000122070313,85.48500061035156,23815.849609375,4.409999847412109,,123.2300033569336,150277.0,255300.0,pdf,696.988363,-1570.4015584742592,-1.0341971889914232,-19790.06034757872,0,,-0.0360076914332263,0.1828082385773699,2.8828098949080783,151847.40155847426,164740.10546438242,275090.0603475787,151847.40155847426
2026-05-12,107.7699966430664,4677.60009765625,95.3914031982422,361.7999877929688,85.12999725341797,23379.55078125,4.4629998207092285,,124.61000061035156,151954.0,267820.0,pdf,696.988363,-110.88245072236168,-0.0729178551519243,-8930.529226678947,0,,-0.8710046401565918,1.0231395547356523,3.416176556827355,152064.88245072236,164976.0517154063,276750.52922667895,152064.88245072236
2026-05-13,105.62999725341795,4697.7001953125,95.63300323486328,355.3999938964844,88.88800048828125,23412.599609375,4.480999946594238,,131.74000549316406,160411.0,286850.0,pdf,696.988363,7305.886860571161,4.771811150368231,-2849.3593817579676,1,0.0,0.4297096211008044,0.2532723374652601,-1.985709804497915,153105.11313942884,166104.6038776822,289699.35938175797,166104.6038776822
2026-05-14,105.72000122070312,4678.10009765625,95.69580078125,361.0,84.91200256347656,23689.599609375,4.460999965667725,,131.77999877929688,161349.0,287350.0,pdf,696.988363,8782.56629354824,5.756552132854136,10427.293355200265,1,1.0,-0.417227512215601,0.0656651409686404,0.0852068253577975,152566.43370645176,165520.1875117165,276922.70664479973,165520.1875117165
2026-05-15,109.26000213623048,4555.7998046875,95.70989990234376,353.04998779296875,77.16100311279297,23643.5,4.59499979019165,,129.41000366210938,158159.0,267500.0,pdf,688.8943939999999,9559.243741487822,6.432879825763674,15818.478713095246,1,2.0,-2.614315436089598,0.0147332704033553,3.3484684777265183,148599.75625851218,161216.71669555566,251681.52128690475,161216.71669555566
2026-05-18,112.0999984741211,4552.5,95.97029876708984,346.1000061035156,77.072998046875,23649.94921875,4.623000144958496,,129.6999969482422,158159.0,267500.0,pdf,688.8943939999999,9262.871832621051,6.221029348868197,15421.55968299514,1,3.0,-0.0724308536144358,0.2720709822200184,2.5993010089360835,148896.12816737895,161538.25225706206,252078.44031700486,161538.25225706206
2026-05-19,111.27999877929688,4506.2998046875,96.27020263671876,344.1499938964844,74.8280029296875,23618.0,4.666999816894531,,130.63999938964844,158907.0,270221.0,pdf,688.8943939999999,11061.343061257998,7.481682783445661,24720.351351503195,1,4.0,-1.014831308347064,0.3124965468292773,-0.7314894790239612,147845.656938742,160398.59007505025,245500.6486484968,160398.59007505025
2026-05-20,105.0199966430664,4531.2998046875,96.56580352783205,343.54998779296875,75.85099792480469,23659.0,4.572000026702881,,130.1999969482422,157961.0,264952.0,pdf,688.8943939999999,8838.643009607797,5.927107905206501,15330.91823182322,1,5.0,0.5547788891896444,0.3070533592089308,-5.6254512984368565,149122.3569903922,161783.68918768963,249621.08176817678,161783.68918768963
2026-05-21,102.58000183105467,4539.7998046875,96.5282974243164,353.0,76.41400146484375,23654.69921875,4.585999965667725,,130.74000549316406,158947.0,265808.0,pdf,688.8943939999999,9602.94079722467,6.43007887189276,14431.77968950689,1,6.0,0.1875841450880599,-0.0388399434845587,-2.323362111983851,149344.05920277533,162024.21517282227,251376.2203104931,162024.21517282227
2026-05-22,103.54000091552734,4521.0,96.17389678955078,352.3999938964844,75.89299774169922,23719.30078125,4.558000087738037,,130.5,158354.0,267433.0,pdf,681.3835,10174.432225089578,6.866285533066793,18687.33305668563,1,7.0,-0.41411087484714,-0.3671468825434232,0.9358540332780718,148179.56777491042,160760.8518312707,248745.66694331437,160760.8518312707
2026-05-25,,,95.71949768066406,357.8500061035156,,24031.69921875,,,130.50999450683594,158622.0,269754.0,pdf,681.3835,,,,1,8.0,,-0.4724765493084315,,,,,
2026-05-26,99.58000183105467,4500.39990234375,95.25279998779295,355.45001220703125,76.30500030517578,23913.69921875,4.493000030517578,,129.5800018310547,157722.0,266350.0,pdf,681.3835,11630.32759373894,7.960979159302512,18649.23230293597,1,9.0,,-0.4875680547635874,,146091.67240626106,158495.68232754734,247700.76769706403,158495.68232754734
2026-05-27,94.29000091552734,4447.5,95.90499877929688,354.75,74.5989990234375,23907.150390625,4.480999946594238,,129.0399932861328,,,,681.3835,,,,1,10.0,-1.175448926576517,0.6847030130216591,-5.3123125308857215,145362.97554782525,157705.11498113113,243820.85375910474,157705.11498113113
2026-05-28,93.70999908447266,4499.2998046875,96.04889678955078,354.75,75.6449966430664,,4.454999923706055,,129.0399932861328,157040.0,261710.0,pdf,681.3835,9763.343186581478,6.629253676602964,14099.422935401235,1,11.0,1.1646948777403132,0.1500422418909019,-0.6151254909566695,147276.65681341852,159781.2786183314,247610.57706459876,159781.2786183314
2026-05-29,92.0500030517578,4560.5,96.04820251464844,355.04998779296875,75.61599731445312,23547.75,4.453000068664551,,128.64999389648438,157043.0,263966.0,pdf,682.32118,7764.141600740259,5.201099260803805,16452.136260869418,1,12.0,1.3602159884686935,-0.0007228348534393,-1.7714182573179582,149278.85839925974,161953.47845202705,247513.86373913058,161953.47845202705
2026-06-01,94.9800033569336,4475.2001953125,95.00299835205078,343.95001220703125,75.00700378417969,23382.599609375,4.474999904632568,,127.48999786376952,155599.0,262900.0,pdf,682.32118,10706.340657098714,7.389153257075096,20051.327911176224,1,13.0,-1.8704046636881968,-1.0882079364663233,3.183052914760154,144892.6593429013,157194.86626824195,242848.67208882378,157194.86626824195
2026-06-02,96.0,4489.10009765625,95.55139923095705,353.1000061035156,75.31099700927734,23483.55078125,4.454999923706055,,128.6699981689453,156296.0,266200.0,pdf,682.32118,10114.32161782001,6.919007723647108,20959.579783054534,1,14.0,0.3105984478260826,0.5772458642558265,1.073906724590512,146181.67838218,158593.3303202896,245240.42021694547,158593.3303202896
2026-06-03,97.80999755859376,4436.7001953125,95.26300048828124,353.0,73.47599792480469,23405.599609375,4.491000175476074,,127.63999938964844,155264.0,262000.0,pdf,682.32118,11224.719775987614,7.792818569025571,23457.177881624986,1,15.0,-1.1672696354244283,-0.3018257660243106,1.885414123535156,144039.2802240124,156269.03043171152,238542.822118375,156269.03043171152
2026-06-04,95.02999877929688,4475.7998046875,96.16449737548828,362.1000061035156,73.77899932861328,23416.55078125,4.477000236511231,,128.5,155581.0,259143.0,pdf,682.32118,8897.24386794187,6.0655958795681215,17349.77381835683,1,16.0,0.8812767970283408,0.9463242629208723,-2.8422439921149123,146683.75613205813,159138.0373130819,241793.22618164317,159138.0373130819
2026-06-05,93.08999633789062,4337.10009765625,95.79029846191406,371.8500061035156,68.94300079345703,23366.69921875,4.535999774932861,,127.77999877929688,154190.0,254950.0,pdf,682.32118,12604.892348928523,8.902696447420565,29884.8189034308,1,17.0,-3.0988809393572514,-0.389123765825039,-2.041463186705728,141585.10765107148,153606.48471578507,225065.1810965692,153606.48471578507
2026-06-08,94.25,4335.89990234375,94.95030212402344,354.20001220703125,68.42500305175781,23123.0,4.552000045776367,,124.16000366210938,150768.0,241160.0,pdf,682.32118,10463.305657084711,7.457559211462733,19744.622458638827,1,18.0,-0.027672760265518,-0.8769117033543883,1.2461099019693611,140304.6943429153,152217.35707014392,221415.37754136117,152217.35707014392
2026-06-09,91.4499969482422,4260.0,95.68830108642578,355.04998779296875,65.09400177001953,23242.099609375,4.527999877929688,,125.38999938964844,152584.0,245607.0,pdf,682.32118,13663.913068990863,9.835808032409792,33333.18815543721,1,19.0,-1.7504994131142817,0.7772476189052746,-2.9708255191064348,138920.08693100914,150715.1886515665,212273.8118445628,150715.1886515665
2026-06-10,94.25,4097.60009765625,95.25499725341795,,63.709999084472656,,4.541999816894531,,,,,,682.32118,,,,1,20.0,-3.812204280369713,-0.4528284315722719,3.0617858340033832,133019.0812000972,144313.1541321809,206819.73202614192,144313.1541321809
