date,Oil_USD,Gold_USD,rupees_per_dollar,Kalyan,Silver_USD,Nifty50,US10Y_yield,GOLDBEES,Gold_INR_PM,Silver_INR_PM,ibja_source,forex_reserves_usd_bn,parity_actual,parity_pre,parity_post,domestic_premium,premium_pct,silver_parity_pre,silver_premium,post_hike,days_since_hike,delta_Gold_USD,delta_FX,delta_Oil,MCX_Gold_close,t,pre_restriction,lag1_premium,lag_break
2022-01-03,78.9800033569336,1799.4000244140625,74.51380157470703,67.69950103759766,22.790000915527344,17625.69921875,1.628000020980835,41.72999954223633,,,,,,,,,,57873.22270720066,,0,0.0,,,,,0,0,,0
2022-01-04,80.0,1814.0,74.4032974243164,70.328125,23.038000106811523,17805.25,1.6679999828338623,41.459999084472656,,,,,,,,,,58416.23497191771,,0,0.0,0.8113802038371976,-0.148300245129529,1.2914618887223115,,1,0,,0
2022-01-05,80.80000305175781,1824.5999755859373,74.53489685058594,72.5103759765625,23.14999961853028,17925.25,1.7050000429153442,41.560001373291016,,,,,,,,,,58804.05110928844,,0,0.0,0.5843426453107758,0.1768731102319787,1.00000381469727,,2,0,,0
2022-01-06,81.98999786376953,1788.699951171875,74.43009948730469,71.27046203613281,22.17399978637696,17745.900390625,1.7330000400543213,41.2400016784668,,,,,,,,,,56245.6890941341,,0,0.0,-1.9675558968772824,-0.1406017418811633,1.472765800824849,,3,0,,0
2022-01-07,81.75,1797.0,74.41929626464844,70.9728775024414,22.393999099731445,17812.69921875,1.7710000276565552,41.09000015258789,,,,632.735839,,,,,,56795.48580598246,,0,0.0,0.4640268940963032,-0.0145145884939856,-0.2927160263722639,,4,0,,0
2022-01-10,80.87000274658203,1798.4000244140625,74.2699966430664,70.92327880859375,22.44599914550781,18003.30078125,1.7799999713897705,41.06999969482422,,,,632.735839,49384.229537685926,45519.376791258335,49384.229537685926,,,56813.16051435898,,0,0.0,0.0779089824186174,-0.2006195020322398,-1.0764492396550085,,5,0,,0
2022-01-11,83.72000122070312,1818.5999755859373,74.05699920654297,69.53457641601562,22.80599975585937,18055.75,1.746000051498413,41.209999084472656,,,,632.735839,,,,,,57558.8130009016,,0,0.0,1.1232179102341977,-0.2867879980486321,3.524172594691244,,6,0,,0
2022-01-12,84.66999816894531,1827.199951171875,73.81529998779297,69.28659057617188,23.200000762939453,18212.349609375,1.725000023841858,41.33000183105469,,,,632.735839,,,,,,58362.11091984521,,0,0.0,0.4728898988996644,-0.3263691769037402,1.1347311686460635,,7,0,,0
2022-01-13,84.47000122070312,1821.199951171875,73.79910278320312,69.28659057617188,23.155000686645508,18257.80078125,1.7109999656677246,41.41999816894531,,,,632.735839,,,,,,58236.12687176762,,0,0.0,-0.3283712872338862,-0.0219428825629974,-0.2362075736001889,,8,0,,0
2022-01-14,86.05999755859375,1816.5,73.97229766845703,69.33619689941406,22.910999298095703,18255.75,1.7719999551773071,41.52999877929688,,,,634.96492,49681.3157753838,45793.21280165812,49681.3157753838,,,57757.68050406475,,0,0.0,-0.2580689269649272,0.2346842694858963,1.882320723230824,,9,0,,0
2022-01-17,,,74.37899780273438,69.1377944946289,,18308.099609375,,41.52999877929688,,,,634.96492,,,,,,,,0,0.0,,0.5498005971102504,,,10,0,,0
2022-01-18,87.51000213623047,1812.300048828125,74.25509643554688,68.19547271728516,23.48699951171875,18113.05078125,1.8650000095367432,41.52000045776367,,,,634.96492,49755.94133466026,45861.99809977381,49755.94133466026,,,59436.11421697806,,0,0.0,,-0.1665811194661581,,,11,0,,0
2022-01-19,88.44000244140625,1843.0999755859373,74.61969757080078,67.40191650390625,24.22599983215332,17938.400390625,1.8270000219345093,41.59999847412109,,,,634.96492,50849.99989924571,46870.43468973953,50849.99989924571,,,61607.24637661628,,0,0.0,1.699493788444606,0.4910115975276907,1.0627360101397532,,12,0,,0
2022-01-20,88.37999725341797,1842.5,74.44920349121094,67.35232543945312,24.711000442504883,17757.0,1.8329999446868896,42.04999923706055,,,,634.96492,50717.30064058372,46748.120590451086,50717.30064058372,,,62697.032759669375,,0,0.0,-0.0325525253043745,-0.2284840131227761,-0.0678484693937386,,13,0,,0
2022-01-21,87.88999938964844,1831.800048828125,74.45220184326172,67.25312805175781,24.31399917602539,17617.150390625,1.746999979019165,41.84000015258789,,,,634.28656,50424.800751563474,46478.511997093294,50424.800751563474,,,61692.24108947744,,0,0.0,-0.5807300500339174,0.0040273796228618,-0.5544216779782452,,14,0,,0
2022-01-24,86.2699966430664,1841.699951171875,74.41320037841797,64.57490539550781,23.795000076293945,17149.099609375,1.7350000143051147,42.040000915527344,,,,634.28656,,,,,,60343.75022755111,,0,0.0,0.5404466688426757,-0.052384568727537,-1.8432162451156309,,15,0,,0
2022-01-25,88.19999694824219,1852.699951171875,74.6447982788086,65.7652359008789,23.895999908447266,17277.94921875,1.7829999923706057,42.060001373291016,,,,634.28656,,,,,,60788.4906331012,,0,0.0,0.5972742733147518,0.3112322803116463,2.237162837922635,,16,0,,0
2022-01-26,89.95999908447266,1829.9000244140625,74.77999877929688,,23.80699920654297,,1.8480000495910645,,,,,634.28656,50594.27711695043,46634.72499475432,50594.27711695043,,,60671.77693507949,,0,0.0,-1.2306324477091457,0.1811251468364805,1.995467343681745,,17,0,,0
2022-01-27,89.33999633789062,1793.300048828125,74.8949966430664,65.12047576904297,22.67300033569336,17110.150390625,1.807000041007996,41.81999969482422,,,,634.28656,,,,,,57870.65574844624,,0,0.0,-2.000107934730311,0.1537815801641473,-0.6891982579944722,,18,0,,0
2022-01-28,90.02999877929688,1784.9000244140625,75.20929718017578,65.7652359008789,22.302000045776367,17101.94921875,1.781999945640564,41.43000030517578,,,,629.7551500000001,49633.39747263789,45749.04462695319,49633.39747263789,,,57162.596302808175,,0,0.0,-0.4684115421483281,0.4196549184817488,0.7723331874747386,,19,0,,0
2022-01-31,91.20999908447266,1795.0,75.03900146484375,66.01322174072266,22.395000457763672,17339.849609375,1.781999945640564,41.25,,,,629.7551500000001,,,,,,57270.99459818422,,0,0.0,0.5658566557111833,-0.2264290742194585,1.3106745764470018,,20,0,,0
2022-02-01,89.16000366210938,1800.300048828125,74.55580139160156,66.21160125732422,22.59600067138672,17576.849609375,1.7999999523162842,41.54999923706055,,,,629.7551500000001,,,,,,57412.91862968566,,0,0.0,0.2952673441852349,-0.6439319071544047,-2.2475555782702217,,21,0,,0
2022-02-02,89.47000122070312,1809.199951171875,74.74549865722656,69.18739318847656,22.711000442504883,17780.0,1.7660000324249268,41.5099983215332,,,,629.7551500000001,49998.87003042021,46085.91498456124,49998.87003042021,,,57851.93808620546,,0,0.0,0.4943566129181231,0.2544366261032049,0.3476867943708939,,22,0,,0
2022-02-03,91.11000061035156,1803.0,74.82240295410156,67.20352935791016,22.375,17560.19921875,1.8270000219345093,41.560001373291016,,,,629.7551500000001,49878.79544269355,45975.237538482754,49878.79544269355,,,57054.6833013617,,0,0.0,-0.3426902133099818,0.1028881982949592,1.83301594643206,,23,0,,0
2022-02-04,93.2699966430664,1806.5999755859373,74.6438980102539,66.310791015625,22.475000381469727,17516.30078125,1.9299999475479128,41.59999847412109,,,,631.95295,49859.152176253,45957.13157115494,49859.152176253,,,57172.95270404084,,0,0.0,0.1996658672178242,-0.2385715197588012,2.37075624875962,,24,0,,0
2022-02-07,92.69000244140624,1820.5999755859373,74.64219665527344,65.2692642211914,23.076000213623047,17213.599609375,1.9160000085830688,41.630001068115234,,,,631.95295,,,,,,58700.46608002721,,0,0.0,0.7749363549869104,-0.0022792954626149,-0.6218443470945245,,25,0,,0
2022-02-08,90.77999877929688,1826.5999755859373,74.6583023071289,64.47571563720703,23.19499969482422,17266.75,1.9539999961853027,41.81999969482422,,,,631.95295,50420.84689736286,46474.86757496055,50420.84689736286,,,59015.90680096279,,0,0.0,0.3295616873810525,0.0215771407825027,-2.060636111555592,,26,0,,0
2022-02-09,91.5500030517578,1835.199951171875,74.69519805908203,64.32691955566406,23.336000442504883,17463.80078125,1.9290000200271609,41.9900016784668,,,,631.95295,,,,,,59404.00294041866,,0,0.0,0.4708187726313095,0.0494194896119459,0.848209168115277,,27,0,,0
2022-02-10,91.41000366210938,1836.199951171875,74.80889892578125,64.32691955566406,23.518999099731445,17605.849609375,2.0309998989105225,42.16999816894531,,,,631.95295,,,,,,59960.97712722333,,0,0.0,0.0544899752946026,0.1522197807271252,-0.1529212288166603,,28,0,,0
2022-02-11,94.44000244140624,1840.800048828125,75.53839874267578,63.78136444091797,23.36599922180176,17374.75,1.955000042915344,42.18999862670898,,,,630.18975,,,,,,60151.81494724915,,0,0.0,0.2505226978856134,0.9751511215507548,3.314734337498826,,29,0,,0
2022-02-14,96.4800033569336,1868.0,75.34100341796875,62.24386215209961,23.84499931335449,16842.80078125,1.996000051498413,42.959999084472656,,,,630.18975,,,,,,61224.5099508106,,0,0.0,1.4776157350273156,-0.2613178568683483,2.160102565428268,,30,0,,0
2022-02-15,93.27999877929688,1854.800048828125,75.6854019165039,62.78942108154297,23.33799934387207,17352.44921875,2.0450000762939453,42.720001220703125,,,,630.18975,,,,,,60196.65349186252,,0,0.0,-0.7066355017063652,0.4571196067359784,-3.3167542146512075,,31,0,,0
2022-02-16,94.80999755859376,1870.199951171875,75.17479705810547,62.98780822753906,23.60099983215332,17322.19921875,2.046999931335449,42.63999938964844,,,,630.18975,51981.50917277417,47913.39106360055,51981.50917277417,,,60464.33343885857,,0,0.0,0.8302729101975048,-0.6746411401259866,1.6402216973832706,,32,0,,0
2022-02-17,92.97000122070312,1900.699951171875,75.04199981689453,62.4422492980957,23.874000549316406,17304.599609375,1.972000002861023,43.38999938964844,,,,630.18975,,,,,,61055.69821857225,,0,0.0,1.6308416637958123,-0.1766512799606157,-1.9407197397652955,,33,0,,0
2022-02-18,93.54000091552734,1898.5999755859373,75.06300354003906,61.797489166259766,23.99099922180176,17276.30078125,1.932000041007996,43.18000030517578,,,,632.9519,52692.40091687562,48568.64780164189,52692.40091687562,,,61372.08504142911,,0,0.0,-0.1104843289253865,0.0279892902584899,0.6131006640207382,,34,0,,0
2022-02-21,,,74.68240356445312,59.9624137878418,,17206.650390625,,43.09999847412109,,,,632.9519,,,,,,,,0,0.0,,-0.5070406959973628,,,35,0,,0
2022-02-22,96.83999633789062,1906.0999755859373,74.51699829101562,58.7720947265625,24.31100082397461,17092.19921875,1.9479999542236328,43.380001068115234,,,,632.9519,,,,,,61738.31804344125,,0,0.0,,-0.2214782405801307,,,36,0,,0
2022-02-23,96.83999633789062,1909.199951171875,74.62300109863281,58.7720947265625,24.55500030517578,17063.25,1.976999998092652,43.09000015258789,,,,632.9519,,,,,,62446.66624769125,,0,0.0,0.1626344696313619,0.1422531906118962,0.0,,37,0,,0
2022-02-24,99.08000183105467,1925.0999755859373,74.63300323486328,55.49871063232422,24.68600082397461,16247.9501953125,1.968999981880188,44.619998931884766,,,,632.9519,,,,,,62788.23290345545,,0,0.0,0.8328108537978496,0.0134035566557333,2.31309952279255,,38,0,,0
2022-02-25,97.93000030517578,1886.5,75.4083023071289,58.970481872558594,23.996999740600582,16658.400390625,1.9859999418258667,43.619998931884766,,,,631.5266700000001,,,,,,61669.82466788307,,0,0.0,-2.005089401873217,1.0388153211868367,-1.1606797584035378,,39,0,,0
2022-02-28,100.98999786376952,1899.4000244140625,75.06800079345703,58.47451019287109,24.36100006103516,16793.900390625,1.83899998664856,43.59000015258789,,,,631.5266700000001,52718.11433464987,48592.34886498163,52718.11433464987,,,62322.743942831694,,0,0.0,0.6838072840743337,-0.4512785771066285,3.124678391767577,,40,0,,0
2022-03-01,104.97000122070312,1942.4000244140625,75.28479766845703,,25.53400039672852,,1.7070000171661377,,,,,631.5266700000001,54067.28238095439,49835.92984679275,54067.28238095439,,,65512.285651005455,,0,0.0,2.263872772838615,0.2888006510210594,3.940987663255946,,41,0,,0
2022-03-02,112.93000030517578,1920.9000244140625,75.80120086669922,58.57370376586914,25.183000564575195,16605.94921875,1.8650000095367432,44.38999938964844,,,,631.5266700000001,53835.583739700174,49622.36414268017,53835.583739700174,,,65054.92260597225,,0,0.0,-1.1068780750497331,0.6859329031026373,7.583118026012481,,42,0,,0
2022-03-03,110.45999908447266,1934.4000244140625,75.63099670410156,59.16886901855469,25.20499992370605,16498.05078125,1.843999981880188,44.400001525878906,,,,631.5266700000001,54092.20574903307,49858.902690413095,54092.20574903307,,,64965.55121211743,,0,0.0,0.7027955556467846,-0.2245401928354318,-2.187196682925996,,43,0,,0
2022-03-04,118.11000061035156,1965.0999755859373,75.8917007446289,61.450313568115234,25.78199958801269,16245.349609375,1.7239999771118164,44.650001525878906,,,,631.92032,55140.09554311005,50824.783717997096,55140.09554311005,,,66681.82632731048,,0,0.0,1.5870528734703848,0.3447052820780838,6.92558536056902,,44,0,,0
2022-03-07,123.20999908447266,1993.9000244140625,76.41799926757812,59.615234375,25.71299934387207,15863.150390625,1.7510000467300415,46.0,,,,631.92032,,,,,,66964.55778059986,,0,0.0,1.4655767740029413,0.6934862676489351,4.318007321789907,,45,0,,0
2022-03-08,127.9800033569336,2040.0999755859373,77.08080291748047,59.51604080200195,26.88800048828125,16013.4501953125,1.871999979019165,45.93000030517578,,,,631.92032,,,,,,70631.97345865465,,0,0.0,2.317064577269945,0.8673397056386367,3.871442502966516,,46,0,,0
2022-03-09,111.13999938964844,1985.9000244140625,76.91449737548828,61.00394058227539,25.756999969482425,16345.349609375,1.9479999542236328,45.65999984741211,,,,631.92032,56474.730351292994,52054.96884553963,56474.730351292994,,,67514.97127160607,,0,0.0,-2.656730151487219,-0.215754812738822,-13.158308740091783,,47,0,,0
2022-03-10,109.33000183105467,1998.0999755859373,76.13490295410156,61.3015251159668,26.20199966430664,16594.900390625,2.010999917984009,44.79999923706055,,,,631.92032,,,,,,67985.27187435854,,0,0.0,0.614328567495459,-1.0135857972012996,-1.628574382340997,,48,0,,0
2022-03-11,112.66999816894533,1982.699951171875,76.310302734375,60.90475082397461,26.106000900268555,16630.44921875,2.003999948501587,45.27999877929688,,,,622.2746500000001,,,,,,67892.23855181446,,0,0.0,-0.7707334268670207,0.2303802506705476,3.054967787389096,,49,0,,0
2022-03-14,106.9000015258789,1959.5999755859373,76.75370025634766,59.9624137878418,25.24399948120117,16871.30078125,2.140000104904175,44.63999938964844,,,,622.2746500000001,,,,,,66031.9446884949,,0,0.0,-1.165076721381075,0.5810454238611262,-5.121147365614109,,50,0,,0
2022-03-15,99.91000366210938,1928.5,76.49009704589844,59.7640266418457,25.12299919128418,16663.0,2.1600000858306885,44.33000183105469,,,,622.2746500000001,54539.786511475366,50271.455393186,54539.786511475366,,,65489.74504473375,,0,0.0,-1.587057357287336,-0.3434403938426644,-6.538819236665172,,51,0,,0
2022-03-16,98.0199966430664,1908.0,76.26589965820312,60.21039962768555,24.670000076293945,16975.349609375,2.187999963760376,44.22999954223633,,,,622.2746500000001,,,,,,64120.38951917589,,0,0.0,-1.0630023334197602,-0.2931064233854807,-1.8917094883059704,,52,0,,0
2022-03-17,106.63999938964844,1942.0999755859373,76.02420043945312,60.656768798828125,25.583999633789062,17287.05078125,2.191999912261963,44.22999954223633,,,,622.2746500000001,,,,,,66285.2509580658,,0,0.0,1.787210460478894,-0.3169164985048489,8.794126751474218,,53,0,,0
2022-03-18,107.93000030517578,1928.199951171875,75.98159790039062,,25.05500030517578,,2.1480000019073486,,,,,619.67795,54168.781765948646,49929.48580165702,54168.781765948646,,,64878.29652923151,,0,0.0,-0.7157213628957937,-0.056038128406799,1.20967828479992,,54,0,,0
2022-03-21,115.62000274658205,1928.5999755859373,75.94640350341797,60.40878677368164,25.28199958801269,17117.599609375,2.315000057220459,44.13999938964844,,,,619.67795,,,,,,65435.772778289465,,0,0.0,0.020746002706784,-0.0463196325757642,7.124990660300656,,55,0,,0
2022-03-22,115.4800033569336,1920.699951171875,76.30709838867188,60.75596237182617,24.88500022888184,17315.5,2.372999906539917,44.31999969482422,,,,619.67795,54189.237922281405,49948.34104140721,54189.237922281405,,,64714.14119052366,,0,0.0,-0.409624832213451,0.4749334644104319,-0.1210857864752834,,56,0,,0
2022-03-23,121.5999984741211,1936.5999755859373,76.10189819335938,59.7640266418457,25.170000076293945,17245.650390625,2.321000099182129,44.41999816894531,,,,619.67795,54490.90112392455,50226.39581857394,54490.90112392455,,,65279.2730828668,,0,0.0,0.827824481609496,-0.2689136392885816,5.29961459930981,,57,0,,0
2022-03-24,119.02999877929688,1961.5999755859373,76.55239868164062,59.16886901855469,25.89999961853028,17222.75,2.3410000801086426,44.58000183105469,,,,619.67795,55521.07026305525,51175.94302507702,55521.07026305525,,,67570.19378691123,,0,0.0,1.290922251118798,0.5919701071537276,-2.1134866176590994,,58,0,,0
2022-03-25,120.6500015258789,1953.800048828125,76.32350158691406,59.119266510009766,25.59499931335449,17153.0,2.492000102996826,44.790000915527344,,,,617.64783,55134.94953826196,50820.0404439632,55134.94953826196,,,66574.82177094115,,0,0.0,-0.3976308551636554,-0.2990070836035863,1.3610037496394556,,59,0,,0
2022-03-28,112.4800033569336,1939.5999755859373,76.27850341796875,58.57370376586914,25.176000595092773,17222.0,2.476999998092652,44.4900016784668,,,,617.64783,54701.96308206717,50420.93988434019,54701.96308206717,,,65446.36154420504,,0,0.0,-0.726792552324107,-0.0589571599962202,-6.771651940006718,,60,0,,0
2022-03-29,110.2300033569336,1912.0,76.03410339355469,60.3095932006836,24.715999603271484,17325.30078125,2.400000095367432,44.18000030517578,,,,617.64783,,,,,,64044.70241190904,,0,0.0,-1.4229725682276206,-0.3204048499416245,-2.0003555590766275,,61,0,,0
2022-03-30,113.4499969482422,1933.5,75.66670227050781,60.45838165283203,25.10300064086914,17498.25,2.3580000400543213,44.11000061035156,,,,617.64783,,,,,,64733.19568937107,,0,0.0,1.124476987447709,-0.4832057019798053,2.921158934271273,,62,0,,0
2022-03-31,107.91000366210938,1949.199951171875,75.82779693603516,58.276126861572266,25.121000289916992,17464.75,2.32699990272522,44.119998931884766,,,,617.64783,,,,,,64917.52745969875,,0,0.0,0.8119964402314439,0.2129003388457784,-4.883202675325105,,63,0,,0
2022-04-01,104.38999938964844,1919.0999755859373,75.9092025756836,61.40072250366211,24.64200019836425,17670.44921875,2.377000093460083,44.56999969482422,,,,606.47533,,,,,,63748.06243745327,,0,0.0,-1.5442220572518095,0.1073559340212693,-3.2619814224850385,,64,0,,0
2022-04-04,107.52999877929688,1929.199951171875,75.99479675292969,63.9797477722168,24.583999633789062,18053.400390625,2.4119999408721924,44.220001220703125,,,,606.47533,,,,,,63669.72909404188,,0,0.0,0.5262870988705926,0.1127586304977334,3.007950386059499,,65,0,,0
2022-04-05,106.63999938964844,1922.9000244140625,75.47799682617188,63.83095169067383,24.527999877929688,17957.400390625,2.555999994277954,44.310001373291016,,,,606.47533,53661.85099128265,49462.22787022575,53661.85099128265,,,63092.69872377849,,0,0.0,-0.3265564439800861,-0.6800464621781965,-0.82767543918153,,66,0,,0
2022-04-06,101.06999969482422,1918.4000244140625,75.45069885253906,65.7652359008789,24.45499992370605,17807.650390625,2.608999967575073,44.4900016784668,,,,606.47533,,,,,,62882.17225596334,,0,0.0,-0.2340215270095091,-0.036166796656889,-5.2231805389197135,,67,0,,0
2022-04-07,100.58000183105467,1933.800048828125,75.94509887695312,65.56684112548828,24.732999801635746,17639.55078125,2.6519999504089355,44.63999938964844,,,,606.47533,54300.00845692126,50050.44257768395,54300.00845692126,,,64013.73229335675,,0,0.0,0.8027535559882004,0.6552623526792312,-0.4848103940329085,,68,0,,0
2022-04-08,102.77999877929688,1941.5999755859373,75.91320037841797,65.66603088378906,24.819000244140625,17784.349609375,2.713000059127808,44.65999984741211,,,,604.00434,,,,,,64209.33731088073,,0,0.0,0.4033471176370762,-0.0420020501742168,2.187310507249296,,69,0,,0
2022-04-11,98.4800033569336,1944.300048828125,75.91729736328125,65.07086944580078,24.97800064086914,17674.94921875,2.7799999713897705,45.220001220703125,,,,604.00434,54574.85675755978,50303.78101131598,54574.85675755978,,,64624.17542478106,,0,0.0,0.1390643426111948,0.0053969333961179,-4.183688921418272,,70,0,,0
2022-04-12,104.63999938964844,1972.0999755859373,75.83699798583984,63.9797477722168,25.725000381469727,17530.30078125,2.7249999046325684,45.20000076293945,,,,604.00434,,,,,,66486.44719218621,,0,0.0,1.4298166980229343,-0.1057721760788665,6.255072931291839,,71,0,,0
2022-04-13,108.77999877929688,1981.0,76.1498031616211,65.07086944580078,26.020000457763672,17475.650390625,2.687000036239624,45.72999954223633,,,,604.00434,55775.290264004725,51410.26754769132,55775.290264004725,,,67526.2587140172,,0,0.0,0.4512968168065789,0.4124704090207487,3.956421458138881,,72,0,,0
2022-04-14,111.6999969482422,1970.9000244140625,76.12169647216797,,25.690000534057617,,2.828000068664551,,,,,604.00434,55470.44269961613,51129.27761877661,55470.44269961613,,,66645.24598211677,,0,0.0,-0.5098422809660552,-0.0369097335596091,2.684315316889907,,73,0,,0
2022-04-15,,,76.30879974365234,,,,,,,,,603.69372,,,,,,,,0,0.0,,0.2457949312162144,,,74,0,,0
2022-04-18,113.16000366210938,1982.9000244140625,76.3313980102539,63.48377990722656,26.13999938964844,17173.650390625,2.861999988555908,46.18999862670898,,,,603.69372,55961.92088504696,51582.29229404329,55961.92088504696,,,67999.4489122765,,0,0.0,,0.0296142341086103,,,75,0,,0
2022-04-19,107.25,1955.699951171875,76.28019714355469,62.29346084594727,25.391000747680664,16958.650390625,2.913000106811523,45.97999954223633,,,,603.69372,,,,,,66006.73156614332,,0,0.0,-1.371731953567601,-0.0670770718654178,-5.222696598487553,,76,0,,0
2022-04-20,106.8000030517578,1952.300048828125,76.44539642333984,62.54144287109375,25.270000457763672,17136.55078125,2.8399999141693115,45.220001220703125,,,,603.69372,,,,,,65834.44675899582,,0,0.0,-0.1738458060354664,0.2165690257384334,-0.4195775741185903,,77,0,,0
2022-04-21,108.33000183105467,1944.9000244140625,76.27619934082031,63.632572174072266,24.621000289916992,17392.599609375,2.9170000553131104,45.209999084472656,,,,603.69372,,,,,,64001.67523427104,,0,0.0,-0.3790413475891929,-0.221330636553374,1.4325830857470967,,78,0,,0
2022-04-22,106.6500015258789,1931.0,76.28520202636719,62.64064025878906,24.256999969482425,17171.94921875,2.9059998989105225,45.33000183105469,,,,600.42286,,,,,,63062.90776983561,,0,0.0,-0.7146909475848284,0.0118027453185565,-1.550817203710397,,79,0,,0
2022-04-25,102.31999969482422,1893.199951171875,76.4635009765625,61.450313568115234,23.667999267578125,16953.94921875,2.825999975204468,44.900001525878906,,,,600.42286,,,,,,61675.45035820164,,0,0.0,-1.957537484625837,0.2337267850895719,-4.060011035259104,,80,0,,0
2022-04-26,104.98999786376952,1901.4000244140625,76.52780151367188,62.69023132324219,23.54199981689453,17200.80078125,2.7720000743865967,44.63999938964844,,,,600.42286,,,,,,61398.70235103884,,0,0.0,0.4331329734670541,0.0840931114690635,2.6094587342736064,,81,0,,0
2022-04-27,105.31999969482422,1885.9000244140625,76.79409790039062,61.69829559326172,23.45800018310547,17038.400390625,2.818000078201294,44.43000030517578,,,,600.42286,53546.99303003937,49356.358792905856,53546.99303003937,,,61392.51596654104,,0,0.0,-0.815188797779498,0.3479733919589778,0.3143173995325599,,82,0,,0
2022-04-28,107.58999633789062,1888.699951171875,76.47219848632812,61.202335357666016,23.128999710083008,17245.05078125,2.86299991607666,44.33000183105469,,,,600.42286,53401.705010434176,49222.44114005238,53401.705010434176,,,60277.74957856431,,0,0.0,0.1484663408221953,-0.4191720755415851,2.155332937375576,,83,0,,0
2022-04-29,109.33999633789062,1909.300048828125,76.58899688720703,60.40878677368164,23.040000915527344,17102.55078125,2.88700008392334,44.790000915527344,,,,597.7278699999999,54066.61045249176,49835.310504035886,54066.61045249176,,,60137.514810378416,,0,0.0,1.0907025037761198,0.1527331542583887,1.626545273320823,,84,0,,0
2022-05-02,107.58000183105467,1861.800048828125,76.52310180664062,60.11120223999024,22.54400062561035,17069.099609375,2.996000051498413,44.15999984741211,,,,597.7278699999999,52676.16888198934,48553.68609992062,52676.16888198934,,,58792.26023768076,,0,0.0,-2.4878226986457253,-0.0860372680731802,-1.6096529776689183,,85,0,,0
2022-05-03,104.97000122070312,1868.800048828125,76.52410125732422,,22.621000289916992,,2.9600000381469727,,,,,597.7278699999999,52874.91143798873,48736.87489066788,52874.91143798873,,,58993.83734085304,,0,0.0,0.375980224321415,0.0013060770669204,-2.4261020319095605,,86,0,,0
2022-05-04,110.13999938964844,1867.0,76.46730041503906,59.91281509399414,22.36199951171875,16677.599609375,2.9170000553131104,43.97999954223633,,,,597.7278699999999,52784.7725677527,48653.79036679815,52784.7725677527,,,58275.0956842853,,0,0.0,-0.0963211034403443,-0.0742260821778972,4.925214926953481,,87,0,,0
2022-05-05,110.9000015258789,1874.0,76.00160217285156,59.9624137878418,22.39999961853028,16682.650390625,3.065999984741211,44.540000915527344,,,,597.7278699999999,52660.00702258987,48538.78908169154,52660.00702258987,,,58018.61563040617,,0,0.0,0.3749330476700674,-0.6090161934053429,0.6900328131851152,,88,0,,0
2022-05-06,112.38999938964844,1881.199951171875,76.54180145263672,59.71442794799805,22.325000762939453,16411.25,3.122999906539917,44.54999923706055,,,,595.9543100000001,53238.05942373163,49071.60259926568,53238.05942373163,,,58235.36008412196,,0,0.0,0.3842023037286646,0.7107735420584627,1.3435508054721046,,89,0,,0
2022-05-09,105.94000244140624,1857.0999755859373,76.9574966430664,58.82168960571289,21.78199958801269,16301.849609375,3.0789999961853027,44.41999816894531,51479.0,61361.0,pdf,595.9543100000001,52841.458327050816,48706.03984928162,52841.458327050816,2772.960150718376,5.693257261931294,57127.508151307295,4233.491848692705,0,0.0,-1.281095907477814,0.543095645177516,-5.7389420618114695,50959.0,90,0,,0
2022-05-10,102.45999908447266,1839.9000244140625,77.3655014038086,57.978546142578125,21.38999938964844,16240.0498046875,2.993000030517578,44.2599983215332,51496.0,61473.0,pdf,595.9543100000001,52629.60956481574,48510.770555395386,52629.60956481574,2985.2294446046144,6.153745674263663,56396.83345847733,5076.166541522667,0,0.0,-0.9261726023365168,0.5301689614912286,-3.2848813259734766,50586.0,91,0,2772.960150718376,0
2022-05-11,107.51000213623048,1852.5999755859373,77.27140045166016,60.954349517822266,21.549999237060547,16167.099609375,2.9210000038146973,44.060001373291016,51205.0,61450.0,pdf,595.9543100000001,52928.43049135059,48786.20549637534,52928.43049135059,2418.79450362466,4.957947598126624,56749.57924435092,4700.42075564908,0,0.0,0.6902522421520896,-0.121631671017397,4.928755706501975,50822.0,92,0,2985.2294446046144,0
2022-05-12,107.4499969482422,1823.800048828125,77.41840362548828,61.35111999511719,20.756999969482425,15808.0,2.816999912261963,44.02000045776367,51118.0,59796.0,pdf,595.9543100000001,52204.74916302511,48119.16009809272,52204.74916302511,2998.839901907282,6.23211189844967,54765.29103776541,5030.708962234588,0,0.0,-1.5545680199366083,0.1902426680102431,-0.0558135864533348,50174.0,93,0,2418.79450362466,0
2022-05-13,111.5500030517578,1807.4000244140625,77.44380187988281,61.202335357666016,20.983999252319336,15782.150390625,2.934999942779541,43.41999816894531,50465.0,59106.0,pdf,593.27877,51752.284733126726,47702.10592792551,51752.284733126726,2762.894072074494,5.791975046655237,55382.36923783115,3723.630762168847,0,0.0,-0.8992227204183023,0.0328064816699003,3.815734034399809,49873.0,94,0,2998.839901907282,0
2022-05-16,114.23999786376952,1813.5,77.48629760742188,62.93821716308594,21.53499984741211,15842.2998046875,2.877000093460083,43.13999938964844,50305.0,60042.0,pdf,593.27877,51955.442576468406,47889.36446178828,51955.442576468406,2415.635538211726,5.044200451102669,56867.7946720305,3174.205327969496,0,0.0,0.3375000278599049,0.054872987259813,2.411469958242485,50248.0,95,0,2762.894072074494,0
2022-05-17,111.93000030517578,1818.199951171875,77.8053970336914,63.03740692138672,21.73699951171875,16259.2998046875,2.9679999351501465,43.540000915527344,50593.0,61302.0,pdf,593.27877,52304.60702194318,48211.20299413893,52304.60702194318,2381.7970058610663,4.9403392944802125,57637.60444870383,3664.395551296169,0,0.0,0.2591646634615419,0.4118140059887976,-2.02205672425555,50173.0,96,0,2415.635538211726,0
2022-05-18,109.11000061035156,1815.9000244140625,77.37239837646484,61.84708786010742,21.53300094604492,16240.2998046875,2.885999917984009,43.38999938964844,50283.0,61149.0,pdf,593.27877,51947.729713992514,47882.255214636585,51947.729713992514,2400.744785363415,5.013850693961379,56778.932373670905,4370.067626329095,0,0.0,-0.1264947101296654,-0.556514938210606,-2.5194315082064933,50218.0,97,0,2381.7970058610663,0
2022-05-19,112.04000091552734,1841.199951171875,77.81999969482422,60.55757141113281,21.89800071716309,15809.400390625,2.8550000190734863,43.59000015258789,50682.0,61087.0,pdf,593.27877,52976.194506744105,48830.23145839023,52976.194506744105,1851.7685416097736,3.792258374174867,58075.411245503085,3011.5887544969155,0,0.0,1.3932444747874362,0.5785025768252794,2.685363659413098,50544.0,98,0,2400.744785363415,0
2022-05-20,112.5500030517578,1841.800048828125,77.42109680175781,61.49991226196289,21.66900062561035,16266.150390625,2.7869999408721924,43.91999816894531,51027.0,62004.0,pdf,597.5092,52721.81807522472,48595.76274759844,52721.81807522472,2431.237252401559,5.002981978139048,57173.50339140912,4830.496608590882,0,0.0,0.0325927477821119,-0.5125968833599726,0.4551964763147342,50829.0,99,0,1851.7685416097736,0
2022-05-23,113.41999816894533,1847.800048828125,77.81839752197266,60.50797653198242,21.722999572753903,16214.7001953125,2.858999967575073,44.25,51317.0,62206.0,pdf,597.5092,53165.002186876605,49004.26288529496,53165.002186876605,2312.737114705036,4.719461080597204,57610.10680757915,4595.893192420852,0,0.0,0.3257682615340096,0.5131685504690786,0.7729854230100974,50907.0,100,0,2431.237252401559,0
2022-05-24,113.55999755859376,1865.0999755859373,77.52680206298828,59.41685104370117,22.0629997253418,16125.150390625,2.759999990463257,44.06999969482422,51292.0,61711.0,pdf,597.5092,53461.675416006416,49277.71820953635,53461.675416006416,2014.2817904636468,4.087611731327765,58292.547185354655,3418.452814645345,0,0.0,0.9362445232526272,-0.3747127520867255,0.1234344841373635,51157.0,101,0,2312.737114705036,0
2022-05-25,114.02999877929688,1846.199951171875,77.47879791259766,58.325721740722656,21.86000061035156,16025.7998046875,2.749000072479248,44.119998931884766,51172.0,61448.0,pdf,597.5092,52887.15284825096,48748.15827751828,52887.15284825096,2423.8417224817167,4.972170863734037,57720.441874329634,3727.5581256703663,0,0.0,-1.0133518128498609,-0.0619194254286692,0.4138792099397603,50819.0,102,0,2014.2817904636468,0
2022-05-26,117.4000015258789,1847.4000244140625,77.49729919433594,58.325721740722656,21.94099998474121,16170.150390625,2.75600004196167,43.869998931884766,50945.0,61605.0,pdf,597.5092,52934.16795125504,48791.49393767857,52934.16795125504,2153.5060623214304,4.413691585406477,57948.15165067707,3656.8483493229287,0,0.0,0.0650023439457747,0.0238791543450966,2.955365064157034,50871.0,103,0,2423.8417224817167,0
2022-05-27,119.43000030517578,1851.300048828125,77.63020324707031,57.87935256958008,22.059999465942383,16352.4501953125,2.743000030517578,44.08000183105469,51204.0,62538.0,pdf,601.36287,53136.887784691215,48978.34874067191,53136.887784691215,2225.651259328093,4.544153317851444,58362.35718493584,4175.642815064159,0,0.0,0.2111088211823153,0.1714950767524259,1.7291301132133174,50913.0,104,0,2153.5060623214304,0
2022-05-30,,,77.69200134277344,58.92088317871094,,16661.400390625,,43.97999954223633,51184.0,62073.0,pdf,601.36287,,,,,,,,0,0.0,,0.0796057373525727,,50930.0,105,0,2225.651259328093,0
2022-05-31,122.83999633789062,1842.699951171875,77.5208969116211,59.66483688354492,21.650999069213867,16584.55078125,2.844000101089477,43.95000076293945,51125.0,61321.0,pdf,601.36287,52815.57249085176,48682.17986113293,52815.57249085176,2442.820138867072,5.017893910739564,57199.6450203617,4121.354979638301,0,0.0,,-0.2202342946443614,,50990.0,106,0,,0
2022-06-01,116.29000091552734,1843.300048828125,77.5989990234375,60.16080093383789,21.88400077819824,16522.75,2.930999994277954,43.52000045776367,50606.0,60811.0,pdf,601.36287,52886.00141214119,48747.09695379971,52886.00141214119,1858.903046200292,3.8133615381487767,57873.45952440366,2937.540475596339,0,0.0,0.03256621653831,0.1007497525543854,-5.332135800742366,50480.0,107,0,2442.820138867072,0
2022-06-02,117.61000061035156,1866.5,77.58409881591797,60.70636367797852,22.253999710083008,16628.0,2.913000106811523,43.97999954223633,,,,601.36287,53541.34695641889,49351.15458591655,53541.34695641889,,,58840.64183483786,,0,0.0,1.2586095891780724,-0.0192015460341532,1.1350930298668294,,108,0,1858.903046200292,0
2022-06-03,119.72000122070312,1845.4000244140625,77.3604965209961,60.01200866699219,21.88999938964844,16584.30078125,2.9570000171661377,44.150001525878906,51455.0,62788.0,pdf,601.0572199999999,52783.52001987227,48652.63584440401,52783.52001987227,2802.364155595991,5.7599431294087164,57711.39887553346,5076.601124466542,0,0.0,-1.130456768600996,-0.288206344256714,1.7940656401678856,50970.0,109,0,,0
2022-06-06,119.51000213623048,1839.199951171875,77.69419860839844,60.21039962768555,22.073999404907227,16569.55078125,3.038000106811523,44.0,51112.0,62592.0,pdf,601.0572199999999,52833.102779410685,48698.3382140655,52833.102779410685,2413.6617859344988,4.956353490594804,58447.53791301053,4144.462086989472,0,0.0,-0.3359744857571511,0.4313598055976531,-0.175408521827125,50870.0,110,0,2802.364155595991,0
2022-06-07,120.56999969482422,1847.5,77.82099914550781,59.813621520996094,22.15900039672852,16416.349609375,2.9719998836517334,43.86000061035156,51089.0,62052.0,pdf,601.0572199999999,53158.14628884998,48997.94353580956,53158.14628884998,2091.056464190442,4.267641278990043,58768.359959344256,3283.640040655744,0,0.0,0.4512858334319025,0.1632046399609343,0.8869530078206012,50968.0,111,0,2413.6617859344988,0
2022-06-08,123.58000183105467,1851.9000244140625,77.67060089111328,59.56563568115234,22.073999404907227,16356.25,3.0290000438690186,43.880001068115234,51038.0,61685.0,pdf,601.0572199999999,53181.76920265685,49019.71769984023,53181.76920265685,2018.282300159772,4.117286665170554,58429.7858993417,3255.214100658297,0,0.0,0.2381609967016196,-0.1932617880083031,2.49647685481389,50939.0,112,0,2091.056464190442,0
2022-06-09,123.06999969482422,1848.800048828125,77.72429656982422,59.9624137878418,21.79700088500977,16478.099609375,3.0439999103546143,43.95000076293945,51029.0,61806.0,pdf,601.0572199999999,53129.45031505653,48971.4933338782,53129.45031505653,2057.5066661218007,4.201437460961455,57736.45907329957,4069.540926700436,0,0.0,-0.1673943271812583,0.0691325650823859,-0.4126898597458295,51005.0,113,0,2018.282300159772,0
2022-06-10,122.01000213623048,1871.5,77.8187026977539,59.46644592285156,21.913000106811523,16201.7998046875,3.1559998989105225,43.810001373291016,50935.0,60881.0,pdf,596.45816,53847.10962228476,49632.987999671175,53847.10962228476,1302.0120003288248,2.623279501805232,58114.2223530948,2766.777646905197,0,0.0,1.2278207795517693,0.1214628270644668,-0.8612964664192924,51701.0,114,0,2057.5066661218007,0
2022-06-13,122.2699966430664,1828.0,78.17759704589844,58.12733459472656,21.23600006103516,15774.400390625,3.365999937057495,44.18999862670898,51435.0,60912.0,pdf,596.45816,52838.08719593862,48702.93254582169,52838.08719593862,2732.0674541783083,5.609656978268954,56578.5272710974,4333.472728902605,0,0.0,-2.3243387656959658,0.4611929211136623,0.2130927811521799,50664.0,115,0,1302.0120003288248,0
2022-06-14,121.16999816894533,1809.5,78.16059875488281,57.82975387573242,20.93600082397461,15732.099609375,3.4830000400543213,43.56999969482422,50647.0,60881.0,pdf,596.45816,52291.97484656212,48199.5594237877,52291.97484656212,2447.4405762122988,5.0777239573779696,55767.118862206815,5113.881137793185,0,0.0,-1.0120350109409149,-0.021743174077915,-0.8996470960347169,50195.0,116,0,2732.0674541783083,0
2022-06-15,118.51000213623048,1815.300048828125,77.9854965209961,58.07773971557617,21.402000427246097,15692.150390625,3.3949999809265137,43.61000061035156,50954.0,60750.0,pdf,596.45816,52342.06342978033,48245.72803092797,52342.06342978033,2708.271969072033,5.613495908561879,56880.68441342738,3869.315586572622,0,0.0,0.3205332317283815,-0.2240287775121197,-2.195259612867251,50438.0,117,0,2447.4405762122988,0
2022-06-16,119.80999755859376,1845.699951171875,77.90019989013672,57.53217315673828,21.867000579833984,15360.599609375,3.306999921798706,43.720001220703125,50614.0,60550.0,pdf,596.45816,53160.40137075581,49000.02213304449,53160.40137075581,1613.977866955509,3.293830893735616,58052.96314359512,2497.0368564048767,0,0.0,1.674648902443132,-0.1093749923569586,1.0969499611255706,50986.0,118,0,2708.271969072033,0
2022-06-17,113.12000274658205,1835.5999755859373,77.97769927978516,56.93701553344727,21.57299995422364,15293.5,3.239000082015991,44.08000183105469,51169.0,61576.0,pdf,590.58812,52922.09633268101,48780.36705447119,52922.09633268101,2388.632945528807,4.896709659567569,57329.42199986707,4246.578000132933,0,0.0,-0.5472165494464498,0.0994854823963775,-5.583836865316638,50834.0,119,0,1613.977866955509,0
2022-06-20,,,77.9614028930664,55.399513244628906,,15350.150390625,,43.81999969482422,51005.0,60979.0,pdf,590.58812,,,,,,,,0,0.0,,-0.0208987785857539,,50735.0,120,0,2388.632945528807,0
2022-06-21,114.6500015258789,1834.5999755859373,77.93399810791016,56.58983612060547,21.753999710083008,15638.7998046875,3.306999921798706,43.77999877929688,50914.0,61077.0,pdf,590.58812,52863.62231903144,48726.46926797681,52863.62231903144,2187.530732023188,4.489409482949834,57778.02313501029,3298.976864989716,0,0.0,,-0.0351517342419338,,50760.0,121,0,,0
2022-06-22,111.73999786376952,1834.300048828125,78.13490295410156,57.38338088989258,21.40699958801269,15413.2998046875,3.1559998989105225,43.68000030517578,51155.0,60744.0,pdf,590.58812,52991.23402494018,48844.09397081444,52991.23402494018,2310.906029185564,4.731188238574735,57002.96961656199,3741.03038343801,0,0.0,-0.0163483463318292,0.2577884505722716,-2.538162776607133,50904.0,122,0,2187.530732023188,0
2022-06-23,110.0500030517578,1825.699951171875,78.19309997558594,57.82975387573242,21.03199958801269,15556.650390625,3.068000078201294,43.7599983215332,50853.0,59999.0,pdf,590.58812,52782.069422578,48651.29877211538,52782.069422578,2201.701227884616,4.525472666613633,56046.126039200615,3952.873960799385,0,0.0,-0.4688490120111077,0.074482746230009,-1.5124349779137458,50594.0,123,0,2310.906029185564,0
2022-06-24,113.12000274658205,1826.5,78.14240264892578,57.87935256958008,21.11599922180176,15699.25,3.125,43.65999984741211,50829.0,59350.0,pdf,593.3225799999999,52770.96249746889,48641.06108462351,52770.96249746889,2187.938915376493,4.498131550975042,56233.48524558016,3116.5147544198408,0,0.0,0.0438214848837326,-0.0648360618468735,2.789640717574859,50623.0,124,0,2201.701227884616,0
2022-06-27,115.08999633789062,1820.9000244140625,78.2522964477539,57.978546142578125,21.15900039672852,15832.0498046875,3.194000005722046,43.869998931884766,51094.0,60832.0,pdf,593.3225799999999,52683.15456106139,48560.12507367398,52683.15456106139,2533.874926326018,5.218015650663375,56427.24432549131,4404.755674508691,0,0.0,-0.3065959806152429,0.1406327360087056,1.741507729381775,50649.0,125,0,2187.938915376493,0
2022-06-28,117.9800033569336,1817.5,78.44110107421875,59.9624137878418,20.79700088500977,15850.2001953125,3.2060000896453857,43.79999923706055,51029.0,60518.0,pdf,593.3225799999999,52711.6582965748,48586.39808206026,52711.6582965748,2442.601917939741,5.027336897487842,55595.67339268467,4922.326607315328,0,0.0,-0.1867221905912486,0.2412767867980836,2.511084465202562,50822.0,126,0,2533.874926326018,0
2022-06-29,116.26000213623048,1813.699951171875,79.07319641113281,60.06160736083984,20.667999267578125,15799.099609375,3.0929999351501465,43.7599983215332,51159.0,59853.0,pdf,593.3225799999999,53025.32201853714,48875.51420839076,53025.32201853714,2283.485791609237,4.672044537215768,55696.04229237788,4156.957707622125,0,0.0,-0.209081090955987,0.8058216015045305,-1.4578752091568226,50729.0,127,0,2442.601917939741,0
2022-06-30,114.80999755859376,1804.0999755859373,78.89830017089844,59.41685104370117,20.28199958801269,15780.25,2.9719998836517334,43.7599983215332,,,,593.3225799999999,52627.99512077526,48509.28245914938,52627.99512077526,,,54534.96259439381,,0,0.0,-0.529303404332937,-0.2211827119331544,-1.2472084560411711,,128,0,2283.485791609237,0
2022-07-01,111.62999725341795,1798.9000244140625,78.96299743652344,60.90475082397461,19.597000122070312,15752.0498046875,2.888999938964844,44.36000061035156,51791.0,57773.0,pdf,588.31423,52519.33664019322,48409.127685743326,52519.33664019322,3381.872314256674,6.986022008516068,52736.32043425154,5036.679565748462,0,0.0,-0.2882296570169917,0.0820008358670021,-2.7697938966968927,51917.0,129,0,,0
2022-07-04,,,78.95069885253906,60.70636367797852,,15835.349609375,,44.68000030517578,52218.0,58123.0,pdf,588.31423,,,,,,,,0,0.0,,-0.0155751230115908,,52122.0,130,0,3381.872314256674,0
2022-07-05,102.7699966430664,1761.800048828125,78.93949890136719,60.70636367797852,19.052000045776367,15810.849609375,2.809000015258789,44.79999923706055,52304.0,58153.0,pdf,588.31423,51420.88670784023,47396.643400270135,51420.88670784023,4907.356599729865,10.35380619316577,51254.44586247064,6898.5541375293615,0,0.0,,-0.0141860063744281,,51302.0,131,0,,0
2022-07-06,100.69000244140624,1734.9000244140625,79.36840057373047,60.70636367797852,19.084999084472656,15989.7998046875,2.913000106811523,44.16999816894531,51298.0,56449.0,pdf,588.31423,50910.88659058647,46926.556335671004,50910.88659058647,4371.443664328996,9.315500658219117,51622.184108632384,4826.815891367616,0,0.0,-1.5268488857152265,0.543329611072374,-2.023931370635579,50500.0,132,0,4907.356599729865,0
2022-07-07,104.6500015258789,1737.9000244140625,79.04389953613281,63.13660430908203,19.121999740600582,16132.900390625,3.007999897003174,43.59000015258789,50883.0,56881.0,pdf,588.31423,50790.41078131789,46815.509067997365,50790.41078131789,4067.4909320026345,8.688340707979467,51510.79692033211,5370.203079667888,0,0.0,0.1729206269976968,-0.4088541979577975,3.932862239006374,50621.0,133,0,4371.443664328996,0
2022-07-08,107.0199966430664,1740.5999755859375,79.22160339355469,62.4422492980957,19.16699981689453,16220.599609375,3.1010000705718994,43.56999969482422,50853.0,56427.0,pdf,580.25225,50983.67999505043,46993.65286500301,50983.67999505043,3859.347134996992,8.212485941630458,51748.09539770943,4678.904602290575,0,0.0,0.155357105353926,0.2248166632273118,2.264687131037846,50779.0,134,0,4067.4909320026345,0
2022-07-11,107.0999984741211,1730.0,79.3313980102539,63.23579406738281,19.066999435424805,16216.0,2.990999937057495,43.560001373291016,50877.0,56745.0,pdf,580.25225,50743.42641226875,46772.20173652599,50743.42641226875,4104.798263474011,8.77614931748752,51549.45341641133,5195.546583588672,0,0.0,-0.6089840132491808,0.1385917628475397,0.0747540960232884,50644.0,135,0,3859.347134996992,0
2022-07-12,99.48999786376952,1723.300048828125,79.47779846191406,63.087005615234375,18.89900016784668,16058.2998046875,2.9579999446868896,43.619998931884766,50878.0,56097.0,pdf,580.25225,50640.187781340894,46677.04265062726,50640.187781340894,4200.957349372737,9.000050369121409,51189.544008234,4907.455991766001,0,0.0,-0.3872804145592434,0.1845428863376907,-7.105509541338028,50457.0,136,0,4104.798263474011,0
2022-07-13,99.56999969482422,1734.199951171875,79.47640228271484,63.38459014892578,19.13800048828125,15966.650390625,2.9040000438690186,43.43999862670898,50800.0,56074.0,pdf,580.25225,50959.59261874079,46971.45058770891,50959.59261874079,3828.5494122910895,8.15080088945116,51835.98602199237,4238.013978007628,0,0.0,0.6325017138577804,-0.0017566908321997,0.0804119336339947,50802.0,137,0,4200.957349372737,0
2022-07-14,99.0999984741211,1704.5,79.80750274658203,65.12047576904297,18.16900062561035,15938.650390625,2.9600000381469727,43.29999923706055,50565.0,55685.0,pdf,580.25225,50295.52034217416,46359.34918496053,50295.52034217416,4205.650815039466,9.071850422792007,49416.42970633246,6268.570293667537,0,0.0,-1.7126024684642305,0.4166022295390092,-0.4720309552512347,50228.0,138,0,3828.5494122910895,0
2022-07-15,101.16000366210938,1702.4000244140625,79.87830352783203,65.71562957763672,18.54800033569336,16049.2001953125,2.930000066757202,43.11000061035156,50403.0,54767.0,pdf,572.7117099999999,50278.11974772145,46343.31037616065,50278.11974772145,4059.689623839353,8.760033737097228,50491.99507090119,4275.00492909881,0,0.0,-0.1232018530910816,0.0887144426443553,2.0787136424893493,50107.0,139,0,4205.650815039466,0
2022-07-18,106.2699966430664,1709.199951171875,79.72049713134766,64.82288360595703,18.791000366210938,16278.5,2.9600000381469727,43.54999923706055,50667.0,55614.0,pdf,572.7117099999999,50379.2210763874,46436.499426931,50379.2210763874,4230.500573069003,9.110291743084128,51052.43989380783,4561.56010619217,0,0.0,0.3994317822071824,-0.1975585227963594,5.05139659546201,50361.0,140,0,4059.689623839353,0
2022-07-19,107.3499984741211,1710.0,80.0302963256836,65.02127838134766,18.670000076293945,16340.5498046875,3.0190000534057617,43.38999938964844,50678.0,55563.0,pdf,572.7117099999999,50598.671443553554,46638.77541753633,50598.671443553554,4039.2245824636702,8.66065746002608,50920.81523998007,4642.184760019933,0,0.0,0.0468083811713482,0.3886067015180794,1.0162810437287728,50320.0,141,0,4230.500573069003,0
2022-07-20,106.91999816894533,1699.5,79.85590362548828,64.87248992919922,18.638999938964844,16520.849609375,3.0360000133514404,43.38999938964844,50553.0,55367.0,pdf,572.7117099999999,50178.39614295655,46251.391227420834,50178.39614295655,4301.608772579166,9.30049596006291,50725.48857104654,4641.511428953461,0,0.0,-0.6140350877193002,-0.2179083524639469,-0.4005592093971444,50225.0,142,0,4039.2245824636702,0
2022-07-21,103.86000061035156,1712.699951171875,80.00340270996094,64.37651824951172,18.687000274658203,16605.25,2.9100000858306885,43.02999877929688,49972.0,53907.0,pdf,572.7117099999999,50661.53246489111,46696.71688068224,50661.53246489111,3275.2831193177626,7.0139473138692985,50950.05465364055,2956.945346359448,0,0.0,0.7766961560385477,0.1847065498931765,-2.861950627569798,50375.0,143,0,4301.608772579166,0
2022-07-22,103.1999969482422,1727.0999755859375,79.7759017944336,64.32691955566406,18.584999084472656,16719.44921875,2.782999992370605,43.68999862670898,50816.0,55009.0,pdf,571.55989,50942.20963805979,46955.42801421163,50942.20963805979,3860.571985788367,8.221779992336387,50527.85588507019,4481.144114929812,0,0.0,0.8407791688327837,-0.2843640493043864,-0.6354743483831582,50644.0,144,0,3275.2831193177626,0
2022-07-25,105.1500015258789,1719.0,79.87680053710938,64.52530670166016,18.29400062561035,16631.0,2.819999933242798,43.59999847412109,50911.0,54727.0,pdf,571.55989,50767.422682908575,46794.32003815921,50767.422682908575,4116.6799618407895,8.797392415326847,49799.61140506664,4927.388594933364,0,0.0,-0.4689928608903826,0.1264777212243606,1.889539375291549,50536.0,145,0,3860.571985788367,0
2022-07-26,104.4000015258789,1717.699951171875,79.72250366210938,63.88055038452149,18.48699951171875,16483.849609375,2.7869999408721924,43.459999084472656,50760.0,54155.0,pdf,571.55989,50631.035653499006,46668.60677626866,50631.035653499006,4091.393223731342,8.766906720283425,50227.77756364644,3927.222436353564,0,0.0,-0.0756282040794031,-0.1931685720540588,-0.7132667514183622,50584.0,146,0,4116.6799618407895,0
2022-07-27,106.62000274658205,1719.0999755859375,79.84120178222656,65.17005920410156,18.55299949645996,16641.80078125,2.733999967575073,43.56999969482422,50842.0,54840.0,pdf,571.55989,50747.74840122951,46776.18548287242,50747.74840122951,4065.814517127576,8.69206087490036,50482.145194275625,4357.854805724375,0,0.0,0.0815057608348546,0.1488891024048477,2.126437919785684,50720.0,147,0,4091.393223731342,0
2022-07-28,107.13999938964844,1750.300048828125,79.84739685058594,64.92207336425781,19.82699966430664,16929.599609375,2.680999994277954,44.02000045776367,51222.0,55972.0,pdf,571.55989,51672.78216192265,47628.82529707654,51672.78216192265,3593.174702923461,7.544117833080402,53952.84675954366,2019.1532404563404,0,0.0,1.814907433266244,0.0077592373625146,0.4877102135350197,51304.0,148,0,4065.814517127576,0
2022-07-29,110.01000213623048,1762.9000244140625,79.57150268554688,64.52530670166016,20.1560001373291,17158.25,2.6419999599456787,44.060001373291016,51466.0,57553.0,pdf,573.8747,51864.933088258986,47805.93832483003,51864.933088258986,3660.061675169971,7.656081657263411,54658.601514325,2894.398485675003,0,0.0,0.7198751776515966,-0.345526812295871,2.678740678487745,51626.0,149,0,3593.174702923461,0
2022-08-01,100.02999877929688,1769.0,79.1948013305664,65.07086944580078,20.32200050354004,17340.05078125,2.6059999465942383,44.220001220703125,51668.0,58379.0,pdf,573.8747,51798.0111842197,47744.25378719382,51798.0111842197,3923.7462128061816,8.218258537027605,54847.865997992994,3531.1340020070056,0,0.0,0.346019371572992,-0.4734123929632572,-9.071905429630744,51517.0,150,0,3660.061675169971,0
2022-08-02,100.54000091552734,1771.0999755859375,78.95570373535156,65.41804504394531,20.104999542236328,17345.44921875,2.740999937057495,44.18000030517578,51549.0,57904.0,pdf,573.8747,51702.93108549179,47656.6147396707,51702.93108549179,3892.385260329298,8.167565576346252,54098.369980984826,3805.630019015174,0,0.0,0.1187097561298866,-0.3019107203979576,0.5098491876978972,51382.0,151,0,3923.7462128061816,0
2022-08-03,96.77999877929688,1758.0,78.60449981689453,65.96361541748047,19.864999771118164,17388.150390625,2.747999906539917,44.18999862670898,51566.0,57309.0,pdf,573.8747,51092.22990332782,47093.707563067386,51092.22990332782,4472.292436932614,9.496581748088888,53214.81740394989,4094.182596050108,0,0.0,-0.7396519545207259,-0.4448113332435333,-3.739807143417062,51389.0,152,0,3892.385260329298,0
2022-08-04,94.12000274658205,1788.5,79.11830139160156,69.73297119140625,20.099000930786133,17382.0,2.6760001182556152,44.65999984741211,52039.0,58057.0,pdf,573.8747,52318.40286292903,48223.91916061285,52318.40286292903,3815.080839387149,7.911179567717791,54193.60336009576,3863.39663990424,0,0.0,1.7349260523321863,0.6536541494493342,-2.7484976919465165,52165.0,153,0,4472.292436932614,0
2022-08-05,94.91999816894533,1772.9000244140625,79.15489959716797,70.6257095336914,19.819000244140625,17397.5,2.8399999141693115,44.720001220703125,52019.0,57362.0,pdf,572.97761,51886.05203355201,47825.40448310012,51886.05203355201,4193.595516899877,8.76855211623302,53463.34762671952,3898.652373280485,0,0.0,-0.8722379416235659,0.0462575724234248,0.8499738621101205,51874.0,154,0,3815.080839387149,0
2022-08-08,96.6500015258789,1786.800048828125,79.41059875488281,70.8240966796875,20.59199905395508,17525.099609375,2.765000104904175,44.619998931884766,,,,572.97761,52461.77793257978,48356.073572638765,52461.77793257978,,,55728.01623291997,,0,0.0,0.7840275380816442,0.3230364248026918,1.8225910138076613,,155,0,4193.595516899877,0
2022-08-09,96.30999755859376,1794.0,79.60189819335938,,20.45800018310547,,2.796999931335449,,52184.0,58106.0,pdf,572.97761,52800.06306773183,48667.88421895283,52800.06306773183,3516.1157810471705,7.224714691167697,55498.750516315085,2607.2494836849146,0,0.0,0.402952259632916,0.2408991261570126,-0.3517888897230037,52489.0,156,0,,0
2022-08-10,97.4000015258789,1795.5999755859375,79.57839965820312,68.6914291381836,20.718000411987305,17534.75,2.7860000133514404,44.869998931884766,52348.0,58444.0,pdf,572.97761,52831.55219057441,48696.90897565989,52831.55219057441,3651.091024340109,7.497582703175325,56187.49130863661,2256.508691363386,0,0.0,0.0891848152696495,-0.0295200688546048,1.1317661664584922,52241.0,157,0,3516.1157810471705,0
2022-08-11,99.5999984741211,1789.699951171875,79.0978012084961,69.4849853515625,20.326000213623047,17659.0,2.888000011444092,44.90999984741211,52460.0,58700.0,pdf,572.97761,52339.93942956431,48243.7702568158,52339.93942956431,4216.229743184202,8.739428367103088,54791.46847514476,3908.5315248552433,0,0.0,-0.3285823398464504,-0.6039307799242555,2.2587237307770014,52336.0,158,0,3651.091024340109,0
2022-08-12,98.1500015258789,1798.5999755859375,79.61399841308594,69.38578033447266,20.677000045776367,17698.150390625,2.8489999771118164,45.0,,,,570.7401,52943.49380050042,48800.08993785257,52943.49380050042,,,56101.3830521236,,0,0.0,0.4972914263217554,0.6526062630100027,-1.4558202514620922,,159,0,4216.229743184202,0
2022-08-15,95.0999984741211,1781.4000244140625,79.62760162353516,,20.2509994506836,,2.79099988937378,,52461.0,58352.0,pdf,570.7401,52446.15660540729,48341.67478411456,52446.15660540729,4119.325215885445,8.52127121015486,54954.93522406515,3397.0647759348503,0,0.0,-0.9562966421297614,0.0170864555484762,-3.107491598921297,52585.0,160,0,,0
2022-08-16,92.33999633789062,1773.199951171875,79.55290222167969,69.68336486816406,20.065000534057617,17825.25,2.8239998817443848,44.650001525878906,52061.0,57721.0,pdf,570.7401,52155.764684142574,48074.00918712273,52155.764684142574,3986.990812877273,8.293443547340425,54399.11158222279,3321.8884177772125,0,0.0,-0.4603162192548304,-0.09381094034282,-2.9022104947578176,51837.0,161,0,4119.325215885445,0
2022-08-17,93.6500015258789,1760.300048828125,79.14600372314453,69.93135070800781,19.711000442504883,17944.25,2.8929998874664307,44.59999847412109,52034.0,57821.0,pdf,570.7401,51511.50878555874,47480.173315384585,51511.50878555874,4553.826684615415,9.591006870103143,53166.03370276524,4654.966297234758,0,0.0,-0.7274928208307663,-0.5114816520474741,1.418675806737868,51830.0,162,0,3986.990812877273,0
2022-08-18,96.58999633789062,1755.300048828125,79.35970306396484,70.22894287109375,19.44799995422364,17956.5,2.880000114440918,44.54999923706055,52081.0,57100.0,pdf,570.7401,51503.88357022117,47473.14485602996,51503.88357022117,4607.855143970039,9.706235299860817,52598.28481195045,4501.715188049551,0,0.0,-0.2840424848779999,0.2700064826618886,3.1393430476339024,51603.0,163,0,4553.826684615415,0
2022-08-19,96.72000122070312,1747.5999755859375,79.7667007446289,69.43537902832031,19.058000564575195,17758.44921875,2.989000082015991,44.41999816894531,51802.0,55881.0,pdf,564.0531500000001,51540.92848552956,47507.29060405334,51540.92848552956,4294.709395946658,9.040105931825613,51807.84983988826,4073.1501601117416,0,0.0,-0.4386756126012914,0.5128518189338793,0.1345945623165034,51479.0,164,0,4607.855143970039,0
2022-08-22,96.4800033569336,1734.0,79.91790008544922,69.68336486816406,18.87299919128418,17490.69921875,3.0369999408721924,43.9900016784668,51396.0,55110.0,pdf,564.0531500000001,51236.76903255077,47226.93493435115,51236.76903255077,4169.065065648851,8.827727379395153,51402.18597594232,3707.814024057683,0,0.0,-0.7782087305979513,0.1895519551502689,-0.2481367460096306,51163.0,165,0,4294.709395946658,0
2022-08-23,100.22000122070312,1746.800048828125,79.88379669189453,76.7260971069336,19.011999130249023,17577.5,3.053999900817871,44.150001525878906,51421.0,55000.0,pdf,564.0531500000001,51592.96315728904,47555.25299715338,51592.96315728904,3865.74700284662,8.12895896711562,51758.66746896413,3241.3325310358705,0,0.0,0.7381804399149372,-0.0426730351000492,3.8764487288968974,51417.0,166,0,4169.065065648851,0
2022-08-24,101.22000122070312,1747.800048828125,79.85449981689453,79.40432739257812,18.895000457763672,17604.94921875,3.1059999465942383,44.33000183105469,51630.0,55224.0,pdf,564.0531500000001,51603.56663429544,47565.02663682885,51603.56663429544,4064.9733631711497,8.546139150111829,51421.28246758062,3802.717532419381,0,0.0,0.0572475367556224,-0.0366743647813749,0.99780481722187,51439.0,167,0,3865.74700284662,0
2022-08-25,99.33999633789062,1757.699951171875,79.79679870605469,80.8426284790039,19.11100006103516,17522.44921875,3.026000022888184,44.63999938964844,52094.0,55883.0,pdf,564.0531500000001,51858.361138682114,47799.88070174178,51858.361138682114,4294.1192982582215,8.983535597196058,51971.52804148506,3911.471958514936,0,0.0,0.5664207613672811,-0.0722578076027713,-1.857345248112852,51702.0,168,0,4064.9733631711497,0
2022-08-26,100.98999786376952,1736.0999755859375,79.88289642333984,78.85875701904297,18.739999771118164,17558.900390625,3.0350000858306885,44.29999923706055,51668.0,55607.0,pdf,561.0457700000001,51276.3511212045,47263.41929432763,51276.3511212045,4404.580705672372,9.31921721160998,51017.595715306095,4589.404284693905,0,0.0,-1.2288772933933712,0.1078962047115661,1.6609639487670913,51238.0,169,0,4294.1192982582215,0
2022-08-29,105.08999633789062,1736.5999755859375,79.95909881591797,76.67650604248047,18.55500030517578,17312.900390625,3.109999895095825,43.84999847412109,51265.0,54316.0,pdf,561.0457700000001,51340.0467501523,47322.13004796648,51340.0467501523,3942.869952033521,8.331979029762532,50562.14153091435,3753.858469085651,0,0.0,0.0288001847261742,0.0953926259437132,4.0598064767283,51250.0,170,0,4404.580705672372,0
2022-08-30,99.30999755859376,1723.199951171875,79.96790313720703,80.99141693115234,18.15900039672852,17759.30078125,3.109999895095825,43.900001525878906,,,,561.0457700000001,50949.50401033814,46962.15152257255,50949.50401033814,,,49488.49537453134,,0,0.0,-0.7716241277465952,0.0110110311639877,-5.500046608349607,,171,0,3942.869952033521,0
2022-08-31,96.48999786376952,1712.800048828125,79.68229675292969,,17.761999130249023,,3.132999897003174,,51188.0,54350.0,pdf,561.0457700000001,50461.14361230356,46512.01063394937,50461.14361230356,4675.989366050628,10.05329441216974,48233.668196797415,6116.331803202585,0,0.0,-0.6035226693615781,-0.3571512732893689,-2.8395929555434685,50414.0,172,0,,0
2022-09-01,92.36000061035156,1696.5999755859375,79.54879760742188,83.12407684326172,17.551000595092773,17542.80078125,3.265000104904175,43.34999847412109,50409.0,52022.0,pdf,561.0457700000001,49900.12741023969,45994.9000476992,49900.12741023969,4414.0999523008,9.596933459412108,47580.83989890471,4441.160101095295,0,0.0,-0.9458239596192964,-0.1675392790468244,-4.280233542184286,50070.0,173,0,4675.989366050628,0
2022-09-02,93.0199966430664,1709.800048828125,79.716796875,84.11601257324219,17.775999069213867,17539.44921875,3.193000078201294,43.369998931884766,50584.0,52472.0,pdf,553.10518,50394.56995762253,46450.647091373816,50394.56995762253,4133.352908626184,8.898375302491264,48292.58602645212,4179.413973547882,0,0.0,0.7780309697121623,0.2111902035367263,0.7145907626172843,50368.0,174,0,4414.0999523008,0
2022-09-05,,,79.72450256347656,81.93375396728516,,17665.80078125,,43.540000915527344,50770.0,53363.0,pdf,553.10518,,,,,,,,0,0.0,,0.009666329780722,,50433.0,175,0,4133.352908626184,0
2022-09-06,92.83000183105467,1700.4000244140625,79.78299713134766,80.3466567993164,17.795000076293945,17655.599609375,3.3399999141693115,43.5,50761.0,53696.0,pdf,553.10518,50159.13379859702,46233.63637088073,50159.13379859702,4527.363629119267,9.792358950097055,48384.35373644923,5311.6462635507705,0,0.0,,0.0733708784504738,,50281.0,176,0,,0
2022-09-07,88.0,1715.300048828125,79.89510345458984,81.53697967529297,18.136999130249023,17624.400390625,3.265000104904175,43.40999984741211,50553.0,53396.0,pdf,553.10518,50669.75937926726,46704.29994958548,50669.75937926726,3848.700050414518,8.240568972383617,49383.537774818746,4012.4622251812543,0,0.0,0.8762658315767169,0.1405140534613158,-5.203061225663896,50506.0,177,0,4527.363629119267,0
2022-09-08,89.1500015258789,1708.0,79.6498031616211,82.33052825927734,18.32999992370605,17798.75,3.2920000553131104,43.59999847412109,50902.0,54320.0,pdf,553.10518,50299.20856818561,46362.74876719718,50299.20856818561,4539.251232802817,9.79072931071432,49755.806871518,4564.193128482002,0,0.0,-0.4255843654357938,-0.3070279433434519,1.3068199157714844,50356.0,178,0,3848.700050414518,0
2022-09-09,92.83999633789062,1716.199951171875,79.706298828125,81.78495025634766,18.65800094604492,17833.349609375,3.321000099182129,43.65999984741211,50877.0,54700.0,pdf,550.8713100000001,50576.53900058091,46618.37507879632,50576.53900058091,4258.624921203678,9.13507799018214,50682.07149926373,4017.928500736272,0,0.0,0.4800908180254692,0.0709300767376186,4.139085528720465,50529.0,179,0,4539.251232802817,0
2022-09-12,94.0,1728.0999755859375,79.65579986572266,80.94181823730469,19.7549991607666,17936.349609375,3.361999988555908,43.59999847412109,50863.0,55937.0,pdf,550.8713100000001,50894.96798550603,46911.88353446643,50894.96798550603,3951.116465533567,8.422421288266243,53627.92853111052,2309.0714688894805,0,0.0,0.6933938208037338,-0.0633563007501281,1.249465432858865,50631.0,180,0,4258.624921203678,0
2022-09-13,93.16999816894533,1705.0,79.35530090332031,82.87609100341797,19.38999938964844,18070.05078125,3.421999931335449,43.5,50676.0,57270.0,pdf,550.8713100000001,50025.2081747023,46110.19188276908,50025.2081747023,4565.808117230925,9.901949939482083,52438.50982190409,4831.490178095912,0,0.0,-1.3367268047154046,-0.3772468080276647,-0.8829806713347765,50138.0,181,0,3951.116465533567,0
2022-09-14,94.0999984741211,1696.5,79.60240173339844,91.10913848876952,19.47100067138672,18003.75,3.4119999408721924,43.18000030517578,50300.0,56350.0,pdf,550.8713100000001,49930.810269524976,46023.18163973607,49930.810269524976,4276.818360263933,9.29274814970932,52821.5384972976,3528.4615027024047,0,0.0,-0.4985337243401777,0.3113854112646752,0.9981757255049128,50018.0,182,0,4565.808117230925,0
2022-09-15,90.83999633789062,1665.4000244140625,79.45369720458984,96.6143798828125,19.174999237060547,17877.400390625,3.4590001106262207,43.04999923706055,49926.0,56330.0,pdf,550.8713100000001,48923.92099087182,45095.09239158621,48923.92099087182,4830.907608413792,10.712712519722295,51921.36120618029,4408.638793819708,0,0.0,-1.833184532032861,-0.1868090981810177,-3.464401901267855,49312.0,183,0,4276.818360263933,0
2022-09-16,91.3499984741211,1671.699951171875,79.8490982055664,93.53938293457033,19.29599952697754,17530.849609375,3.447999954223633,42.2599983215332,49341.0,55144.0,pdf,545.65249,49353.38261194662,45490.9439727508,49353.38261194662,3850.0560272492,8.463346088301432,52509.0183058641,2634.981694135902,0,0.0,0.3782830950797455,0.4976495932699221,0.5614290585541859,49380.0,184,0,4830.907608413792,0
2022-09-19,92.0,1666.199951171875,79.68949890136719,96.91195678710938,19.27300071716309,17622.25,3.490000009536743,42.34000015258789,49320.0,56354.0,pdf,545.65249,49092.68572833428,45250.64945394291,49092.68572833428,4069.3505460570886,8.992910809377358,52341.60514556245,4012.394854437553,0,0.0,-0.3290064102798196,-0.1998761511223801,0.7115506696620866,49302.0,185,0,3850.0560272492,0
2022-09-20,90.62000274658205,1659.699951171875,79.7074966430664,96.01921844482422,19.10199928283692,17816.25,3.571000099182129,42.4900016784668,49368.0,56354.0,pdf,545.65249,48912.21487276646,45084.302404463,48912.21487276646,4283.697595537,9.501527953359098,51888.91592056633,4465.084079433669,0,0.0,-0.3901092420167451,0.0225848348243351,-1.499997014584753,49175.0,186,0,4069.3505460570886,0
2022-09-21,89.83000183105469,1664.5999755859375,79.76270294189453,92.89462280273438,19.410999298095703,17718.349609375,3.509999990463257,42.70000076293945,49606.0,56667.0,pdf,545.65249,49090.5982848258,45248.72537557856,49090.5982848258,4357.274624421436,9.629607438120509,52764.80772480559,3902.192275194408,0,0.0,0.2952355581262056,0.0692611123836117,-0.8717732195799743,49443.0,187,0,4283.697595537,0
2022-09-22,90.45999908447266,1670.800048828125,80.05069732666016,92.99382019042967,19.54800033569336,17629.80078125,3.7079999446868896,42.9900016784668,49894.0,56343.0,pdf,545.65249,49451.352854960256,45581.24697935468,49451.352854960256,4312.753020645323,9.46168283329045,53329.07620386395,3013.9237961360486,0,0.0,0.372466258147397,0.3610639736913335,0.7013216526509991,50000.0,188,0,4357.274624421436,0
2022-09-23,86.1500015258789,1645.300048828125,81.06220245361328,92.3986587524414,18.840999603271484,17327.349609375,3.697000026702881,42.81999969482422,49432.0,56100.0,pdf,537.51817,49311.93997566257,45452.744673219415,49311.93997566257,3979.255326780585,8.754708555862297,52049.785385084346,4050.2146149156542,0,0.0,-1.526214942229942,1.2635806566750007,-4.764534161192091,49401.0,189,0,4312.753020645323,0
2022-09-26,84.05999755859375,1623.300048828125,81.25479888916016,88.53011322021484,18.4060001373291,17016.30078125,3.878000020980835,42.63999938964844,49590.0,55374.0,pdf,537.51817,48768.16334333343,44951.5244729856,48768.16334333343,4638.475527014401,10.318839197104367,50968.87456020326,4405.125439796742,0,0.0,-1.3371421228407288,0.2375909236577822,-2.4260057228871146,49150.0,190,0,3979.255326780585,0
2022-09-27,86.2699966430664,1626.699951171875,81.61579895019531,95.92001342773438,18.256999969482425,17007.400390625,3.96399998664856,42.41999816894531,49529.0,55391.0,pdf,537.51817,49087.42700731645,45245.80228500473,49087.42700731645,4283.197714995273,9.466508490699924,50780.88373590044,4610.116264099561,0,0.0,0.2094438638256868,0.4442815267164723,2.629073457838471,49319.0,191,0,4638.475527014401,0
2022-09-28,89.31999969482422,1660.4000244140625,81.72460174560547,94.0353546142578,18.79599952697754,16858.599609375,3.704999923706055,42.29999923706055,49505.0,54524.0,pdf,537.51817,50171.157697261646,46244.7192687803,50171.157697261646,3260.2807312196965,7.050060596693261,52349.77768733415,2174.22231266585,0,0.0,2.071683423726056,0.1333109481370664,3.5354157533781905,49750.0,192,0,4283.197714995273,0
2022-09-29,88.48999786376953,1658.5,81.42870330810547,94.1345443725586,18.61100006103516,16818.099609375,3.746999979019165,42.900001525878906,50003.0,55658.0,pdf,537.51817,49932.3002562306,46024.55501878647,49932.3002562306,3978.444981213528,8.644179133485574,51646.84933757919,4011.150662420812,0,0.0,-0.1144317264589855,-0.3620677631701152,-0.9292452237914416,50187.0,193,0,3260.2807312196965,0
2022-09-30,87.95999908447266,1662.4000244140625,81.48059844970703,95.52324676513672,18.959999084472656,17094.349609375,3.803999900817871,43.15999984741211,50302.0,56338.0,pdf,532.66372,50081.61498862674,46162.18425038639,50081.61498862674,4139.815749613612,8.967980646580779,52648.8786255326,3689.1213744674014,0,0.0,0.2351537180622642,0.0637307724343783,-0.5989363680546256,50194.0,194,0,3978.444981213528,0
2022-10-03,88.86000061035156,1692.9000244140625,81.52130126953125,93.48978424072266,20.518999099731445,16887.349609375,3.651000022888184,43.13999938964844,50378.0,57317.0,pdf,532.66372,51025.937545894805,47032.60330317261,51025.937545894805,3345.396696827389,7.112931162374597,57006.43457488561,310.5654251143933,0,0.0,1.8346967969246952,0.0499540020552746,1.0231941055554028,51160.0,195,0,4139.815749613612,0
2022-10-04,91.8000030517578,1721.0999755859375,81.49500274658203,99.39178466796876,21.03700065612793,17274.30078125,3.617000102996826,44.04999923706055,,,,532.66372,51859.181224989465,47800.6366073816,51859.181224989465,,,58426.70605642623,,0,0.0,1.6657777048373124,-0.0322596947542219,3.3085780117176444,,196,0,3345.396696827389,0
2022-10-05,93.37000274658205,1711.4000244140625,81.46549987792969,,20.47900009155273,,3.759000062942505,,51286.0,61034.0,pdf,532.66372,51548.23966820183,47514.02960721213,51548.23966820183,3771.9703927878727,7.938645541053684,56856.36337473345,4177.636625266547,0,0.0,-0.563590221920296,-0.036202058602397,1.710239262126212,51646.0,197,0,,0
2022-10-06,94.41999816894533,1711.699951171875,81.6488037109375,98.69744110107422,20.59499931335449,17331.80078125,3.825999975204468,44.27999877929688,51838.0,60670.0,pdf,532.66372,51673.28156768267,47629.28561890751,51673.28156768267,4208.71438109249,8.83640039190877,57307.07090021225,3362.929099787747,0,0.0,0.0175252280900872,0.2250079276288508,1.1245532735102204,51972.0,198,0,3771.9703927878727,0
2022-10-07,97.91999816894533,1700.5,82.3489990234375,100.92929077148438,20.191999435424805,17314.650390625,3.882999897003174,44.4900016784668,51765.0,60848.0,pdf,532.86805,51775.40912285074,47723.42058280156,51775.40912285074,4041.579417198445,8.468754686571941,56667.52610787824,4180.473892121765,0,0.0,-0.6543174324569634,0.8575695915630455,3.706841842696784,51960.0,199,0,4208.71438109249,0
2022-10-10,96.19000244140624,1667.300048828125,82.8322982788086,100.92929077148438,19.55599975585937,17241.0,3.888000011444092,43.72999954223633,51120.0,58949.0,pdf,532.86805,51062.49753549404,47066.30207619452,51062.49753549404,4053.6979238054846,8.612739359134375,55204.73609763244,3744.2639023675583,0,0.0,-1.9523640794986807,0.5868914754307397,-1.7667440358344666,51023.0,200,0,4041.579417198445,0
2022-10-11,94.29000091552734,1678.699951171875,82.42070007324219,96.81275939941406,19.427000045776367,16983.55078125,3.938999891281128,43.41999816894531,50736.0,57614.0,pdf,532.86805,51156.16215756392,47152.6364234937,51156.16215756392,3583.363576506301,7.5994978187919475,54568.07628535515,3045.9237146448504,0,0.0,0.6837343015591246,-0.4969054512781845,-1.975258839437377,51096.0,201,0,4053.6979238054846,0
2022-10-12,92.4499969482422,1670.300048828125,82.2739028930664,95.57284545898438,18.87800025939941,17123.599609375,3.901999950408936,43.59000015258789,50755.0,57104.0,pdf,532.86805,50809.52935280744,46833.13140345729,50809.52935280744,3921.868596542706,8.37413275391871,52931.55965619741,4172.440343802591,0,0.0,-0.5003814015653085,-0.1781071745876161,-1.9514306389004976,50905.0,202,0,3583.363576506301,0
2022-10-13,94.56999969482422,1670.0,82.19999694824219,100.18534088134766,18.857999801635746,17014.349609375,3.95199990272522,43.68999862670898,50869.0,57086.0,pdf,532.86805,50754.76847914194,46782.65616338301,50754.76847914194,4086.343836616986,8.734740973975278,52827.98327239939,4258.0167276006105,0,0.0,-0.017963768146656,-0.0898291465767364,2.2931344689701927,50884.0,203,0,3921.868596542706,0
2022-10-14,91.62999725341795,1641.699951171875,82.19210052490234,102.3179931640625,18.01499938964844,17185.69921875,4.010000228881836,43.2599983215332,50438.0,56042.0,pdf,528.36692,49889.87815879656,45985.452911586406,49889.87815879656,4452.547088413594,9.68251220005216,50461.59047172957,5580.409528270429,0,0.0,-1.6946137022829322,-0.0096063547846747,-3.108810881773916,50260.0,204,0,4086.343836616986,0
2022-10-17,91.62000274658205,1657.0,82.41280364990234,103.0123519897461,18.67399978637696,17311.80078125,4.014999866485596,43.2400016784668,50430.0,55643.0,pdf,528.36692,50490.047099224015,46538.652108849965,50490.047099224015,3891.347891150035,8.361539741306864,52447.964969157234,3195.035030842766,0,0.0,0.931963774330602,0.2685210909449065,-0.0109074616779669,50473.0,205,0,4452.547088413594,0
2022-10-18,90.02999877929688,1649.0,82.1947021484375,106.83129119873048,18.57099914550781,17486.94921875,3.997999906539917,43.119998931884766,50362.0,56010.0,pdf,528.36692,50113.30667583695,46191.395718597545,50113.30667583695,4170.604281402455,9.028963547259275,52020.641020005336,3989.358979994664,0,0.0,-0.4828002414001164,-0.2646451665342719,-1.7354332237721648,50414.0,206,0,3891.347891150035,0
2022-10-19,92.41000366210938,1627.5,82.2863998413086,104.50025177001952,18.336000442504883,17512.25,4.126999855041504,43.18999862670898,50236.0,55606.0,pdf,528.36692,49515.09736942441,45640.00279268685,49515.09736942441,4595.99720731315,10.07010720001444,51419.66890338741,4186.331096612586,0,0.0,-1.3038204972710687,0.1115615611155806,2.64356871607534,50199.0,207,0,4170.604281402455,0
2022-10-20,92.37999725341795,1630.800048828125,82.99700164794922,103.6571044921875,18.666000366210938,17563.94921875,4.22599983215332,43.040000915527344,50228.0,56267.0,pdf,528.36692,50043.96337745691,46127.47928704724,50043.96337745691,4100.520712952763,8.889539979922995,52797.12530565151,3469.874694348495,0,0.0,0.2027679771505308,0.8635713896962827,-0.0324709528214284,50143.0,208,0,4595.99720731315,0
2022-10-21,93.5,1651.0,82.82569885253906,99.24299621582033,19.042999267578125,17576.30078125,4.2129998207092285,42.72999954223633,,,,524.51977,50559.26603963325,46602.45391479239,50559.26603963325,,,53752.301378966375,,0,0.0,1.23865284320972,-0.206396366144379,1.2123866420017615,,209,0,4100.520712952763,0
2022-10-24,93.26000213623048,1648.699951171875,82.54129791259766,102.21880340576172,19.17399978637696,17730.75,4.234000205993652,43.47999954223633,50062.0,55555.0,pdf,524.51977,50315.46575590766,46377.73365327141,50315.46575590766,3684.266346728589,7.944041367508063,53936.23348677896,1618.766513221046,0,0.0,-0.1393124668761403,-0.343372822543575,-0.2566822072401442,50580.0,210,0,,0
2022-10-25,93.5199966430664,1652.800048828125,82.7614974975586,99.29259490966795,19.339000701904297,17656.349609375,4.107999801635742,43.16999816894531,,,,524.51977,50575.15654855937,46617.10081867212,50575.15654855937,,,54545.50573690075,,0,0.0,0.2486867093879352,0.2667750453767992,0.278784581686109,,211,0,3684.266346728589,0
2022-10-26,95.69000244140624,1664.0,82.44529724121094,,19.479999542236328,,4.014999866485596,,50751.0,57851.0,pdf,524.51977,50723.333644374834,46753.681446119415,50723.333644374834,3997.3185538805847,8.549740748195916,54733.274829823866,3117.7251701761343,0,0.0,0.6776349734389342,-0.3820620287314002,2.320365564834237,50580.0,212,0,,0
2022-10-27,96.95999908447266,1660.699951171875,82.04959869384766,101.9708251953125,19.47800064086914,17736.94921875,3.937000036239624,43.459999084472656,50779.0,57640.0,pdf,524.51977,50379.77373164642,46437.00883090888,50379.77373164642,4341.991169091118,9.350281765351454,54464.991531445965,3175.008468554035,0,0.0,-0.1983202420748231,-0.4799528421925436,1.327198882499836,50737.0,213,0,3997.3185538805847,0
2022-10-28,95.7699966430664,1639.5999755859375,82.44249725341797,103.80590057373048,19.14699935913086,17786.80078125,4.010000228881836,43.27999877929688,50502.0,57419.0,pdf,531.08081,49977.855854337926,46066.545396172354,49977.855854337926,4435.454603827646,9.62836384991045,53795.81168038715,3623.188319612848,0,0.0,-1.2705471311086791,0.4788549436254286,-1.22731276056377,50230.0,214,0,4341.991169091118,0
2022-10-31,94.83000183105467,1635.9000244140625,82.23919677734375,101.67323303222656,19.125,18012.19921875,4.077000141143799,43.22999954223633,50480.0,57350.0,pdf,531.08081,49742.10928616617,45849.24855942273,49742.10928616617,4630.751440577267,10.099950568602232,53601.49554451111,3748.504455488896,0,0.0,-0.2256618216008865,-0.2465966981195388,-0.9815128380082028,50322.0,215,0,4435.454603827646,0
2022-11-01,94.6500015258789,1645.0,82.72899627685547,101.17727661132812,19.67300033569336,18145.400390625,4.052000045776367,43.310001373291016,50691.0,59048.0,pdf,531.08081,50316.70992227284,46378.88045009498,50316.70992227284,4312.119549905023,9.297593016599416,55465.7587029666,3582.2412970334044,0,0.0,0.5562672198869079,0.5955791383004616,-0.1898136683540996,50502.0,216,0,4630.751440577267,0
2022-11-02,96.16000366210938,1645.699951171875,82.68450164794922,100.97888946533205,19.600000381469727,18082.849609375,4.059000015258789,43.5,50824.0,58627.0,pdf,531.08081,50311.0461438121,46373.65992386159,50311.0461438121,4450.340076138411,9.596697960534458,55230.2229547133,3396.777045286697,0,0.0,0.0425502232142882,-0.0537835957266419,1.5953535255016416,50606.0,217,0,4312.119549905023,0
2022-11-03,94.66999816894533,1627.300048828125,82.88839721679688,100.58211517333984,19.43600082397461,18052.69921875,4.124000072479248,43.0,50114.0,57049.0,pdf,531.08081,49871.21602517574,45968.251292770685,49871.21602517574,4145.748707229315,9.018721814813318,54903.148970367154,2145.851029632846,0,0.0,-1.1180593601310962,0.2465946637929761,-1.5495064854611496,50184.0,218,0,4450.340076138411,0
2022-11-04,98.56999969482422,1672.5,82.68180084228516,103.60750579833984,20.790000915527344,18117.150390625,4.156000137329102,43.290000915527344,,,,529.99426,51128.68606267147,47127.31063167979,51128.68606267147,,,58581.57436047619,,0,0.0,2.7776039953065323,-0.2492464343005207,4.119574945928561,,219,0,4145.748707229315,0
2022-11-07,97.91999816894533,1676.5,81.9749984741211,104.4506607055664,20.89800071716309,18202.80078125,4.214000225067139,43.7400016784668,,,,529.99426,50812.84989893215,46836.19208075486,50812.84989893215,,,58382.509734136765,,0,0.0,0.2391629297458841,-0.854846363968631,-0.6594313968665277,,220,0,,0
2022-11-08,95.36000061035156,1712.0999755859375,81.82599639892578,,21.47699928283692,,4.125999927520752,,50958.0,60245.0,pdf,529.99426,51797.52420223776,47743.80491684525,51797.52420223776,3214.195083154751,6.732172035205138,59890.99226568629,354.0077343137091,0,0.0,2.123470061791677,-0.181765267421563,-2.614376640588656,51177.0,221,0,,0
2022-11-09,92.6500015258789,1710.0999755859375,81.40519714355469,106.4345245361328,21.29800033569336,18157.0,4.151000022888184,43.970001220703125,51514.0,61550.0,pdf,529.99426,51470.953267293226,47442.7917072442,51470.953267293226,4071.2082927558,8.581300016824587,59086.40477939938,2463.595220600618,0,0.0,-0.1168156082307914,-0.5142610831398553,-2.8418614378432405,51506.0,222,0,3214.195083154751,0
2022-11-10,93.66999816894533,1750.300048828125,81.34380340576172,101.9708251953125,21.677000045776367,18028.19921875,3.828999996185303,44.18000030517578,51514.0,61200.0,pdf,529.99426,52641.17303001774,48521.42905375549,52641.17303001774,2992.570946244516,6.1675243384302085,60092.49788478273,1107.5021152172703,0,0.0,2.3507440393017776,-0.0754174671240059,1.1009137898195354,52109.0,223,0,4071.2082927558,0
2022-11-11,95.98999786376952,1766.0,80.48290252685547,102.6155776977539,21.645999908447266,18349.69921875,3.812999963760376,44.7599983215332,52281.0,61354.0,pdf,544.71487,52551.232736441474,48438.527565763456,52551.232736441474,3842.472434236544,7.932678029941644,59371.481497952205,1982.5185020477948,0,0.0,0.8969862728614109,-1.0583484455624403,2.476779908375581,52334.0,224,0,2992.570946244516,0
2022-11-14,93.13999938964844,1773.5999755859375,80.49700164794922,101.9708251953125,22.09199905395508,18329.150390625,3.865000009536743,44.81999969482422,52430.0,61583.0,pdf,544.71487,52786.632430811806,48655.50467535697,52786.632430811806,3774.495324643032,7.757591560970359,60605.40020601788,977.5997939821171,0,0.0,0.4303496934279449,0.0175181568396354,-2.969057753460791,52718.0,225,0,3842.472434236544,0
2022-11-15,93.86000061035156,1773.800048828125,80.99199676513672,102.51638793945312,21.499000549316406,18403.400390625,3.799000024795532,45.150001525878906,52823.0,62270.0,pdf,544.71487,53117.22120957122,48960.22128882218,53117.22120957122,3862.778711177824,7.88962674084096,59341.28962722978,2928.71037277022,0,0.0,0.0112806295073042,0.614923670514278,0.7730311632180964,52745.0,226,0,3774.495324643032,0
2022-11-16,92.86000061035156,1773.0,81.07140350341797,100.5325164794922,21.503999710083008,18409.650390625,3.691999912261963,45.34999847412109,53094.0,62594.0,pdf,544.71487,53145.31746372404,48986.118705693465,53145.31746372404,4107.881294306535,8.385806842519026,59413.28158180056,3180.718418199438,0,0.0,-0.0451036647932001,0.0980426973686166,-1.06541657095377,53062.0,227,0,3862.778711177824,0
2022-11-17,89.77999877929688,1760.800048828125,81.49530029296875,99.78856658935548,20.95499992370605,18343.900390625,3.775000095367432,45.16999816894531,52894.0,61253.0,pdf,544.71487,53055.59440107717,48903.4174479494,53055.59440107717,3990.582552050604,8.160130232816554,58199.17540170257,3053.824598297433,0,0.0,-0.6880965127961103,0.5228684483461699,-3.3168229709351738,52843.0,228,0,4107.881294306535,0
2022-11-18,87.62000274658203,1751.9000244140625,81.52490234375,97.70549774169922,20.97599983215332,18307.650390625,3.818000078201294,45.2599983215332,52953.0,61320.0,pdf,547.2523,52806.5973820712,48673.90715216997,52806.5973820712,4279.092847830027,8.791348585294855,58278.66054146784,3041.3394585321585,0,0.0,-0.5054534397580079,0.0363236293072555,-2.4058766563638367,52588.0,229,0,3990.582552050604,0
2022-11-21,87.44999694824219,1737.4000244140625,81.5198974609375,95.22566986083984,20.849000930786133,18159.94921875,3.825000047683716,44.79999923706055,52406.0,60442.0,pdf,547.2523,52366.31652858823,48268.083061133504,52366.31652858823,4137.916938866496,8.572780762032034,57922.2570811361,2519.7429188639,0,0.0,-0.827672800840884,-0.0061390847073905,-0.1940262417379101,52292.0,230,0,4279.092847830027,0
2022-11-22,88.36000061035156,1738.300048828125,81.72769927978516,90.4643783569336,21.03400039672852,18244.19921875,3.757999897003174,44.900001525878906,52513.0,61551.0,pdf,547.2523,52526.99959681707,48416.19093271835,52526.99959681707,4096.809067281647,8.461650923706049,58585.17808668454,2965.8219133154635,0,0.0,0.0518029470136571,0.2549093231468236,1.0405988494750495,52289.0,231,0,4137.916938866496,0
2022-11-23,85.41000366210938,1744.9000244140625,81.71499633789062,97.90388488769533,21.35700035095215,18267.25,3.7060000896453857,44.77000045776367,52418.0,61700.0,pdf,547.2523,52718.23877400531,48592.4635656049,52718.23877400531,3825.536434395101,7.872694968902383,59475.57148855809,2224.428511441911,0,0.0,0.3796798826754211,-0.0155430068464856,-3.3386112809698054,52451.0,232,0,4096.809067281647,0
2022-11-24,,,81.63289642333984,98.15187072753906,,18484.099609375,,45.040000915527344,52713.0,62266.0,pdf,547.2523,,,,,,,,0,0.0,,-0.1004710496605776,,52671.0,233,0,3825.536434395101,0
2022-11-25,83.62999725341797,1753.300048828125,81.65540313720703,99.34219360351562,21.424999237060547,18512.75,3.690999984741211,44.97999954223633,52660.0,61829.0,pdf,550.14202,52933.39516571354,48790.781631005535,52933.39516571354,3869.218368994465,7.930224193284201,59621.42417771388,2207.575822286118,0,0.0,,0.0275706422940835,,52544.0,234,0,,0
2022-11-28,83.19000244140625,1740.0999755859375,81.6697006225586,99.04461669921876,20.90999984741211,18562.75,3.703000068664551,45.119998931884766,52852.0,62110.0,pdf,550.14202,52544.07403293481,48431.92910861818,52544.07403293481,4420.070891381816,9.126357286881827,58198.47390837837,3911.526091621636,0,0.0,-0.7528701804925042,0.0175095398494695,-0.5261208017004138,52492.0,235,0,3869.218368994465,0
2022-11-29,83.02999877929688,1748.4000244140625,81.65029907226562,98.15187072753906,21.20400047302246,18618.05078125,3.747999906539917,45.09999847412109,52775.0,61685.0,pdf,550.14202,52782.160408014985,48651.38263695295,52782.160408014985,4123.617363047051,8.475848248380458,59002.74113716432,2682.2588628356825,0,0.0,0.4769868941197019,-0.0237561178075496,-0.1923352054498006,52497.0,236,0,4420.070891381816,0
2022-11-30,85.43000030517578,1746.0,81.63089752197266,105.04581451416016,21.549999237060547,18758.349609375,3.703000068664551,45.09999847412109,52777.0,61900.0,pdf,550.14202,52697.18171085855,48573.05444653049,52697.18171085855,4203.945553469508,8.654892308856624,59951.27641835237,1948.723581647632,0,0.0,-0.1372697540922729,-0.0237617626798858,2.890523378494048,53061.0,237,0,4123.617363047051,0
2022-12-01,86.87999725341797,1801.0999755859375,81.3052978515625,105.19461059570312,22.636999130249023,18812.5,3.5290000438690186,45.369998931884766,53181.0,63203.0,pdf,550.14202,54143.3650463051,49906.05821659428,54143.3650463051,3274.941783405724,6.56221288644426,62724.08038180544,478.919618194559,0,0.0,3.155783252344646,-0.3988681740544564,1.6972924535437972,53409.0,238,0,4203.945553469508,0
2022-12-02,85.56999969482422,1795.9000244140625,81.16220092773438,108.86476135253906,23.038000106811523,18696.099609375,3.50600004196167,45.880001068115234,53656.0,64434.0,pdf,561.1616,53892.03093599106,49674.39373230481,53892.03093599106,3981.606267695192,8.01540988935277,63722.85052359814,711.1494764018571,0,0.0,-0.2887097463972421,-0.175999507546698,-1.507824125238688,53850.0,239,0,3274.941783405724,0
2022-12-05,82.68000030517578,1767.4000244140625,81.42250061035156,114.5683822631836,22.198999404907227,18701.05078125,3.5989999771118164,46.09000015258789,53854.0,65764.0,pdf,561.1616,53206.88957885054,49042.8721335492,53206.88957885054,4811.127866450806,9.81004508330909,61599.11023360612,4164.889766393884,0,0.0,-1.5869480267588163,0.3207154064845507,-3.377351174424792,53505.0,240,0,3981.606267695192,0
2022-12-06,79.3499984741211,1769.300048828125,81.89900207519531,112.63411712646484,22.12299919128418,18642.75,3.513000011444092,45.81999969482422,53629.0,64648.0,pdf,561.1616,53575.80163846848,49382.91281458834,53575.80163846848,4246.087185411656,8.598292290602403,61747.47697452437,2900.523025475632,0,0.0,0.1075039259825993,0.5852208680301452,-4.027578397149845,53760.0,241,0,4811.127866450806,0
2022-12-07,77.16999816894531,1785.5,82.37220001220703,108.96395111083984,22.709999084472656,18560.5,3.407999992370605,45.84000015258789,53583.0,64718.0,pdf,561.1616,54378.73473726912,50123.00767087415,54378.73473726912,3459.992329125853,6.903002213764621,63752.08391579769,965.916084202312,0,0.0,0.9156135604362126,0.5777822989555537,-2.7473224286031384,53987.0,242,0,4246.087185411656,0
2022-12-08,76.1500015258789,1788.699951171875,82.25350189208984,106.93049621582033,23.0629997253418,18609.349609375,3.490999937057495,46.060001373291016,53780.0,65358.0,pdf,561.1616,54397.69159123936,50140.48094496845,54397.69159123936,3639.5190550315456,7.258644086453997,64649.741702329615,708.2582976703852,0,0.0,0.1792187718776317,-0.1440997327977089,-1.3217528408298818,54051.0,243,0,3459.992329125853,0
2022-12-09,76.0999984741211,1798.0999755859375,82.2791976928711,109.75750732421876,23.53499984741211,18496.599609375,3.566999912261963,46.11000061035156,53937.0,66131.0,pdf,564.0699599999999,54700.646829842095,50419.72664315881,54700.646829842095,3517.273356841193,6.975986565207676,65993.4528093535,137.54719064649544,0,0.0,0.5255227075901647,0.0312397651044182,-0.0656638880575988,54295.0,244,0,3639.5190550315456,0
2022-12-12,77.98999786376953,1780.5,82.41300201416016,118.04015350341795,23.21999931335449,18497.150390625,3.611000061035156,46.18999862670898,53908.0,67022.0,pdf,564.0699599999999,54253.316378910415,50007.40466230004,54253.316378910415,3900.595337699961,7.800035542817464,65216.05739518375,1805.9426048162493,0,0.0,-0.9788096226519438,0.1626222970580348,2.4835734921744512,54132.0,245,0,3517.273356841193,0
2022-12-13,80.68000030517578,1813.9000244140625,82.64469909667969,118.23853302001952,23.801000595092773,18608.0,3.500999927520752,46.15999984741211,54030.0,67161.0,pdf,564.0699599999999,55426.43270549429,51088.7118850643,55426.43270549429,2941.288114935698,5.757217213761028,67035.80382671456,125.19617328543973,0,0.0,1.8758789336738249,0.2811414180492022,3.449163373622688,54743.0,246,0,3900.595337699961,0
2022-12-14,82.69999694824219,1807.5,82.40249633789062,117.74256896972656,23.94599914550781,18660.30078125,3.503000020980835,46.540000915527344,54386.0,67642.0,pdf,564.0699599999999,55069.007973491054,50759.25952339176,55069.007973491054,3626.74047660824,7.144983025091023,67246.53859882425,395.4614011757512,0,0.0,-0.3528322580032994,-0.2930650863713913,2.5037142233833354,54674.0,247,0,2941.288114935698,0
2022-12-15,81.20999908447266,1777.199951171875,82.50800323486328,117.99055480957033,23.12800025939941,18414.900390625,3.450000047683716,46.02999877929688,53894.0,66568.0,pdf,564.0699599999999,54215.185499487554,49972.2579386581,54215.185499487554,3921.7420613419017,7.847838426984659,65032.54705841954,1535.4529415804573,0,0.0,-1.6763512491355437,0.1280384717230243,-1.801690349156904,54107.0,248,0,3626.74047660824,0
2022-12-16,79.04000091552734,1790.0,82.85790252685547,124.43811798095705,23.150999069213867,18269.0,3.4820001125335693,46.09999847412109,53998.0,66307.0,pdf,563.49855,54837.23450786309,50545.62485072599,54837.23450786309,3452.375149274012,6.830215591299443,65373.28010458047,933.7198954195264,0,0.0,0.720236843338018,0.4240792144686534,-2.672082494038863,54300.0,249,0,3921.7420613419017,0
2022-12-19,79.80000305175781,1787.699951171875,82.72599792480469,128.1578826904297,23.02899932861328,18420.44921875,3.5810000896453857,46.41999816894531,54248.0,66898.0,pdf,563.49855,54679.58648333488,50400.31449768259,54679.58648333488,3847.685502317407,7.634248993613568,64925.25817703288,1972.7418229671168,0,0.0,-0.1284943479399447,-0.1591937498152673,0.96154115312157,54260.0,250,0,3452.375149274012,0
2022-12-20,79.98999786376953,1815.9000244140625,82.58190155029297,129.9929656982422,24.0939998626709,18385.30078125,3.684000015258789,46.75,54505.0,67849.0,pdf,563.49855,55445.383509102576,51106.17958230325,55445.383509102576,3398.8204176967483,6.650507718392771,67809.47559241153,39.52440758846933,0,0.0,1.5774500202733632,-0.1741851148688411,0.2380887277516619,54898.0,251,0,3847.685502317407,0
2022-12-21,82.19999694824219,1815.9000244140625,82.63690185546875,122.65264892578124,24.03499984741211,18199.099609375,3.684000015258789,46.86000061035156,54700.0,68177.0,pdf,563.49855,55482.31064393892,51140.216767456746,55482.31064393892,3559.7832325432537,6.960829377650455,67688.47875306665,488.5212469333492,0,0.0,0.0,0.0666009187767269,2.762844284902344,55071.0,252,0,3398.8204176967483,0
2022-12-22,80.9800033569336,1787.0,82.87860107421875,121.66071319580078,23.47599983215332,18127.349609375,3.6689999103546143,46.869998931884766,54699.0,67605.0,pdf,563.49855,54759.004336352256,50473.51704046382,54759.004336352256,4225.482959536181,8.371683225776952,66307.57009345923,1297.4299065407686,0,0.0,-1.5914986522117425,0.2924833982434816,-1.4841771734818598,54521.0,253,0,3559.7832325432537,0
2022-12-23,83.91999816894531,1795.9000244140625,82.8749008178711,106.83129119873048,23.763999938964844,17806.80078125,3.750999927520752,46.68999862670898,54336.0,67822.0,pdf,562.80765,55029.270616633774,50722.632046636354,55029.270616633774,3613.367953363646,7.12377849406824,67118.02486074758,703.9751392524195,0,0.0,0.4980427763884965,-0.0044646703729278,3.6305194988115455,54574.0,254,0,4225.482959536181,0
2022-12-26,,,82.6041030883789,120.76797485351562,,18014.599609375,,46.68999862670898,54386.0,67753.0,pdf,562.80765,,,,,,,,0,0.0,,-0.3267548157762534,,54677.0,255,0,3613.367953363646,0
2022-12-27,84.33000183105469,1814.800048828125,82.90290069580078,122.99982452392578,24.040000915527344,18132.30078125,3.859999895095825,46.869998931884766,54639.0,68768.0,pdf,562.80765,55627.185514602,51273.75360476359,55627.185514602,3365.2463952364124,6.563292442322312,67920.48988520708,847.5101147929236,0,0.0,,0.3617224765483984,,54997.0,256,0,,0
2022-12-28,83.26000213623047,1807.9000244140625,82.7761001586914,130.09214782714844,23.663000106811523,18122.5,3.88700008392334,46.54999923706055,54571.0,67848.0,pdf,562.80765,55330.927555570575,51000.68105122158,55330.927555570575,3570.3189487784184,7.000531905039925,66753.08948865399,1094.91051134601,0,0.0,-0.3802085204107186,-0.1529506640239875,-1.2688244653045744,54761.0,257,0,3365.2463952364124,0
2022-12-29,82.26000213623047,1819.5,82.85199737548828,125.47965240478516,24.07799911499023,18191.0,3.8350000381469727,46.61000061035156,,,,562.80765,55737.00406976902,51374.97766430884,55737.00406976902,,,67986.0767647085,,0,0.0,0.6416270495763099,0.0916897711433328,-1.20105689928256,,258,0,3570.3189487784184,0
2022-12-30,85.91000366210938,1819.699951171875,82.83509826660156,125.52925872802734,23.86199951171875,18105.30078125,3.878999948501587,46.790000915527344,54867.0,68092.0,pdf,562.85139,55731.75941990779,51370.14346530631,55731.75941990779,3496.8565346936884,6.807176890707634,67362.44277506616,729.5572249338438,0,0.0,0.0109893471764266,-0.0203967428933915,4.437152238136521,55017.0,259,0,,0
2023-01-02,,,82.74980163574219,124.09095001220705,,18197.44921875,,47.16999816894531,55163.0,68349.0,pdf,562.85139,,,,,,,,0,0.0,,-0.1029716058099539,,55178.0,260,0,3496.8565346936884,0
2023-01-03,82.0999984741211,1839.699951171875,82.70600128173828,123.69417572021484,24.05900001525879,18232.55078125,3.7929999828338623,47.630001068115234,55581.0,69227.0,pdf,562.85139,56256.48576448959,51853.80426987737,56256.48576448959,3727.195730122629,7.187892542510735,67812.7254895846,1414.274510415402,0,0.0,,-0.0529310682782169,,55530.0,261,0,,0
2023-01-04,77.83999633789062,1852.800048828125,82.78569793701172,119.82563018798828,23.79199981689453,18042.94921875,3.7090001106262207,48.06999969482422,56142.0,69371.0,pdf,562.85139,56711.67134147622,52273.36662779548,56711.67134147622,3868.633372204524,7.400773322580381,67124.77852230138,2246.221477698622,0,0.0,0.712077947705847,0.0963613934156448,-5.188796851894306,55767.0,262,0,3727.195730122629,0
2023-01-05,78.69000244140625,1834.800048828125,82.66649627685547,122.1070785522461,23.257999420166016,17992.150390625,3.7200000286102295,47.77999877929688,55796.0,67678.0,pdf,562.85139,56079.85117945185,51690.99326105997,56079.85117945185,4105.006738940028,7.941435209434107,65523.71153801714,2154.288461982862,0,0.0,-0.971502565070892,-0.14398822879641,1.091991448491192,55290.0,263,0,3868.633372204524,0
2023-01-06,78.56999969482422,1864.199951171875,82.64520263671875,119.4288558959961,23.82200050354004,17859.44921875,3.569000005722046,47.5,55587.0,67888.0,pdf,561.58337,56963.76939185459,52505.73526553555,56963.76939185459,3081.26473446445,5.8684345983951465,67095.35911896433,792.6408810356661,0,0.0,1.6023491149636415,-0.0257584887418005,-0.1525006263297434,55743.0,264,0,4105.006738940028,0
2023-01-09,79.6500015258789,1872.699951171875,82.27339935302734,124.1901397705078,23.71199989318848,18101.19921875,3.5169999599456787,48.11000061035156,56259.0,68791.0,pdf,561.58337,56966.06478172304,52507.851016196895,56966.06478172304,3751.148983803105,7.14397735044613,66485.08517920849,2305.914820791513,0,0.0,0.4559596729233117,-0.4498788457519165,1.374572782550021,55864.0,265,0,3081.26473446445,0
2023-01-10,80.0999984741211,1871.5999755859373,82.18009948730469,119.87522888183594,23.506999969482425,17914.150390625,3.621000051498413,47.959999084472656,55974.0,67629.0,pdf,561.58337,56868.04154619344,52417.49916431744,56868.04154619344,3556.500835682564,6.784949477527931,65835.55072286211,1793.4492771378864,0,0.0,-0.0587374173449006,-0.1134022253320488,0.564967909129277,55712.0,266,0,3751.148983803105,0
2023-01-11,82.66999816894531,1874.5999755859373,81.63739776611328,118.33773803710938,23.32699966430664,17895.69921875,3.553999900817871,48.02000045776367,56115.0,68363.0,pdf,561.58337,56583.04802936766,52154.809487938895,56583.04802936766,3960.190512061105,7.593145389548248,64899.99142546953,3463.008574530468,0,0.0,0.1602906624884381,-0.6603809493747836,3.208489068391862,55693.0,267,0,3556.500835682564,0
2023-01-12,84.02999877929688,1895.5,81.63179779052734,117.84176635742188,23.863000869750977,17858.19921875,3.4489998817443848,47.95000076293945,56097.0,67963.0,pdf,561.58337,57209.97110252424,52732.66901623974,57209.97110252424,3364.330983760258,6.379974779437328,66386.69093109043,1576.3090689095698,0,0.0,1.1149058298440373,-0.0068595713964114,1.645095730584445,55875.0,268,0,3960.190512061105,0
2023-01-13,85.27999877929688,1918.4000244140625,81.1156005859375,122.05748748779295,24.231000900268555,17956.599609375,3.510999917984009,48.22999954223633,56462.0,68115.0,pdf,572.0004,57535.00270583292,53032.263363637314,57535.00270583292,3429.736636362686,6.467264300686734,66984.19542087214,1130.8045791278564,0,0.0,1.2081257934087208,-0.6323482007764225,1.4875639868603407,56324.0,269,0,3364.330983760258,0
2023-01-16,,,81.27799987792969,120.22240447998048,,17894.849609375,,48.70000076293945,56883.0,69167.0,pdf,572.0004,,,,,,,,0,0.0,,0.2002072237881513,,56482.0,270,0,3429.736636362686,0
2023-01-17,85.91999816894531,1907.199951171875,81.65260314941406,119.6272430419922,23.944000244140625,18053.30078125,3.5350000858306885,48.5,56752.0,68661.0,pdf,572.0004,57577.76997783588,53071.68363174438,57577.76997783588,3680.316368255618,6.934613934226628,66629.00788428778,2031.9921157122155,0,0.0,,0.4608913507308187,,56352.0,271,0,,0
2023-01-18,84.9800033569336,1904.4000244140625,81.52549743652344,118.04015350341795,23.530000686645508,18165.349609375,3.375,48.459999084472656,56755.0,68993.0,pdf,572.0004,57403.74337446152,52911.27650167758,57403.74337446152,3843.723498322419,7.264469414569032,65375.04497243538,3617.955027564618,0,0.0,-0.1468082439962326,-0.1556664551870312,-1.0940349534963922,56286.0,272,0,3680.316368255618,0
2023-01-19,86.16000366210938,1922.0999755859373,81.43599700927734,118.63531494140624,23.753999710083008,18107.849609375,3.3970000743865967,48.5,56670.0,67444.0,pdf,572.0004,57873.66278484759,53344.41961038127,57873.66278484759,3325.580389618736,6.234167348540334,65924.94376226522,1519.0562377347817,0,0.0,0.92942401517353,-0.1097821295917622,1.3885623188546248,56546.0,273,0,3843.723498322419,0
2023-01-20,87.62999725341797,1926.4000244140625,81.23979949951172,118.33773803710938,23.82999992370605,18027.650390625,3.483999967575073,48.7599983215332,57050.0,68453.0,pdf,573.7271800000001,57863.39302655355,53334.95357230154,57863.39302655355,3715.0464276984567,6.965500443648634,65976.5325711825,2476.467428817501,0,0.0,0.2237161897270301,-0.2409223402069615,1.7061206230601034,56658.0,274,0,3325.580389618736,0
2023-01-23,88.19000244140625,1927.0999755859373,80.97599792480469,118.63531494140624,23.45199966430664,18118.55078125,3.525000095367432,48.77000045776367,,,,573.7271800000001,57696.45543669642,53181.08066338975,57696.45543669642,,,64719.14802894785,,0,0.0,0.0363346741592662,-0.3247196279806408,0.6390564938268728,,275,0,3715.0464276984567,0
2023-01-24,86.12999725341797,1933.9000244140625,81.48799896240234,117.9409637451172,23.64900016784668,18118.30078125,3.469000101089477,48.90999984741211,57322.0,68137.0,pdf,573.7271800000001,58266.14035728116,53706.18154671133,58266.14035728116,3615.818453288666,6.732592690738555,65675.4475608116,2461.5524391883955,0,0.0,0.3528643513192708,0.6322874070327611,-2.335871562490266,56969.0,276,0,,0
2023-01-25,86.12000274658203,1941.199951171875,81.60189819335938,115.4115219116211,23.839000701904297,17891.94921875,3.461999893188477,48.7599983215332,,,,573.7271800000001,58567.827063434575,53984.25798890492,58567.827063434575,,,66295.63138575113,,0,0.0,0.3774717754618351,0.1397742396516355,-0.0116039790487021,,277,0,3615.818453288666,0
2023-01-26,87.47000122070312,1929.0999755859373,81.50270080566406,,23.93000030517578,,3.493000030517578,,57138.0,67894.0,pdf,573.7271800000001,58132.00664058826,53582.54525132484,58132.00664058826,3555.4547486751617,6.63547192840238,66467.80055174892,1426.199448251078,0,0.0,-0.6233245358693185,-0.1215625982869395,1.5675782989622356,56962.0,278,0,,0
2023-01-27,86.66000366210938,1928.5999755859373,81.44509887695312,110.10467529296876,23.527000427246097,17604.349609375,3.5179998874664307,48.77999877929688,57189.0,68192.0,pdf,576.76072,58075.86543686047,53530.79770701922,58075.86543686047,3658.202292980779,6.833827347394633,65302.24600574491,2889.7539942550866,0,0.0,-0.0259188225767426,-0.0706748710674998,-0.92602897826648,56857.0,279,0,3555.4547486751617,0
2023-01-30,84.9000015258789,1922.9000244140625,81.50800323486328,104.153076171875,23.645000457763672,17648.94921875,3.5510001182556152,48.77000045776367,57079.0,68149.0,pdf,576.76072,57948.945495458414,53413.81063059646,57948.945495458414,3665.189369403539,6.861875844716549,65680.45976265467,2468.5402373453253,0,0.0,-0.2955486489697456,0.0772352895110239,-2.030927835051544,56782.0,280,0,3658.202292980779,0
2023-01-31,84.48999786376953,1929.5,81.57990264892578,116.99861145019533,23.74799919128418,17662.150390625,3.5290000438690186,48.66999816894531,56865.0,67671.0,pdf,576.76072,58199.13690911558,53644.42184666306,58199.13690911558,3220.578153336937,6.00356578087955,66024.75701640121,1646.242983598786,0,0.0,0.3432303032992356,0.088211477657385,-0.4829253883869455,57190.0,281,0,3665.189369403539,0
2023-02-01,82.83999633789062,1927.800048828125,81.76840209960938,111.49339294433594,23.520999908447266,17616.30078125,3.3970000743865967,49.40999984741211,57910.0,69445.0,pdf,576.76072,58282.2187195198,53721.00160234,58282.2187195198,4188.998397660005,7.797692285539106,65544.74747204393,3900.252527956065,0,0.0,-0.0881031962619904,0.2310611370729187,-1.952895688954026,57885.0,282,0,3220.578153336937,0
2023-02-02,82.16999816894531,1916.300048828125,81.71029663085938,109.75750732421876,23.53400039672852,17610.400390625,3.3959999084472656,50.470001220703125,58882.0,71576.0,pdf,576.76072,57893.37606282182,53362.59011007925,57893.37606282182,5519.409889920746,10.34321961984043,65534.37274027348,6041.62725972652,0,0.0,-0.5965348951511129,-0.0710610300042491,-0.8087858505117507,57695.0,283,0,4188.998397660005,0
2023-02-03,79.94000244140625,1862.9000244140625,82.0458984375,113.0308837890625,22.333999633789062,17854.05078125,3.532000064849853,49.41999816894531,57788.0,69539.0,pdf,575.2667700000001,56511.26147624425,52088.641012886015,56511.26147624425,5699.358987113985,10.941654219206912,62448.20838800909,7090.791611990913,0,0.0,-2.786621252069488,0.4107215620043236,-2.7138807073526894,56585.0,284,0,5519.409889920746,0
2023-02-06,80.98999786376953,1866.199951171875,82.22599792480469,118.93289184570312,22.177000045776367,17764.599609375,3.634000062942505,49.040000915527344,57455.0,67606.0,pdf,575.2667700000001,56735.63306675409,52295.45308761682,56735.63306675409,5159.546912383179,9.86614821701377,62145.33789853055,5460.662101469454,0,0.0,0.1771392299407148,0.2195106528596113,1.3134793473804196,56955.0,285,0,5699.358987113985,0
2023-02-07,83.69000244140625,1871.699951171875,82.75499725341797,116.7506332397461,22.117000579833984,17721.5,3.674000024795532,49.06999969482422,57365.0,67134.0,pdf,575.2667700000001,57268.92567274381,52787.00975052908,57268.92567274381,4577.990249470924,8.672569768786797,62375.93394866446,4758.06605133554,0,0.0,0.2947165439880272,0.6433480188310359,3.333750646812339,57257.0,286,0,5159.546912383179,0
2023-02-08,85.08999633789062,1877.4000244140625,82.74189758300781,116.205078125,22.367000579833984,17871.69921875,3.6530001163482666,49.20000076293945,57538.0,67516.0,pdf,575.2667700000001,57434.23943407186,52939.385913144506,57434.23943407186,4598.614086855494,8.686564846823597,63071.01630005118,4444.983699948818,0,0.0,0.3045399044124819,-0.0158294614765575,1.672832901952126,57215.0,287,0,4577.990249470924,0
2023-02-09,84.5,1866.199951171875,82.65950012207031,112.8324966430664,22.097000122070312,17893.44921875,3.683000087738037,49.11000061035156,57597.0,67483.0,pdf,575.2667700000001,57034.747972239165,52571.15900049872,57034.747972239165,5025.840999501284,9.560072661615862,62247.61211262134,5235.38788737866,0,0.0,-0.596573617584939,-0.0995837216022699,-0.6933792023538943,56852.0,288,0,4598.614086855494,0
2023-02-10,86.38999938964844,1862.800048828125,82.533203125,112.7332992553711,22.03400039672852,17856.5,3.74399995803833,48.65999984741211,57038.0,66740.0,pdf,566.9480500000001,56843.85456069905,52395.20507334,56843.85456069905,4642.794926659997,8.861106508050232,61975.302722314096,4764.697277685904,0,0.0,-0.1821831761176007,-0.1527918713321474,2.236685668222993,56741.0,289,0,5025.840999501284,0
2023-02-13,86.61000061035156,1851.9000244140625,82.51300048828125,106.78170013427734,21.81800079345703,17770.900390625,3.7170000076293945,48.66999816894531,57060.0,66371.0,pdf,566.9480500000001,56497.40439549711,52075.868399327774,56497.40439549711,4984.131600672226,9.570904439754989,61352.73627505815,5018.263724941855,0,0.0,-0.5851419437593264,-0.0244781929621074,0.2546605188765483,56497.0,290,0,4642.794926659997,0
2023-02-14,85.58000183105469,1854.0,82.59739685058594,104.40105438232422,21.84199905395508,17929.849609375,3.760999917984009,48.790000915527344,57018.0,65842.0,pdf,566.9480500000001,56619.32252805448,52188.24511281544,56619.32252805448,4829.754887184557,9.254488011129837,61483.04209178482,4358.957908215183,0,0.0,0.1133957318566247,0.1022825031270935,-1.1892377000789156,56750.0,291,0,4984.131600672226,0
2023-02-15,85.37999725341797,1834.199951171875,82.86759948730469,108.86476135253906,21.54599952697754,18015.849609375,3.809000015258789,48.15999984741211,56478.0,65411.0,pdf,566.9480500000001,56197.89058252172,51799.79479780264,56197.89058252172,4678.205202197358,9.031319951089474,60848.238137719054,4562.761862280946,0,0.0,-1.067963798712246,0.3271321458320653,-0.2337048064471325,56126.0,292,0,4829.754887184557,0
2023-02-16,85.13999938964844,1842.0,82.73770141601562,109.85669708251952,21.68400001525879,18035.849609375,3.8429999351501465,48.18000030517578,56428.0,65389.0,pdf,566.9480500000001,56348.40867090388,51938.53320970271,56348.40867090388,4489.466790297287,8.643807425540857,61141.97366513099,4247.026334869013,0,0.0,0.425256189934009,-0.156753751879779,-0.2810937824900494,56228.0,293,0,4678.205202197358,0
2023-02-17,83.0,1840.4000244140625,82.69529724121094,110.25347137451172,21.694000244140625,17944.19921875,3.828000068664551,47.95000076293945,56175.0,64500.0,pdf,561.26684,56270.60977732432,51866.82292518589,56270.60977732432,4308.177074814106,8.306228976138248,61138.820597441394,3361.179402558606,0,0.0,-0.0868607809955235,-0.0512513329219421,-2.513506465808857,56257.0,294,0,4489.466790297287,0
2023-02-20,,,82.75800323486328,117.69297790527344,,17844.599609375,,48.380001068115234,56601.0,65760.0,pdf,561.26684,,,,,,,,0,0.0,,0.0758277625745096,,56213.0,295,0,4308.177074814106,0
2023-02-21,83.05000305175781,1833.0,82.69750213623047,115.95709228515624,21.86899948120117,17826.69921875,3.954999923706055,48.2599983215332,56384.0,65770.0,pdf,561.26684,56045.84681083061,51659.65010389605,56045.84681083061,4724.349896103951,9.145144976016113,61633.65309989834,4136.3469001016565,0,0.0,,-0.073106039619053,,56168.0,296,0,,0
2023-02-22,80.5999984741211,1832.0,82.86119842529297,117.0482177734375,21.660999298095703,17554.30078125,3.92300009727478,48.15999984741211,56496.0,65986.0,pdf,561.26684,56126.150704071,51733.669344621965,56126.150704071,4762.330655378035,9.205476270499858,61168.284681319405,4817.715318680595,0,0.0,-0.0545553737043125,0.197945868779481,-2.9500355058504235,56083.0,297,0,4724.349896103951,0
2023-02-23,82.20999908447266,1818.0,82.83529663085938,117.34579467773438,21.29899978637696,17511.25,3.878999948501587,47.86000061035156,56080.0,65182.0,pdf,561.26684,55679.82852930947,51322.27673136351,55679.82852930947,4757.723268636488,9.270288793967318,60127.23658623159,5054.763413768415,0,0.0,-0.7641921397379958,-0.0312592563537994,1.9975194054978829,55587.0,298,0,4762.330655378035,0
2023-02-24,83.16000366210938,1808.800048828125,82.6178970336914,117.59378051757812,20.80599975585937,17465.80078125,3.9489998817443848,47.77999877929688,55957.0,64331.0,pdf,560.94154,55252.67079811299,50928.54873565198,55252.67079811299,5028.451264348019,9.87354124392692,58581.34365082238,5749.656349177618,0,0.0,-0.5060479192450451,-0.2624480215683511,1.155582761484486,55432.0,299,0,4757.723268636488,0
2023-02-27,82.44999694824219,1817.0,82.91799926757812,114.41959381103516,20.670000076293945,17392.69921875,3.921999931335449,47.43999862670898,55666.0,63446.0,pdf,560.94154,55704.76164083395,51345.25855589913,55704.76164083395,4320.741444100873,8.415073885346045,58409.823790190814,5036.176209809186,0,0.0,0.4533365187151306,0.3632411918743639,-0.8537838896112149,55476.0,300,0,5028.451264348019,0
2023-02-28,83.88999938964844,1828.9000244140625,82.6520004272461,112.7332992553711,20.961000442504883,17303.94921875,3.9159998893737793,47.40999984741211,,,,560.94154,55889.71737558497,51515.739494017456,55889.71737558497,,,59042.124988544194,,0,0.0,0.6549270453529266,-0.3207974657874257,1.7465160639244193,,301,0,4320.741444100873,0
2023-03-01,84.30999755859375,1837.699951171875,82.6353988647461,114.4691925048828,20.958999633789062,17450.900390625,3.99399995803833,47.77000045776367,56140.0,64246.0,pdf,560.94154,56147.35599776042,51753.215093587874,56147.35599776042,4386.784906412126,8.476352432364418,59024.631061355794,5221.368938644206,0,0.0,0.4811595297906867,-0.0200860988411433,0.5006534414126351,55830.0,302,0,,0
2023-03-02,84.75,1833.5,82.4198989868164,115.65950775146484,20.766000747680664,17321.900390625,4.072999954223633,47.810001373291016,56087.0,63706.0,pdf,560.94154,55872.9459743042,51500.28063718474,55872.9459743042,4586.71936281526,8.906202657667677,58328.59919375742,5377.400806242578,0,0.0,-0.2285439018049007,-0.2607839750158547,0.5218864359478381,55739.0,303,0,4386.784906412126,0
2023-03-03,85.83000183105469,1847.699951171875,82.35569763183594,116.10588836669922,21.093000411987305,17594.349609375,3.96399998664856,47.81999969482422,56103.0,64139.0,pdf,562.3998,56261.80695646127,51858.70902073822,56261.80695646127,4244.290979261779,8.184335976363187,59200.94169217246,4938.058307827538,0,0.0,0.7744723846127677,-0.0778954545803789,1.274338443722356,55721.0,304,0,4586.71936281526,0
2023-03-06,86.18000030517578,1847.9000244140625,81.7125015258789,116.4034652709961,20.983999252319336,17711.44921875,3.983000040054321,47.83000183105469,,,,562.3998,55828.44811654528,51459.26522046783,55828.44811654528,,,58435.043489627744,,0,0.0,0.0108282322603736,-0.7809977019833991,0.4077810400261006,,305,0,4244.290979261779,0
2023-03-07,83.29000091552734,1813.9000244140625,81.85440063476562,,20.054000854492188,,3.974999904632568,,56089.0,64266.0,pdf,562.3998,54896.41172416924,50600.17080662557,54896.41172416924,5488.829193374433,10.847451907525436,55942.215940005066,8323.784059994934,0,0.0,-1.8399263786351705,0.1736565473298812,-3.3534455551340603,55022.0,306,0,,0
2023-03-08,82.66000366210938,1812.699951171875,82.07460021972656,116.205078125,20.0049991607666,17754.400390625,3.9760000705718994,47.119998931884766,55245.0,61883.0,pdf,562.3998,55007.673535892085,50702.72517221358,55007.673535892085,4542.274827786423,8.9586404130319,55955.646375065095,5927.353624934905,0,0.0,-0.0661598338406288,0.2690137405604753,-0.7563900186012829,54911.0,307,0,5488.829193374433,0
2023-03-09,81.58999633789062,1829.300048828125,81.9645004272461,117.9409637451172,20.02499961853028,17589.599609375,3.924999952316284,47.06999969482422,55286.0,61793.0,pdf,562.3998,55436.94900213618,51098.4051671864,55436.94900213618,4187.5948328136,8.195157596626375,55936.45201266562,5856.547987334379,0,0.0,0.9157664314779934,-0.1341459991102134,-1.294468033890528,55301.0,308,0,4542.274827786423,0
2023-03-10,82.77999877929688,1862.0,82.01840209960938,115.46112823486328,20.375,17412.900390625,3.694999933242798,47.43000030517578,55669.0,61791.0,pdf,560.0025,56465.02947124714,52046.02716480172,56465.02947124714,3622.9728351982776,6.961093925048832,56951.546911000805,4839.453088999195,0,0.0,1.7875662985316731,0.0657622166698068,1.4585151303084576,56150.0,309,0,4187.5948328136,0
2023-03-13,80.7699966430664,1911.699951171875,81.95800018310547,106.83129119873048,21.792999267578125,17154.30078125,3.515000104904175,48.81999969482422,56968.0,63666.0,pdf,560.0025,57929.48404212238,53395.8722475215,57929.48404212238,3572.1277524784964,6.689894934049523,60870.23248960215,2795.767510397847,0,0.0,2.669170309982549,-0.0736443468266401,-2.428125351377952,57642.0,310,0,3622.9728351982776,0
2023-03-14,77.44999694824219,1906.199951171875,82.41739654541016,107.0296859741211,21.929000854492188,17043.30078125,3.638000011444092,49.130001068115234,57605.0,66176.0,pdf,560.0025,58086.59567610076,53540.68818840592,58086.59567610076,4064.3118115940815,7.591071293839283,61593.42288891861,4582.577111081388,0,0.0,-0.2877020526483975,0.5605265639453627,-4.11043683646014,57483.0,311,0,3572.1277524784964,0
2023-03-15,73.69000244140625,1926.5999755859373,82.30490112304688,109.8071060180664,21.77400016784668,16972.150390625,3.492000102996826,48.93000030517578,57902.0,66861.0,pdf,560.0025,58628.10087880941,54039.8147230765,58628.10087880941,3862.1852769234974,7.146925459894733,61074.58474833689,5786.415251663108,0,0.0,1.0701933132209571,-0.136494753630445,-4.854738095533618,58336.0,312,0,4064.3118115940815,0
2023-03-16,74.69999694824219,1919.0,82.7156982421875,108.07120513916016,21.58799934387207,16985.599609375,3.5850000381469727,49.70000076293945,58341.0,67311.0,pdf,560.0025,58688.29510047792,54095.29809261443,58688.29510047792,4245.70190738557,7.848559961933605,60855.09430588453,6455.90569411547,0,0.0,-0.3944760553433624,0.4991162294533113,1.3705990953644331,58006.0,313,0,3862.1852769234974,0
2023-03-17,72.97000122070312,1969.800048828125,82.622802734375,118.53611755371094,22.35099983215332,17100.05078125,3.3949999809265137,49.75,58220.0,66773.0,pdf,572.80076,60174.24437428639,55464.955684124856,60174.24437428639,2755.044315875144,4.967180234606571,62935.180447568135,3837.819552431865,0,0.0,2.6472146340867697,-0.1123069862029146,-2.315924763340671,59383.0,314,0,4245.70190738557,0
2023-03-20,73.79000091552734,1979.199951171875,82.53299713134766,117.544189453125,22.53300094604492,16988.400390625,3.4809999465942383,50.90999984741211,59479.0,68472.0,pdf,572.80076,60395.67877450979,55669.06043563512,60395.67877450979,3809.939564364882,6.843908509592965,63378.68949111882,5093.310508881179,0,0.0,0.4772008381938253,-0.1086934841899034,1.1237490490702662,59506.0,315,0,2755.044315875144,0
2023-03-21,75.31999969482422,1938.0,82.52909851074219,116.6018524169922,22.323999404907227,17107.5,3.6059999465942383,50.47999954223633,59188.0,68499.0,pdf,572.80076,59135.66056903278,54507.65235058674,59135.66056903278,4680.347649413263,8.586588208403883,62787.86370677957,5711.136293220428,0,0.0,-2.0816467354640267,-0.00472371141359,2.0734500072013384,58579.0,316,0,3809.939564364882,0
2023-03-22,76.69000244140625,1946.800048828125,82.677001953125,117.59378051757812,22.674999237060547,17151.900390625,3.5,50.040000915527344,58637.0,68221.0,pdf,572.80076,59510.6435466114,54853.28883426791,59510.6435466114,3783.711165732093,6.897874760370495,63889.36980025194,4331.630199748062,0,0.0,0.4540788869001444,0.1792136895371054,1.8189096549826145,58756.0,317,0,4680.347649413263,0
2023-03-23,75.91000366210938,1993.800048828125,82.52580261230469,116.70103454589844,23.143999099731445,17076.900390625,3.4059998989105225,50.36000061035156,59086.0,69136.0,pdf,572.80076,60835.90003365932,56074.82959624251,60835.90003365932,3011.170403757489,5.3699144971797885,65091.57257047028,4044.427429529722,0,0.0,2.414218143681035,-0.182879564145344,-1.017080133610404,59565.0,318,0,3783.711165732093,0
2023-03-24,74.98999786376953,1982.0999755859373,82.26529693603516,115.65950775146484,23.246999740600582,16945.05078125,3.380000114440918,50.900001525878906,59653.0,69756.0,pdf,578.77817,60287.98993867505,55569.79942173527,60287.98993867505,4083.200578264732,7.34787712166485,65174.8715329267,4581.1284670733,0,0.0,-0.5868227984578644,-0.3156657288064801,-1.211969113366107,59273.0,319,0,3011.170403757489,0
2023-03-27,78.12000274658203,1952.4000244140625,82.33879852294922,117.69297790527344,23.054000854492188,16985.69921875,3.5280001163482666,50.400001525878906,58892.0,69369.0,pdf,578.77817,59437.68806835091,54786.042915175625,59437.68806835091,4105.957084824375,7.494531209676092,64691.53167316499,4677.468326835013,0,0.0,-1.498408331451362,0.0893470146606345,4.173896482166351,58526.0,320,0,4083.200578264732,0
2023-03-28,78.6500015258789,1972.4000244140625,82.21489715576172,106.28572845458984,23.323999404907227,16951.69921875,3.563999891281128,50.40999984741211,58965.0,69500.0,pdf,578.77817,59956.199440837096,55263.97513677159,59956.199440837096,3701.024863228413,6.69699357324338,65350.68481282251,4149.31518717749,0,0.0,1.0243802371392663,-0.1504775019919302,0.6784418339258913,59042.0,321,0,4105.957084824375,0
2023-03-29,78.27999877929688,1966.0999755859373,82.16429901123047,109.2119369506836,23.3759994506836,17080.69921875,3.565999984741211,50.68999862670898,,,,578.77817,59727.91172119481,55053.553412579575,59727.91172119481,,,65456.07295209431,,0,0.0,-0.3194102996422643,-0.061543766740213,-0.470442135287541,,322,0,3701.024863228413,0
2023-03-30,79.2699966430664,1980.300048828125,82.25540161132812,,23.902000427246097,,3.5510001182556152,,59335.0,70000.0,pdf,578.77817,60225.99778204499,55512.6588251893,60225.99778204499,3822.341174810696,6.885530716241389,67003.1592304628,2996.8407695372007,0,0.0,0.7222457361536483,0.1108785703693548,1.2646881441078506,59895.0,323,0,,0
2023-03-31,79.7699966430664,1969.0,82.10050201416016,104.50025177001952,24.076000213623047,17359.75,3.49399995803833,51.06999969482422,,,,578.44915,59769.5666840592,55091.94842182849,59769.5666840592,,,67363.82742371013,,0,0.0,-0.5706230646619459,-0.1883154104576623,0.6307556719743257,,324,0,3822.341174810696,0
2023-04-03,84.93000030517578,1983.9000244140625,82.18479919433594,104.89702606201172,23.94099998474121,17398.05078125,3.430000066757202,50.79999923706055,,,,578.44915,60283.69440652147,55565.84006166328,60283.69440652147,,,67054.87976700402,,0,0.0,0.7567305441372518,0.1026755965039649,6.468602080050201,,325,0,,0
2023-04-04,84.94000244140625,2022.199951171875,82.14089965820312,,25.02199935913086,,3.336999893188477,,59715.0,71700.0,pdf,578.44915,61414.67094369993,56608.30539158429,61414.67094369993,3106.69460841571,5.48805442403787,70045.14961089107,1654.850389108935,0,0.0,1.9305371382877248,-0.0534156395868401,0.0117769176904758,60954.0,326,0,,0
2023-04-05,84.98999786376953,2020.9000244140625,82.11479949951172,105.24420166015624,24.96299934387207,17557.05078125,3.2869999408721924,51.86000061035156,60781.0,73834.0,pdf,578.44915,61355.68998997442,56553.940338585126,61355.68998997442,4227.059661414874,7.474385756514429,69857.78408186241,3976.21591813759,0,0.0,-0.0642828003758588,-0.031774863435896,0.0588596902828753,60856.0,327,0,3106.69460841571,0
2023-04-06,85.12000274658203,2011.9000244140625,81.94999694824219,103.45872497558594,25.02499961853028,17599.150390625,3.288000106811523,51.810001373291016,,,,578.44915,60959.85371100871,56189.08255101673,60959.85371100871,,,69890.73772760032,,0,0.0,-0.4453461275309434,-0.2006977454417469,0.1529649206732264,,328,0,4227.059661414874,0
2023-04-07,,,81.831298828125,,,,,,60623.0,74164.0,pdf,584.75478,,,,,,,,0,0.0,,-0.1448421287826962,,60511.0,329,0,,0
2023-04-10,84.18000030517578,1989.0999755859373,81.88480377197266,103.16114807128906,24.84600067138672,17624.05078125,3.414999961853028,51.380001068115234,60355.0,74556.0,pdf,584.75478,60221.074914798526,55508.1212258143,60221.074914798526,4846.878774185701,8.731837192737913,69335.62084217179,5220.379157828211,0,0.0,,0.065384448999195,,60063.0,330,0,,0
2023-04-11,85.61000061035156,2004.800048828125,81.98390197753906,103.2107391357422,25.131000518798828,17722.30078125,3.434000015258789,51.54999923706055,60390.0,74416.0,pdf,584.75478,60769.85879108271,56013.95679873711,60769.85879108271,4376.043201262888,7.812415782349355,70215.81918814691,4200.18081185309,0,0.0,0.7893053860986932,0.121021485063788,1.6987411499069127,60505.0,331,0,4846.878774185701,0
2023-04-12,87.33000183105469,2010.9000244140625,82.07009887695312,102.56597900390624,25.40399932861328,17812.400390625,3.4210000038146973,51.720001220703125,,,,584.75478,61018.84945765878,56243.46123923332,61018.84945765878,,,71053.20176107202,,0,0.0,0.3042685274026846,0.1051388105895112,2.009112496718224,,332,0,4376.043201262888,0
2023-04-13,86.08999633789062,2041.300048828125,81.96060180664062,103.4091339111328,25.874000549316406,17828.0,3.45199990272522,51.93999862670898,,,,584.75478,61858.66784778553,57017.55471187189,61858.66784778553,,,72271.20984896756,,0,0.0,1.5117620988104763,-0.1334189574654587,-1.4199077833101703,,333,0,,0
2023-04-14,86.30999755859375,2002.199951171875,81.68070220947266,,25.42399978637696,,3.5220000743865967,,60880.0,75869.0,pdf,586.4119000000001,60466.591435630784,55734.4234102336,60466.591435630784,5145.576589766402,9.23231330822668,70771.75124523728,5097.248754762724,0,0.0,-1.9154507774933327,-0.3415050536455299,0.2555479498914659,60329.0,334,0,,0
2023-04-17,84.76000213623047,1994.199951171875,81.84480285644531,102.6155776977539,25.05299949645996,17706.849609375,3.5910000801086426,51.70000076293945,60629.0,75530.0,pdf,586.4119000000001,60345.98586621898,55623.25653755837,60345.98586621898,5005.743462441627,8.99937143928567,69879.12206135684,5650.877938643156,0,0.0,-0.3995604932123586,0.2009050394202294,-1.7958469078985018,60180.0,335,0,5145.576589766402,0
2023-04-18,84.7699966430664,2007.4000244140625,82.00370025634766,102.66517639160156,25.24799919128418,17660.150390625,3.572000026702881,51.52000045776367,60593.0,74642.0,pdf,586.4119000000001,60863.36405264073,56100.144257216685,60863.36405264073,4492.855742783315,8.008634919339547,70559.74791325253,4082.252086747467,0,0.0,0.661923255711172,0.1941447646725214,0.0117915367909837,60488.0,336,0,5005.743462441627,0
2023-04-19,83.12000274658203,1995.199951171875,82.10790252685547,101.77243041992188,25.36599922180176,17618.75,3.601999998092652,51.119998931884766,59921.0,73775.0,pdf,586.4119000000001,60570.333106971295,55830.04616816485,60570.333106971295,4090.953831835148,7.327512894244878,70979.59815120451,2795.401848795489,0,0.0,-0.607754961333562,0.1270702055908179,-1.9464361942018948,60288.0,337,0,4492.855742783315,0
2023-04-20,81.0999984741211,2007.5999755859373,82.34010314941406,102.07001495361328,25.36800003051757,17624.44921875,3.5450000762939453,51.63999938964844,60616.0,75419.0,pdf,586.4119000000001,61119.13046228988,56335.89416524112,61119.13046228988,4280.105834758884,7.597475638186784,71185.94253249909,4233.057467500912,0,0.0,0.621492818641034,0.2827993596385525,-2.430226426507187,60503.0,338,0,4090.953831835148,0
2023-04-21,81.66000366210938,1979.5,82.14089965820312,102.26840209960938,25.05299949645996,17624.05078125,3.569999933242798,51.290000915527344,60191.0,74773.0,pdf,584.2476700000001,60117.86374666035,55412.98745344346,60117.86374666035,4778.012546556543,8.622549994386974,70131.92961699728,4641.07038300272,0,0.0,-1.3996800123359354,-0.2419276677968929,0.6905119587233832,59845.0,339,0,4280.105834758884,0
2023-04-24,82.7300033569336,1989.0999755859373,82.05480194091797,102.36759185791016,25.30599975585937,17743.400390625,3.515000104904175,51.2599983215332,,,,584.2476700000001,60346.09777613361,55623.35968930577,60346.09777613361,,,70765.91141694655,,0,0.0,0.484969718915762,-0.1048171101648676,1.3103106133225628,,340,0,4778.012546556543,0
2023-04-25,80.7699966430664,1994.0,81.85230255126953,102.3179931640625,24.87700080871582,17769.25,3.3959999084472656,51.31999969482422,60078.0,74075.0,pdf,584.2476700000001,60345.46433048247,55622.775817662114,60345.46433048247,4455.224182337886,8.009712059215861,69394.5756769809,4680.424323019106,0,0.0,0.2463437974061122,-0.2467855443661237,-2.369160684559457,60261.0,341,0,,0
2023-04-26,77.69000244140625,1985.699951171875,81.9916000366211,100.5325164794922,24.871000289916992,17813.599609375,3.431999921798706,51.47999954223633,60431.0,74200.0,pdf,584.2476700000001,60196.54496040824,55485.511006985,60196.54496040824,4945.488993015002,8.913117863134433,69495.90543760202,4704.094562397979,0,0.0,-0.416251194991224,0.1701815110995985,-3.8132899958769007,59893.0,342,0,4455.224182337886,0
2023-04-27,78.37000274658203,1989.9000244140625,81.76689910888672,100.87969207763672,24.982999801635746,17915.05078125,3.5280001163482666,51.470001220703125,60515.0,74415.0,pdf,584.2476700000001,60158.550553150366,55450.49007507773,60158.550553150366,5064.509924922269,9.1333907384139,69617.54688928087,4797.453110719129,0,0.0,0.2115160067214017,-0.2740535952878264,0.8752738882826572,59901.0,343,0,4945.488993015002,0
2023-04-28,79.54000091552734,1990.0999755859373,81.76509857177734,101.87162017822266,24.999000549316406,18065.0,3.45199990272522,51.25,,,,588.77985,60163.27061976859,55454.840745178015,60163.27061976859,,,69660.60053554803,,0,0.0,0.0100483023981912,-0.0022020366786557,1.492915819753926,,344,0,5064.509924922269,0
2023-05-01,79.30999755859375,1983.4000244140625,81.74479675292969,,25.00900077819824,,3.5739998817443848,,60168.0,73868.0,pdf,588.77985,59945.83460279576,55254.42145996828,59945.83460279576,4913.578540031725,8.892643177146654,69671.16326921845,4196.83673078155,0,0.0,-0.3366640497496798,-0.0248294433716544,-0.2891669025473886,59764.0,345,0,,0
2023-05-02,75.31999969482422,2014.300048828125,81.77469635009766,104.74822998046876,25.40399932861328,18147.650390625,3.438999891281128,51.310001373291016,60417.0,74226.0,pdf,588.77985,60902.01780460167,56135.7729329372,60902.01780460167,4281.227067062806,7.626557618040442,70797.45337489227,3428.5466251077305,0,0.0,1.5579320375974648,0.0365767588343723,-5.030888900005004,60628.0,346,0,4913.578540031725,0
2023-05-03,72.33000183105469,2028.5999755859373,81.77870178222656,104.20267486572266,25.47599983215332,18089.849609375,3.4030001163482666,52.060001373291016,61044.0,75282.0,pdf,588.77985,61337.37788503082,56537.06135489798,61337.37788503082,4506.938645102018,7.971653526190159,71001.58645973551,4280.41354026449,0,0.0,0.7099203897717121,0.0048981314608065,-3.96972633548085,60965.0,347,0,4281.227067062806,0
2023-05-04,72.5,2048.0,81.77999877929688,104.79783630371094,26.03499984741211,18255.80078125,3.3510000705718994,52.5099983215332,61646.0,76464.0,pdf,588.77985,61924.94514282958,57078.64508817336,61924.94514282958,4567.354911826638,8.00186287668729,72560.6697344279,3903.3302655721054,0,0.0,0.9563257738115284,0.0015859839322951,0.2350313350501398,61493.0,348,0,4506.938645102018,0
2023-05-05,75.30000305175781,2017.4000244140625,81.71610260009766,103.9546890258789,25.74300003051757,18069.0,3.446000099182129,52.5,61496.0,77280.0,pdf,595.97617,60952.0399593383,56181.88031034661,60952.0399593383,5314.119689653388,9.458778631648476,71690.79652231347,5589.203477686533,0,0.0,-1.4941394329071045,-0.0781317928013836,3.862073174838354,60628.0,349,0,4567.354911826638,0
2023-05-08,77.01000213623047,2026.300048828125,81.72979736328125,104.05388641357422,25.63599967956543,18264.400390625,3.5209999084472656,52.16999816894531,61169.0,76315.0,pdf,595.97617,61231.19785429904,56439.19106570173,61231.19785429904,4729.808934298271,8.38036273197507,71404.77960862883,4910.220391371171,0,0.0,0.4411630963793378,0.0167589529454392,2.270915026785958,60927.0,350,0,5314.119689653388,0
2023-05-09,77.44000244140625,2036.199951171875,81.78710174560547,104.30186462402344,25.69799995422364,18265.94921875,3.5209999084472656,52.369998931884766,61533.0,76399.0,pdf,595.97617,61573.49702381554,56754.70160456042,61573.49702381554,4778.298395439582,8.419211554898972,71627.65711670816,4771.342883291844,0,0.0,0.4885704044411021,0.0701144309333212,0.5583694237731862,61419.0,351,0,4729.808934298271,0
2023-05-10,76.41000366210938,2030.5,82.1050033569336,104.05388641357422,25.461000442504883,18315.099609375,3.438999891281128,52.43000030517578,61495.0,76261.0,pdf,595.97617,61639.79639387584,56815.81232826817,61639.79639387584,4679.18767173183,8.235713756403944,71242.91666246294,5018.083337537057,0,0.0,-0.279930817628915,0.3886940661095295,-1.3300603652178444,61270.0,352,0,4778.298395439582,0
2023-05-11,74.9800033569336,2014.699951171875,81.9198989868164,105.59138488769533,24.2549991607666,18297.0,3.3970000743865967,52.369998931884766,61585.0,74795.0,pdf,595.97617,61022.2704718297,56246.61452186043,61022.2704718297,5338.385478139571,9.4910343022775,67715.3730623832,7079.626937616806,0,0.0,-0.7781358693979334,-0.2254483436441634,-1.871483099908422,60892.0,353,0,4679.18767173183,0
2023-05-12,74.16999816894531,2014.5,82.10030364990234,107.67444610595705,23.992000579833984,18314.80078125,3.463000059127808,51.90999984741211,60964.0,72040.0,pdf,599.52881,61150.58464743116,56364.886718501766,61150.58464743116,4599.113281498234,8.159536103509236,67128.6371224905,4911.3628775094985,0,0.0,-0.0099246129310115,0.2202208075414935,-1.0802949476173662,60887.0,354,0,5338.385478139571,0
2023-05-15,75.2300033569336,2018.0,82.20030212402344,105.6905746459961,24.12700080871582,18398.849609375,3.507999897003174,52.27999877929688,61208.0,72455.0,pdf,599.52881,61331.43895035002,56531.5872064096,61331.43895035002,4676.412793590403,8.272212093596035,67588.58524514534,4866.414754854661,0,0.0,0.1737403822288374,0.1218003706143555,1.4291562817269954,61027.0,355,0,4599.113281498234,0
2023-05-16,74.91000366210938,1988.4000244140625,82.2667007446289,107.4760513305664,23.73699951171875,18286.5,3.549000024795532,52.04999923706055,61066.0,71930.0,pdf,599.52881,60480.64566188602,55747.37774052103,60480.64566188602,5318.622259478972,9.54057836448338,66549.76171589456,5380.238284105435,0,0.0,-1.4667976008888806,0.080776613819844,-0.4253617978799751,60244.0,356,0,4676.412793590403,0
2023-05-17,76.95999908447266,1980.699951171875,82.2959976196289,106.28572845458984,23.75200080871582,18181.75,3.5810000896453857,51.619998931884766,60646.0,71808.0,pdf,599.52881,60267.88954196977,55551.27209955475,60267.88954196977,5094.72790044525,9.171217341908692,66615.53452622474,5192.465473775257,0,0.0,-0.3872497056751189,0.0356120699321005,2.736611029429437,60145.0,357,0,5318.622259478972,0
2023-05-18,75.86000061035156,1956.5,82.45030212402344,105.88895416259766,23.4950008392334,18129.94921875,3.6480000019073486,51.59000015258789,60474.0,71496.0,pdf,599.52881,59643.165084797416,54975.43912163936,59643.165084797416,5498.560878360637,10.001849855522664,66018.29738308926,5477.702616910741,0,0.0,-1.2217878410890617,0.1874994032002863,-1.4293119636263452,59723.0,358,0,5094.72790044525,0
2023-05-19,75.58000183105469,1978.699951171875,82.72509765625,103.9546890258789,23.920000076293945,18203.400390625,3.691999912261963,51.43999862670898,60275.0,71784.0,pdf,593.47663,60520.96024469176,55784.53726902024,60520.96024469176,4490.462730979765,8.049654887920939,67436.50723500119,4347.492764998809,0,0.0,1.1346767785266998,0.3332862647527967,-0.3690993633589157,60379.0,359,0,5498.560878360637,0
2023-05-22,75.98999786376953,1974.800048828125,82.90480041503906,106.1369400024414,23.71500015258789,18314.400390625,3.7190001010894775,51.97999954223633,60829.0,72521.0,pdf,593.47663,60532.88681140735,55795.53045225373,60532.88681140735,5033.4695477462665,9.021277344165748,67003.79686409874,5517.203135901262,0,0.0,-0.1970941749627197,0.2172288264146615,0.5424662910584743,60241.0,360,0,4490.462730979765,0
2023-05-23,76.83999633789062,1972.4000244140625,82.82499694824219,105.19461059570312,23.474000930786133,18348.0,3.697999954223633,51.43000030517578,60342.0,70718.0,pdf,593.47663,60401.122029105616,55674.07769639301,60401.122029105616,4667.922303606989,8.384372937550093,66259.04154782322,4458.958452176783,0,0.0,-0.1215325275835788,-0.0962591627955977,1.1185662561077114,60197.0,361,0,5033.4695477462665,0
2023-05-24,78.36000061035156,1962.800048828125,82.8906021118164,105.24420166015624,23.114999771118164,18285.400390625,3.7190001010894775,51.75,60680.0,71129.0,pdf,593.47663,60154.7509294246,55446.98781320877,60154.7509294246,5233.012186791231,9.437865595909985,65297.38530303766,5831.614696962337,0,0.0,-0.4867154465174605,0.0792093763857471,1.9781420417785744,59860.0,362,0,4667.922303606989,0
2023-05-25,76.26000213623047,1943.0999755859373,82.71369934082031,104.35145568847656,22.785999298095703,18321.150390625,3.813999891281128,51.45000076293945,60361.0,70285.0,pdf,593.47663,59423.90253355285,54773.33624831829,59423.90253355285,5587.663751681714,10.201430357190032,64230.62204672144,6054.377953278556,0,0.0,-1.0036719356079749,-0.2134171624878056,-2.679936776115444,59460.0,363,0,5233.012186791231,0
2023-05-26,76.94999694824219,1944.0999755859373,82.74210357666016,104.79783630371094,23.239999771118164,18499.349609375,3.809999942779541,51.33000183105469,60142.0,70500.0,pdf,589.1376300000001,59474.90146601226,54820.34395997653,59474.90146601226,5321.656040023467,9.707447373750014,65532.883960789695,4967.116039210305,0,0.0,0.0514641558625239,0.0343404249431689,0.9047925422020152,59353.0,364,0,5587.663751681714,0
2023-05-29,,,82.57479858398438,104.84742736816406,,18598.650390625,,51.18000030517578,60012.0,70782.0,pdf,589.1376300000001,,,,,,,,0,0.0,,-0.2022005550303296,,59419.0,365,0,5321.656040023467,0
2023-05-30,73.54000091552734,1958.0,82.57969665527344,104.50025177001952,23.125,18633.849609375,3.700000047683716,51.13999938964844,60402.0,70861.0,pdf,589.1376300000001,59782.56561437754,55103.9300445567,59782.56561437754,5298.069955443301,9.614686195992398,65080.61196528976,5780.388034710239,0,0.0,,0.0059316781549023,,59998.0,366,0,,0
2023-05-31,72.66000366210938,1963.9000244140625,82.68389892578125,104.79783630371094,23.474000930786133,18534.400390625,3.63700008392334,51.130001068115234,,,,589.1376300000001,60038.37117586137,55339.716040359184,60038.37117586137,,,66146.16475848392,,0,0.0,0.3013291324853062,0.1261838862678388,-1.1966239359022968,,367,0,5298.069955443301,0
2023-06-01,74.27999877929688,1978.0,82.66680145263672,107.82323455810548,23.875,18487.75,3.608000040054321,50.9900016784668,,,,589.1376300000001,60456.91747369677,55725.50654097268,60456.91747369677,,,67262.20771818617,,0,0.0,0.7179579108230971,-0.0206781167393699,2.22955551271502,,368,0,,0
2023-06-02,76.12999725341797,1952.4000244140625,82.27670288085938,111.74137878417967,23.64299964904785,18534.099609375,3.690999984741211,51.31999969482422,,,,595.06654,59392.86325342588,54744.72612924473,59392.86325342588,,,66294.28008993171,,0,0.0,-1.2942353683487062,-0.4718926641922194,2.490574184872929,,369,0,,0
2023-06-05,76.70999908447266,1958.0,82.40979766845703,110.30305480957033,23.53400039672852,18593.849609375,3.693000078201294,50.720001220703125,,,,595.06654,59659.56931215608,54990.5595399004,59659.56931215608,,,66095.39581350045,,0,0.0,0.2868252159348383,0.1617648531570203,0.7618571548400288,,370,0,,0
2023-06-06,76.29000091552734,1965.5,82.51119995117188,110.20387268066406,23.573999404907227,18599.0,3.6989998817443848,51.06999969482422,,,,595.06654,59961.78180257288,55269.120618023706,59961.78180257288,,,66289.19951966606,,0,0.0,0.3830439223697635,0.1230463920355529,-0.5475142405917843,,371,0,,0
2023-06-07,76.94999694824219,1942.699951171875,82.51719665527344,109.65830993652344,23.43899917602539,18726.400390625,3.783999919891357,50.9900016784668,,,,595.06654,59270.52486054484,54631.96204537178,59270.52486054484,,,65914.37409537614,,0,0.0,-1.1600126597875904,0.0072677455970948,0.8651147264313597,,372,0,,0
2023-06-08,75.95999908447266,1963.5999755859373,82.61810302734375,110.94781494140624,24.263999938964844,18634.55078125,3.71399998664856,50.70000076293945,,,,595.06654,59981.43001609656,55287.23114527162,59981.43001609656,,,68317.85444151402,,0,0.0,1.0758235929050786,0.1222852643575134,-1.286546982497505,,373,0,,0
2023-06-09,74.79000091552734,1962.199951171875,82.48829650878906,110.10467529296876,24.333999633789062,18563.400390625,3.744999885559082,50.959999084472656,59976.0,73677.0,pdf,593.7486,59844.49052005936,55161.0086532721,59844.49052005936,4814.991346727897,8.728976253849332,68407.29781725408,5269.702182745925,0,0.0,-0.0712988608407738,-0.1571163144616472,-1.5402819682030169,59945.0,374,0,,1
2023-06-12,71.83999633789062,1955.300048828125,82.4448013305664,108.46798706054688,23.98500061035156,18601.5,3.765000104904175,50.93000030517578,59921.0,73432.0,pdf,593.7486,59602.60828439687,54938.05633170495,59602.60828439687,4982.943668295055,9.070112779762432,67390.64500290918,6041.354997090821,0,0.0,-0.3516411433824196,-0.0527289082979498,-3.944383662956019,59641.0,375,0,4814.991346727897,0
2023-06-13,74.29000091552734,1944.5999755859373,82.33719635009766,113.87403106689452,23.756000518798828,18716.150390625,3.83899998664856,50.88999938964844,59856.0,73169.0,pdf,593.7486,59199.07615350254,54566.10497627191,59199.07615350254,5289.895023728088,9.694470635256817,66660.10667487333,6508.893325126672,0,0.0,-0.5472343361623944,-0.1305176053943091,3.410362893273855,59751.0,376,0,4982.943668295055,0
2023-06-14,73.19999694824219,1955.300048828125,82.29039764404297,111.6917724609375,24.04400062561035,18755.900390625,3.796000003814697,50.560001373291016,59264.0,72105.0,pdf,593.7486,59490.98375141238,54835.16763173664,59490.98375141238,4428.832368263364,8.076627754667633,67429.89678914589,4675.103210854111,0,0.0,0.550245468298094,-0.0568378668805991,-1.4672283670107422,59298.0,377,0,5289.895023728088,0
2023-06-15,75.66999816894531,1957.800048828125,82.04499816894531,113.27886962890624,23.891000747680664,18688.099609375,3.7279999256134033,50.15999984741211,58934.0,71062.0,pdf,593.7486,59389.411685004656,54741.54468356952,59389.411685004656,4192.455316430482,7.658635394132077,66801.01401300801,4260.985986991989,0,0.0,0.1278576145639753,-0.2982115558113563,3.3743187481955816,59355.0,378,0,4428.832368263364,0
2023-06-16,76.61000061035156,1958.4000244140625,81.9126968383789,130.0425567626953,24.076000213623047,18826.0,3.7690000534057617,50.65999984741211,59582.0,72420.0,pdf,596.09837,59311.814301065286,54670.02013837323,59311.814301065286,4911.979861626773,8.98477785300654,67209.73244085087,5210.267559149128,0,0.0,0.0306453964130204,-0.1612545962813905,1.2422392812902583,59354.0,379,0,4192.455316430482,0
2023-06-19,,,81.91480255126953,131.7784423828125,,18755.44921875,,50.52999877929688,59227.0,72359.0,pdf,596.09837,,,,,,,,0,0.0,,0.0025706794818169,,72446.0,380,0,4911.979861626773,0
2023-06-20,75.9000015258789,1935.5,81.98139953613281,126.8683624267578,23.19300079345703,18816.69921875,3.7290000915527344,50.4900016784668,59345.0,72091.0,pdf,596.09837,58667.432482682925,54076.06820142948,58667.432482682925,5268.93179857052,9.743555650059704,64799.08513060141,7291.914869398592,0,0.0,,0.0813003056701511,,58809.0,381,0,,0
2023-06-21,77.12000274658203,1933.300048828125,81.9917984008789,127.6123046875,22.77400016784668,18856.849609375,3.723000049591065,50.09000015258789,58864.0,70133.0,pdf,596.09837,58608.182368451686,54021.45505265983,58608.182368451686,4842.544947340175,8.964114244275146,63636.507286198896,6496.492713801104,0,0.0,-0.1136631966868972,0.0126844196426612,1.6073797051073146,58750.0,382,0,5268.93179857052,0
2023-06-22,74.13999938964844,1912.699951171875,81.94149780273438,122.00788116455078,22.43600082397461,18771.25,3.799000024795532,49.86000061035156,58654.0,69009.0,pdf,596.09837,57948.11634484106,53413.04637002742,57948.11634484106,5240.9536299725805,9.812122666932414,62653.58827633719,6355.411723662808,0,0.0,-1.065540637043738,-0.0613483288884553,-3.864112099069738,58196.0,383,0,4842.544947340175,0
2023-06-23,73.8499984741211,1919.0999755859373,81.91929626464844,125.57884216308594,22.32799911499023,18665.5,3.739000082015991,49.75,58654.0,69009.0,pdf,593.19772,58126.261475631225,53577.24970797313,58126.261475631225,5076.750292026867,9.47557091806332,62335.09453815664,6673.905461843366,0,0.0,0.334606816408467,-0.0270943766971232,-0.3911531129144219,58279.0,384,0,5240.9536299725805,0
2023-06-26,74.18000030517578,1923.699951171875,81.98480224609375,129.14981079101562,22.80500030517578,18691.19921875,3.7190001010894775,49.9900016784668,58726.0,69392.0,pdf,593.19772,58312.17840091736,53748.61661301949,58312.17840091736,4977.383386980509,9.260486502967671,63717.692435142686,5674.307564857314,0,0.0,0.2396944215755647,0.0799640431891512,0.4468542151295107,58455.0,385,0,5076.750292026867,0
2023-06-27,72.26000213623047,1914.0,82.00650024414062,134.55584716796875,22.93899917602539,18817.400390625,3.767999887466431,49.79999923706055,58442.0,69523.0,pdf,593.19772,58033.50352448371,53491.75107474152,58033.50352448371,4950.2489252584855,9.254228597492975,64109.050879187605,5413.9491208123945,0,0.0,-0.5042341018913099,0.0264658783730942,-2.5882962537698284,58227.0,386,0,4977.383386980509,0
2023-06-28,74.02999877929688,1912.300048828125,81.99839782714844,140.80502319335938,22.86800003051757,18972.099609375,3.7100000381469727,49.54999923706055,,,,593.19772,57976.23135466637,53438.96107473597,57976.23135466637,,,63904.31063560179,,0,0.0,-0.0888166756465524,-0.0098802131148989,2.4494832420977053,,387,0,4950.2489252584855,0
2023-06-29,74.33999633789062,1909.199951171875,82.02649688720703,,22.590999603271484,,3.8540000915527344,,,,,593.19772,57902.07900385293,53370.61195137749,57902.07900385293,,,63151.87011605904,,0,0.0,-0.1621135583900534,0.0342678159612752,0.4187458647918252,,388,0,,0
2023-06-30,74.9000015258789,1921.0999755859373,82.07540130615234,145.86390686035156,22.809999465942383,19189.05078125,3.819000005722046,49.310001373291016,,,,595.05138,58297.71863689731,53735.28848270536,58297.71863689731,,,63802.08823952166,,0,0.0,0.623299011020717,0.0596202700360981,0.7533026843893564,,389,0,,0
2023-07-03,74.6500015258789,1921.699951171875,82.09629821777344,149.23646545410156,22.895999908447266,19322.55078125,3.858000040054321,49.560001373291016,,,,595.05138,58330.77310204959,53765.7560766718,58330.77310204959,,,64058.94663515938,,0,0.0,0.0312308361648083,0.0254606267999113,-0.3337783643617475,,390,0,,0
2023-07-04,,,81.95010375976562,145.86390686035156,,19389.0,,49.880001068115234,,,,595.05138,,,,,,,,0,0.0,,-0.1780767966175656,,,391,0,,0
2023-07-05,76.6500015258789,1919.5999755859373,82.0071029663086,147.2526092529297,23.19700050354004,19398.5,3.944999933242798,49.97999954223633,,,,595.05138,58203.725554937344,53648.65138107268,58203.725554937344,,,64830.57975248829,,0,0.0,,0.0695535501822774,,,392,0,,0
2023-07-06,76.5199966430664,1908.699951171875,82.39409637451172,152.6090545654297,22.68600082397461,19497.30078125,4.040999889373779,49.900001525878906,,,,595.05138,58146.33365567009,53595.75102174809,58146.33365567009,,,63701.64420523045,,0,0.0,-0.5678279096005601,0.4719023038310732,-0.1696084543046039,,393,0,,0
2023-07-07,78.47000122070312,1926.199951171875,82.76840209960938,161.2388916015625,23.09199905395508,19331.80078125,4.050000190734863,50.02000045776367,,,,596.2796999999999,58946.0240472191,54332.85694787152,58946.0240472191,,,65136.24301961021,,0,0.0,0.9168544269755774,0.454287068573822,2.5483594657389697,,394,0,,0
2023-07-10,77.69000244140625,1925.0,82.61530303955078,162.4788055419922,23.150999069213867,19355.900390625,4.00600004196167,50.02999877929688,,,,596.2796999999999,58800.33665143971,54198.571174370525,58800.33665143971,,,65181.87380834148,,0,0.0,-0.0622962933388593,-0.1849728352546265,-0.994008878760011,,395,0,,0
2023-07-11,79.4000015258789,1931.300048828125,82.52529907226562,172.79489135742188,23.086000442504883,19439.400390625,3.9800000190734863,50.15999984741211,,,,596.2796999999999,58928.506839100286,54316.71065169244,58928.506839100286,,,64928.0574968792,,0,0.0,0.3272752637986986,-0.1089434571729053,2.201054229290756,,396,0,,0
2023-07-12,80.11000061035156,1956.199951171875,82.39990234375,178.15135192871094,24.11899948120117,19384.30078125,3.861000061035156,50.09999847412109,,,,596.2796999999999,59597.56544524657,54933.40814953163,59597.56544524657,,,67730.23595391931,,0,0.0,1.2892819196508976,-0.1519494384453201,0.894205378876789,,397,0,,0
2023-07-13,81.36000061035156,1959.199951171875,82.00180053710938,171.9517822265625,24.76799964904785,19413.75,3.760999917984009,50.52000045776367,,,,596.2796999999999,59400.58583424924,54751.84433417757,59400.58583424924,,,69216.70554567434,,0,0.0,0.1533585561231953,-0.4831338330716139,1.5603545006570352,,398,0,,0
2023-07-14,79.87000274658203,1960.0999755859373,82.03079986572266,181.1767425537109,25.013999938964844,19564.5,3.819000005722046,50.59000015258789,,,,609.02225,59448.889718588776,54796.36791452531,59448.889718588776,,,69928.89958379246,,0,0.0,0.0459383644596522,0.0353642583740043,-1.83136412560444,,399,0,,0
2023-07-17,78.5,1952.4000244140625,82.07679748535156,179.54006958007812,24.8439998626709,19711.44921875,3.796999931335449,50.4900016784668,,,,609.02225,59248.55808071848,54611.71440483617,59248.55808071848,,,69492.59415119886,,0,0.0,-0.392834613937143,0.056073596385997,-1.715290721760565,,400,0,,0
2023-07-18,79.62999725341797,1977.199951171875,82.06159973144531,172.84451293945312,25.083999633789062,19749.25,3.7890000343322754,50.65999984741211,,,,609.02225,59990.0395869965,55295.16692366635,59990.0395869965,,,70150.91953858639,,0,0.0,1.2702277426602349,-0.0185165045078261,1.439486947029267,,401,0,,0
2023-07-19,79.45999908447266,1977.5,82.07540130615234,171.35659790039062,25.2189998626709,19833.150390625,3.742000102996826,51.02000045776367,,,,609.02225,60009.23432904776,55312.85946851359,60009.23432904776,,,70540.32846221891,,0,0.0,0.0151754418134197,0.0168185542960497,-0.2134850870386229,,402,0,,0
2023-07-20,79.63999938964844,1968.300048828125,82.06169891357422,169.47193908691406,24.80500030517578,19979.150390625,3.8540000915527344,51.08000183105469,,,,609.02225,59720.08065821631,55046.33521539938,59720.08065821631,,,69370.74266851379,,0,0.0,-0.4652314119785061,-0.0166948834365299,0.2265294579030019,,403,0,,0
2023-07-21,81.06999969482422,1964.300048828125,82.0823974609375,172.6461181640625,24.69799995422364,19745.0,3.836999893188477,50.650001525878906,,,,607.035,59613.749559218886,54948.325680671325,59613.749559218886,,,69088.922843306,,0,0.0,-0.2032210486598074,0.0252231523808488,1.7955805074524545,,404,0,,0
2023-07-24,82.73999786376953,1960.300048828125,81.99030303955078,171.40621948242188,24.43600082397461,19672.349609375,3.857000112533569,50.650001525878906,,,,607.035,59425.60622105029,54774.90660375071,59425.60622105029,,,68279.32610125336,,0,0.0,-0.2036348775934837,-0.1121975286242693,2.0599459420646005,,405,0,,0
2023-07-25,83.63999938964844,1962.0999755859373,81.81420135498047,172.84451293945312,24.68000030517578,19680.599609375,3.911999940872192,50.58000183105469,,,,607.035,59352.416561920254,54707.44483098738,59352.416561920254,,,68812.99484859096,,0,0.0,0.0918189416405201,-0.2147835512760099,1.08774661483646,,406,0,,0
2023-07-26,82.91999816894531,1968.9000244140625,81.95010375976562,172.89410400390625,24.825000762939453,19778.30078125,3.8510000705718994,50.84000015258789,,,,607.035,59657.04679130583,54988.23443372538,59657.04679130583,,,69332.26394652363,,0,0.0,0.3465699461157268,0.16611102050057,-0.8608336034878539,,407,0,,0
2023-07-27,84.23999786376953,1945.4000244140625,81.97550201416016,174.28280639648438,24.23600006103516,19659.900390625,4.01200008392334,50.93000030517578,,,,607.035,58963.27267434775,54348.75568244228,58963.27267434775,,,67708.25688837872,,0,0.0,-1.1935598409570591,0.0309923395203748,1.59189547029992,,408,0,,0
2023-07-28,84.98999786376953,1960.4000244140625,82.3749008178711,173.83645629882812,24.3700008392334,19646.05078125,3.9690001010894775,50.66999816894531,,,,603.87,59707.40309310192,55034.649807554815,59707.40309310192,,,68414.32591788974,,0,0.0,0.7710496459214289,0.4872172708889843,0.8903134128907197,,409,0,,0
2023-07-31,85.55999755859375,1970.5,82.25279998779297,173.29086303710938,24.85400009155273,19753.80078125,3.9590001106262207,50.65999984741211,,,,603.87,59926.05775309465,55236.19236372202,59926.05775309465,,,69669.64374853954,,0,0.0,0.5151997276145792,-0.1482257688517174,0.6706667950949541,,410,0,,0
2023-08-01,84.91000366210938,1940.699951171875,82.2332992553711,171.15821838378906,24.20800018310547,19733.55078125,4.051000118255615,50.68999862670898,,,,603.87,59005.79800570386,54387.95294438791,59005.79800570386,,,67842.71695588193,,0,0.0,-1.512308999143619,-0.0237082900822471,-0.7596936828326184,,411,0,,0
2023-08-02,83.19999694824219,1937.4000244140625,82.30729675292969,166.8928985595703,23.753999710083008,19526.55078125,4.078000068664551,50.68000030517578,,,,603.87,58958.47173127419,54344.33046534839,58958.47173127419,,,66630.2876975008,,0,0.0,-0.170037967786818,0.0899848336727959,-2.01390488766433,,412,0,,0
2023-08-03,85.13999938964844,1932.0,82.7332992553711,169.0751495361328,23.586000442504883,19381.650390625,4.189000129699707,50.540000915527344,,,,603.87,59098.4436753367,54473.34808335384,59098.4436753367,,,66501.4706003471,,0,0.0,-0.2787253198107908,0.5175756211750926,2.331733789140777,,413,0,,0
2023-08-04,86.23999786376953,1939.5999755859373,82.7843017578125,169.72181701660156,23.617000579833984,19517.0,4.059999942779541,50.5,,,,601.453,59367.49694362525,54721.34500890676,59367.49694362525,,,66629.92643182709,,0,0.0,0.3933734775329878,0.0616468857164598,1.2919878811448848,,414,0,,0
2023-08-07,85.33999633789062,1933.5,82.69529724121094,173.45249938964844,23.14200019836425,19597.30078125,4.078000068664551,50.4900016784668,,,,601.453,,,,,,65219.62673877501,,0,0.0,-0.3144965798473342,-0.1075137613190779,-1.043601053075871,,415,0,,0
2023-08-08,86.16999816894531,1924.0999755859373,82.74829864501953,176.7355194091797,22.71699905395508,19570.849609375,4.026000022888184,50.560001373291016,,,,601.453,,,,,,64062.90621175812,,0,0.0,-0.4861662484645701,0.0640924037723644,0.9725824545016692,,416,0,,0
2023-08-09,87.55000305175781,1915.4000244140625,82.84500122070312,181.6600341796875,22.64999961853028,19632.55078125,4.01200008392334,50.369998931884766,,,,601.453,,,,,,63948.61031102062,,0,0.0,-0.4521569191967556,0.1168635213860236,1.6014911362848716,,417,0,,0
2023-08-10,86.4000015258789,1914.4000244140625,82.86630249023438,180.5656890869141,22.746000289916992,19543.099609375,4.079999923706055,50.22999954223633,,,,601.453,58654.21551817929,54063.88560806092,58654.21551817929,,,64236.16496198992,,0,0.0,-0.0522084153312008,0.0257121965325346,-1.313536819866301,,418,0,,0
2023-08-11,86.80999755859375,1912.9000244140625,82.79989624023438,201.3581085205078,22.67399978637696,19428.30078125,4.168000221252441,50.130001068115234,,,,602.161,58561.29119563396,53978.23362380175,58561.29119563396,,,63981.51717468756,,0,0.0,-0.0783535301332349,-0.0801366152518134,0.4745324368912618,,419,0,,0
2023-08-14,86.20999908447266,1910.5999755859373,82.89730072021484,207.7251739501953,22.643999099731445,19434.55078125,4.184000015258789,50.09000015258789,,,,602.161,,,,,,63972.028455043146,,0,0.0,-0.1202388414851651,0.1176384082630432,-0.6911628740873033,,420,0,,0
2023-08-15,84.88999938964844,1902.5,83.2333984375,,22.59499931335449,,4.2210001945495605,,,,,602.161,58547.83918415784,53965.83437844114,58547.83918415784,,,64092.4042431264,,0,0.0,-0.4239493190328014,0.4054386745589111,-1.531144541053553,,421,0,,0
2023-08-16,83.44999694824219,1896.0999755859373,83.19419860839844,221.65310668945312,22.479999542236328,19465.0,4.257999897003174,50.11000061035156,,,,602.161,,,,,,63736.16729408349,,0,0.0,-0.3364007576379779,-0.0470962736562996,-1.6963157636467607,,422,0,,0
2023-08-17,84.12000274658203,1884.0999755859373,83.23699951171875,221.6033477783203,22.670000076293945,19365.25,4.308000087738037,49.81999969482422,,,,602.161,,,,,,64307.93166036014,,0,0.0,-0.6328780209119422,0.0514469807225026,0.802882951278483,,423,0,,0
2023-08-18,84.80000305175781,1886.0999755859373,83.09829711914062,213.4953155517578,22.69499969482422,19310.150390625,4.250999927520752,49.75,,,,594.8882199999999,,,,,,64271.56999774518,,0,0.0,0.1061514795348328,-0.1666355027112653,0.8083693330637853,,424,0,,0
2023-08-21,84.45999908447266,1893.300048828125,83.16729736328125,218.71829223632807,23.304000854492188,19393.599609375,4.3420000076293945,49.68000030517578,,,,594.8882199999999,58218.446600100986,53662.22034444092,58218.446600100986,,,66051.04296779766,,0,0.0,0.38174398681865,0.0830344863044452,-0.4009480601995241,,425,0,,0
2023-08-22,84.02999877929688,1896.4000244140625,83.1135025024414,222.4489898681641,23.420000076293945,19396.44921875,4.328000068664551,49.900001525878906,,,,594.8882199999999,58276.05105566362,53715.31662522039,58276.05105566362,,,66336.88585031038,,0,0.0,0.1637339833090001,-0.0646827088835899,-0.5091171084973811,,426,0,,0
2023-08-23,83.20999908447266,1918.5,83.07330322265625,221.35464477539065,24.363000869750977,19444.0,4.197999954223633,49.810001373291016,,,,594.8882199999999,,,,,,68974.54807936921,,0,0.0,1.165364654156531,-0.0483667257122011,-0.9758416122055746,,427,0,,0
2023-08-24,83.36000061035156,1918.199951171875,82.5447006225586,215.63424682617188,24.211000442504883,19386.69921875,4.235000133514404,50.02999877929688,,,,594.8882199999999,58542.552063029005,53960.96103200935,58542.552063029005,,,68108.06405379302,,0,0.0,-0.0156397616953296,-0.6363086329682521,0.1802686306084711,,428,0,,0
2023-08-25,84.4800033569336,1911.0999755859373,82.64140319824219,209.91384887695312,24.21999931335449,19265.80078125,4.238999843597412,49.93999862670898,,,,594.85785,58394.19395879258,53824.21356201751,58394.19395879258,,,68213.19827154635,,0,0.0,-0.3701374083343034,0.1171517674111832,1.343573342588189,,429,0,,0
2023-08-28,84.41999816894531,1917.9000244140625,82.66429901123047,219.4644317626953,24.238000869750977,19306.05078125,4.211999893188477,49.79999923706055,,,,594.85785,,,,,,68282.8103721913,,0,0.0,0.3558185817065906,0.02770501480156,-0.0710288655349056,,430,0,,0
2023-08-29,85.48999786376953,1936.5,82.69149780273438,226.67710876464844,24.777000427246097,19342.650390625,4.122000217437744,49.97999954223633,,,,594.85785,,,,,,69824.2356317214,,0,0.0,0.9698094451831452,0.0329027062822007,1.2674718289887643,,431,0,,0
2023-08-30,85.86000061035156,1944.300048828125,82.49469757080078,231.60162353515625,24.733999252319336,19347.44921875,4.118000030517578,50.34000015258789,,,,594.85785,59303.16883701665,54662.05127585884,59303.16883701665,,,69537.16512028183,,0,0.0,0.4027910574812887,-0.2379933090619235,0.4328023813635395,,432,0,,0
2023-08-31,86.86000061035156,1938.199951171875,82.70040130615234,250.5038299560547,24.472000122070312,19253.80078125,4.0929999351501465,50.34999847412109,,,,594.85785,,,,,,68972.13769225295,,0,0.0,-0.3137426067507776,0.2493538874726031,1.1646866909984954,,433,0,,0
2023-09-01,88.55000305175781,1939.800048828125,82.68240356445312,244.2362518310547,24.23200035095215,19435.30078125,4.172999858856201,50.369998931884766,,,,598.89664,,,,,,68280.85694931049,,0,0.0,0.0825558609307774,-0.0217625808520471,1.9456624793125377,,434,0,,0
2023-09-04,,,82.6969985961914,249.5587158203125,,19528.80078125,,50.43999862670898,,,,598.89664,,,,,,,,0,0.0,,0.0176519200084657,,,435,0,,0
2023-09-05,90.04000091552734,1926.199951171875,82.7345962524414,241.40090942382807,23.558000564575195,19574.900390625,4.26800012588501,50.34999847412109,,,,598.89664,58921.94818940923,54310.66528762939,58921.94818940923,,,66423.56535883133,,0,0.0,,0.0454643540735766,,,436,0,,0
2023-09-06,90.5999984741211,1918.0999755859373,83.08609771728516,239.6101989746093,23.20599937438965,19611.05078125,4.289999961853027,50.310001373291016,,,,598.89664,,,,,,65709.05806570528,,0,0.0,-0.4205158234486306,0.4248542698767066,0.6219430840733953,,437,0,,0
2023-09-07,89.91999816894531,1917.5,83.25740051269531,241.1521911621093,22.950000762939453,19727.05078125,4.260000228881836,50.16999816894531,,,,598.89664,,,,,,65118.16514552753,,0,0.0,-0.0312796826846484,0.2061750402492679,-0.7505522258590469,,438,0,,0
2023-09-08,90.6500015258789,1918.4000244140625,83.24150085449219,245.2310943603516,22.89200019836425,19819.94921875,4.257999897003174,50.209999084472656,,,,593.90428,59042.8960928028,54422.14770293128,59042.8960928028,,,64941.19058361805,,0,0.0,0.0469373879563139,-0.0190969909043658,0.8118364899897257,,439,0,,0
2023-09-11,90.63999938964844,1923.300048828125,83.03130340576172,246.1762084960937,23.10300064086914,19996.349609375,4.288000106811523,50.15999984741211,,,,593.90428,59044.23179987751,54423.378876408846,59044.23179987751,,,65374.26949196211,,0,0.0,0.2554224536959637,-0.2525152076461201,-0.0110337959868811,,440,0,,0
2023-09-12,92.05999755859376,1911.300048828125,82.94329833984375,227.92068481445312,23.12700080871582,19993.19921875,4.263999938964844,50.02000045776367,,,,593.90428,58613.64788269662,54026.49283100733,58613.64788269662,,,65372.820147253886,,0,0.0,-0.6239276085554968,-0.1059902257440237,1.5666352366585423,,441,0,,0
2023-09-13,91.87999725341795,1909.0999755859373,82.84300231933594,222.1505279541016,22.91200065612793,20070.0,4.249000072479248,49.880001068115234,,,,593.90428,58475.3837224449,53899.04934416661,58475.3837224449,,,64686.767048917536,,0,0.0,-0.1151087315430343,-0.1209211865398351,-0.1955249945137294,,442,0,,0
2023-09-14,93.6999969482422,1910.0,82.93679809570312,225.8314819335937,22.74799919128418,20103.099609375,4.288000106811523,49.880001068115234,,,,593.90428,,,,,,64296.46145833361,,0,0.0,0.047143912082781,0.1132211215687517,1.980844306954444,,443,0,,0
2023-09-15,93.93000030517578,1923.699951171875,83.0282974243164,227.4729919433593,23.1259994506836,20192.349609375,4.322000026702881,50.119998931884766,,,,593.0370899999999,59054.37055514575,54432.72416387348,59054.37055514575,,,65436.97983389301,,0,0.0,0.7172749304646509,0.1103241633559237,0.2454678382333819,,444,0,,0
2023-09-18,94.43000030517578,1931.5,83.08580017089844,228.1693878173828,23.23200035095215,20133.30078125,4.318999767303467,50.43999862670898,,,,593.0370899999999,59334.884011318296,54691.28439304122,59334.884011318296,,,65782.44567502756,,0,0.0,0.4054711766964258,0.0692568056504416,0.5323112939162211,,445,0,,0
2023-09-19,94.33999633789062,1932.0,83.25489807128906,,23.194000244140625,,4.364999771118164,,,,,593.0370899999999,59471.03462143811,54816.77973802122,59471.03462143811,,,65808.50945272604,,0,0.0,0.0258866166191973,0.2035220218651101,-0.0953128952602799,,446,0,,0
2023-09-20,93.52999877929688,1945.5999755859373,83.19499969482422,218.0218811035156,23.57900047302246,19901.400390625,4.348999977111816,50.380001068115234,,,,593.0370899999999,,,,,,66852.74111874244,,0,0.0,0.7039324837441852,-0.0719457687805347,-0.8585940110625412,,447,0,,0
2023-09-21,93.3000030517578,1919.199951171875,83.08699798583984,212.00303649902344,23.444000244140625,19742.349609375,4.480000019073486,50.27000045776367,,,,593.0370899999999,,,,,,66383.68984612142,,0,0.0,-1.35690916659843,-0.129817548386979,-0.2459058382773937,,448,0,,0
2023-09-22,93.2699966430664,1925.4000244140625,82.89129638671875,214.5896453857422,23.59600067138672,19674.25,4.438000202178955,50.220001220703125,,,,590.70181,59009.03104142838,54390.9329599253,59009.03104142838,,,66656.7193500641,,0,0.0,0.3230550958695843,-0.2355381754849839,-0.0321612086923051,,449,0,,0
2023-09-25,93.29000091552734,1916.5999755859373,82.97480010986328,203.1488342285156,23.145000457763672,19674.55078125,4.541999816894531,50.220001220703125,,,,590.70181,58798.50333388005,54196.88133383727,58798.50333388005,,,65448.54738910967,,0,0.0,-0.4570504163571409,0.1007388311976109,0.0214477036355908,,450,0,,0
2023-09-26,93.95999908447266,1900.4000244140625,83.0282974243164,215.43527221679688,22.950000762939453,19664.69921875,4.558000087738037,50.02000045776367,,,,590.70181,,,,,,64938.976597091736,,0,0.0,-0.8452442543166794,0.0644741709317608,0.7181886186837794,,451,0,,0
2023-09-27,96.5500030517578,1871.5999755859373,83.29869842529297,223.0458984375,22.47699928283692,19716.44921875,4.625999927520752,49.70000076293945,,,,590.70181,,,,,,63807.70883831568,,0,0.0,-1.515472977169885,0.3256733058064176,2.756496373479811,,452,0,,0
2023-09-28,95.37999725341795,1860.4000244140625,83.22270202636719,223.0956420898437,22.51499938964844,19523.55078125,4.5970001220703125,49.369998931884766,,,,590.70181,57244.89025797947,52764.85536822456,57244.89025797947,,,63857.27106107878,,0,0.0,-0.5984158643926429,-0.0912335971178901,-1.2118133209303328,,453,0,,0
2023-09-29,95.30999755859376,1848.0999755859373,83.19300079345703,226.378646850586,22.23600006103516,19638.30078125,4.572999954223633,49.290000915527344,,,,586.90763,,,,,,63043.4627924275,,0,0.0,-0.6611507561121943,-0.0356888591537707,-0.0733903300901062,,454,0,,0
2023-10-02,90.70999908447266,1830.0,83.03479766845703,,21.218000411987305,,4.683000087738037,,57719.0,71603.0,pdf,586.90763,56182.33693740827,51785.45839448067,56182.33693740827,5933.541605519327,11.457930062760106,60042.83483874548,11560.165161254525,0,0.0,-0.979382924357164,-0.1901639843389868,-4.826354623808637,57600.0,455,0,,1
2023-10-03,90.91999816894533,1824.5999755859373,83.3593978881836,228.46783447265625,21.17799949645996,19528.75,4.802000045776367,48.83000183105469,56675.0,67037.0,pdf,586.90763,56235.532545978414,51834.490868467066,56235.532545978414,4840.509131532934,9.33839428232448,60163.91736271568,6873.082637284322,0,0.0,-0.2950833013148912,0.3909207089570321,0.2315059933768681,56927.0,456,0,5933.541605519327,0
2023-10-04,85.80999755859375,1818.5,83.22979736328125,225.23455810546875,20.95599937438965,19436.099609375,4.735000133514404,48.36000061035156,56653.0,67446.0,pdf,586.90763,55960.38853534039,51580.87986735724,55960.38853534039,5072.120132642762,9.83333387426885,59440.68662253537,8005.313377464627,0,0.0,-0.3343185173494634,-0.1554720021804678,-5.62032634542764,56721.0,457,0,4840.509131532934,0
2023-10-05,84.06999969482422,1816.5999755859373,83.44979858398438,233.19337463378903,20.847999572753903,19545.75,4.7170000076293945,48.25,56555.0,67204.0,pdf,586.90763,56049.68488461588,51663.18780668943,56049.68488461588,4891.812193310572,9.468661151174985,59290.66012309946,7913.339876900543,0,0.0,-0.1044830582382472,0.2643298766460633,-2.027733263343124,56608.0,458,0,5072.120132642762,0
2023-10-06,84.58000183105469,1830.199951171875,83.22489929199219,256.82110595703125,21.540000915527344,19653.5,4.783999919891357,48.380001068115234,56539.0,67095.0,pdf,584.7415,56317.11466991225,51909.68830444086,56317.11466991225,4629.31169555914,8.918010966294133,61093.58340253777,6001.41659746223,0,0.0,0.748649992772954,-0.2695024982784733,0.6066398692539332,56871.0,459,0,4891.812193310572,0
2023-10-09,88.1500015258789,1849.5,83.12460327148438,249.95664978027344,21.74099922180176,19512.349609375,4.796999931335449,48.880001068115234,57332.0,68493.0,pdf,584.7415,56842.4122086588,52393.87560102464,56842.4122086588,4938.124398975364,9.42500309879499,61589.359755017824,6903.640244982176,0,0.0,1.054532255656948,-0.1205120358943601,4.220855542135316,57572.0,460,0,4629.31169555914,0
2023-10-10,87.6500015258789,1861.0,83.27030181884766,260.7010498046875,21.775999069213867,19689.849609375,4.65500020980835,48.93000030517578,57479.0,68583.0,pdf,584.7415,57296.10379462337,52812.0608889572,57296.10379462337,4666.939111042804,8.836881258725208,61796.6356131756,6786.364386824404,0,0.0,0.621789672884554,0.1752772844971328,-0.5672149646568148,57629.0,461,0,4938.124398975364,0
2023-10-11,85.81999969482422,1872.800048828125,83.25029754638672,269.803955078125,21.957000732421875,19811.349609375,4.59499979019165,49.16999816894531,57860.0,69494.0,pdf,584.7415,57645.549699006006,53134.15885299684,57645.549699006006,4725.841147003157,8.894167610854375,62295.31901079857,7198.680989201428,0,0.0,0.634070329292058,-0.0240232976511323,-2.087851453732581,57940.0,462,0,4666.939111042804,0
2023-10-12,86.0,1869.300048828125,83.21800231933594,273.13671875,21.79199981689453,19794.0,4.711999893188477,49.38999938964844,58144.0,69699.0,pdf,584.7415,57515.49766706343,53014.28480616282,57515.49766706343,5129.715193837183,9.67609996549621,61803.20197995773,7895.798020042268,0,0.0,-0.1868859413043044,-0.0387929268754749,0.2097416753855219,57918.0,463,0,4725.841147003157,0
2023-10-13,90.88999938964844,1927.4000244140625,83.26239776611328,272.98748779296875,22.72699928283692,19751.05078125,4.629000186920166,49.4900016784668,58396.0,69731.0,pdf,585.8949399999999,59334.782133926135,54691.19048866236,59334.782133926135,3704.80951133764,6.774051685902975,64489.292895552026,5241.707104447974,0,0.0,3.108113950051017,0.053348368790429,5.686045801916784,59408.0,464,0,5129.715193837183,0
2023-10-16,89.6500015258789,1921.0999755859373,83.28230285644531,282.38885498046875,22.61000061035156,19731.75,4.711999893188477,50.25,59121.0,70879.0,pdf,585.8949399999999,59154.97435397829,54525.45462192783,59154.97435397829,4595.545378072173,8.4282568755035,64172.63952676241,6706.36047323759,0,0.0,-0.3268677362417427,0.0239064582165271,-1.3642841589794896,59408.0,465,0,3704.80951133764,0
2023-10-17,89.9000015258789,1922.699951171875,83.19950103759766,293.1830139160156,22.863000869750977,19811.5,4.8470001220703125,50.310001373291016,59283.0,70846.0,pdf,585.8949399999999,59145.37851685193,54516.60976335918,59145.37851685193,4766.390236640822,8.743005585509337,64826.19899562971,6019.801004370289,0,0.0,0.0832843478356437,-0.0994230658947881,0.2788622373060878,59218.0,466,0,4595.545378072173,0
2023-10-18,91.5,1955.300048828125,83.26429748535156,299.6495361328125,22.944000244140625,19671.099609375,4.90399980545044,50.77999877929688,59840.0,72197.0,pdf,585.8949399999999,60195.05447282767,55484.13716625856,60195.05447282767,4355.862833741441,7.850645348758099,65106.53224048838,7090.467759511623,0,0.0,1.6955374465152715,0.0778808129205277,1.779753556133712,59218.0,467,0,4766.390236640822,0
2023-10-19,92.37999725341795,1968.4000244140625,83.26860046386719,302.7335510253906,22.886999130249023,19624.69921875,4.98799991607666,50.90999984741211,59940.0,71324.0,pdf,585.8949399999999,60601.47651032878,55858.75226169436,60601.47651032878,4081.24773830564,7.3063711111649585,64948.14054936572,6375.859450634278,0,0.0,0.6699726517057414,0.0051678554261247,0.96174563215079,60318.0,468,0,4355.862833741441,0
2023-10-20,92.16000366210938,1982.5,83.12229919433594,298.55517578125,23.35099983215332,19542.650390625,4.923999786376953,51.59000015258789,60693.0,71991.0,pdf,583.53213,60928.336642399285,56160.03203560282,60928.336642399285,4532.967964397176,8.071519548855468,66148.44381523767,5842.556184762332,0,0.0,0.7163165723966358,-0.1756980046695222,-0.2381398547838253,60725.0,469,0,4081.24773830564,0
2023-10-23,89.83000183105469,1976.300048828125,83.15979766845703,285.870849609375,23.07200050354004,19281.75,4.8379998207092285,51.540000915527344,,,,583.53213,60765.19331316892,56009.65644518178,60765.19331316892,,,65387.58233966544,,0,0.0,-0.3127339809268603,0.0451124120537382,-2.52821369191486,,470,0,4532.967964397176,0
2023-10-24,88.06999969482422,1975.0,83.02940368652344,,22.979999542236328,,4.840000152587891,,60698.0,72094.0,pdf,583.53213,60630.00405839097,55885.04721903864,60630.00405839097,4812.952780961357,8.612237119702575,65024.72706386649,7069.272936133508,0,0.0,-0.0657819559785943,-0.1567993015729185,-1.9592587112939648,60599.0,471,0,,0
2023-10-25,90.12999725341795,1984.0999755859373,82.98780059814453,292.23785400390625,22.87700080871582,19122.150390625,4.953000068664551,51.40999984741211,60564.0,71004.0,pdf,583.53213,60878.84228842915,56114.411152812965,60878.84228842915,4449.588847187035,7.929493967369167,64700.8439655067,6303.156034493302,0,0.0,0.4607582575158142,-0.0501064520901262,2.339045720145294,60537.0,472,0,4812.952780961357,0
2023-10-26,87.93000030517578,1987.199951171875,83.1709976196289,284.42828369140625,22.78700065612793,18857.25,4.84499979019165,51.83000183105469,60984.0,71560.0,pdf,583.53213,61108.56102044434,56326.15189710523,61108.56102044434,4657.848102894772,8.269423608776926,64588.57144594841,6971.428554051592,0,0.0,0.1562408963299288,0.2207517492498478,-2.4409153614600387,60952.0,473,0,4449.588847187035,0
2023-10-27,90.4800033569336,1988.5999755859373,83.28250122070312,285.9703063964844,22.770000457763672,19047.25,4.84499979019165,51.63999938964844,60825.0,70906.0,pdf,586.11068,61233.596501474094,56441.40199266308,61233.596501474094,4383.598007336921,7.766635577030409,64626.91164577171,6279.08835422829,0,0.0,0.0704521159653248,0.1340654846827327,2.900037578650738,60952.0,474,0,4657.848102894772,0
2023-10-30,87.44999694824219,1996.199951171875,83.41339874267578,289.7507629394531,23.28199958801269,19140.900390625,4.875,52.02000045776367,61238.0,71931.0,pdf,586.11068,61564.22777880012,56746.15777872012,61564.22777880012,4491.842221279883,7.915676403670681,66183.9522263224,5747.047773677594,0,0.0,0.3821771939677365,0.1571728995335641,-3.3488133247943974,61280.0,475,0,4383.598007336921,0
2023-10-31,87.41000366210938,1985.199951171875,83.29650115966797,287.2138977050781,22.840999603271484,19079.599609375,4.875,52.060001373291016,61370.0,72165.0,pdf,586.11068,61139.17775819603,56354.372542337216,61139.17775819603,5015.627457662784,8.900156689518111,64839.32261444504,7325.677385554962,0,0.0,-0.5510470027585423,-0.1401424528551298,-0.0457327473167179,60940.0,476,0,4491.842221279883,0
2023-11-01,84.62999725341797,1978.800048828125,83.2771987915039,295.8193664550781,22.684999465942383,18989.150390625,4.789000034332275,51.7599983215332,61012.0,70984.0,pdf,586.11068,60927.95466430852,56159.6799514496,60927.95466430852,4852.320048550399,8.64022026611487,64381.55843287959,6602.441567120412,0,0.0,-0.3223807425530189,-0.0231730839775123,-3.1804213387723324,60785.0,477,0,5015.627457662784,0
2023-11-02,86.8499984741211,1985.5999755859373,85.19400024414062,296.6152038574219,22.7509994506836,19133.25,4.669000148773193,51.84999847412109,61092.0,71684.0,pdf,586.11068,62544.53213482696,57649.74266340573,62544.53213482696,3442.2573365942662,5.9709847391553135,66055.06042475413,5628.939575245866,0,0.0,0.3436389018607322,2.301712209887974,2.623184795877398,60890.0,478,0,4852.320048550399,0
2023-11-03,84.88999938964844,1991.5,83.24729919433594,303.0817565917969,23.201000213623047,19230.599609375,4.558000087738037,51.79999923706055,61075.0,70771.0,pdf,590.78252,61296.97487335766,56499.82031805142,61296.97487335766,4575.179681948583,8.097688906254511,65822.36220280064,4948.637797199364,0,0.0,0.2971406369161267,-2.2850212975397577,-2.25676352205888,61025.0,479,0,3442.2573365942662,0
2023-11-06,85.18000030517578,1981.5999755859373,83.15850067138672,319.7455139160156,23.14900016784668,19411.75,4.662000179290772,51.75,61053.0,72037.0,pdf,590.78252,60927.19961908162,56158.98399671872,60927.19961908162,4894.0160032812855,8.714573617584028,65604.78128698692,6432.218713013077,0,0.0,-0.4971139550119297,-0.1066683529779455,0.3416196461449194,60770.0,480,0,4575.179681948583,0
2023-11-07,81.61000061035156,1966.800048828125,83.2228012084961,335.21551513671875,22.507999420166016,19406.69921875,4.571000099182129,51.36000061035156,60579.0,70705.0,pdf,590.78252,60518.91295274036,55782.65019991721,60518.91295274036,4796.349800082789,8.598282410199843,63837.493755562784,6867.506244437216,0,0.0,-0.7468675282677251,0.0773228672838577,-4.191124303867011,60347.0,481,0,4894.0160032812855,0
2023-11-08,79.54000091552734,1951.5,83.23269653320312,346.109130859375,22.64699935913086,19443.5,4.5229997634887695,51.400001525878906,60540.0,70209.0,pdf,590.78252,60055.2665703949,55355.28918662488,60055.2665703949,5184.710813375124,9.366242846090795,64239.36452646664,5969.635473533359,0,0.0,-0.7779158251110085,0.0118901605850041,-2.5364534730338617,60009.0,482,0,4796.349800082789,0
2023-11-09,80.01000213623047,1964.199951171875,83.21769714355469,334.369873046875,22.83099937438965,19395.30078125,4.630000114440918,50.93999862670898,60097.0,70300.0,pdf,590.78252,60435.2005934724,55705.48924267892,60435.2005934724,4391.510757321084,7.883443475722167,64749.61926818535,5550.38073181465,0,0.0,0.650778948084807,-0.0180210305242844,0.5908991894559845,60282.0,483,0,5184.710813375124,0
2023-11-10,81.43000030517578,1932.5999755859373,83.31939697265625,336.75750732421875,22.21500015258789,19425.349609375,4.627999782562256,51.310001373291016,60240.0,70416.0,pdf,590.32085,59535.59060506666,54876.283514235365,59535.59060506666,5363.716485764635,9.774197781402677,63079.61616695083,7336.383833049171,0,0.0,-1.6087962718400628,0.1222093768421972,1.7747758168129124,59752.0,484,0,4391.510757321084,0
2023-11-13,82.5199966430664,1945.5,83.29889678955078,335.4642028808594,22.29899978637696,19443.55078125,4.631999969482422,50.93000030517578,,,,590.32085,59918.24208197846,55228.98835382363,59918.24208197846,,,63302.55458770127,,0,0.0,0.6674958386125196,-0.024604334465117,1.3385685052261342,,485,0,5363.716485764635,0
2023-11-14,82.47000122070312,1961.800048828125,83.19760131835938,,23.07900047302246,,4.440999984741211,,60071.0,69951.0,pdf,590.32085,60346.78318454559,55623.99145705941,60346.78318454559,4447.008542940588,7.994767053661707,65437.15430712283,4513.84569287717,0,0.0,0.8378334015998412,-0.1216048172250405,-0.0605858269475345,60065.0,486,0,,0
2023-11-15,81.18000030517578,1960.0999755859373,82.98159790039062,328.102294921875,23.48500061035156,19675.44921875,4.534999847412109,51.459999084472656,60618.0,72220.0,pdf,590.32085,60137.94660454078,55431.49860940281,60137.94660454078,5186.501390597186,9.356596016181678,66415.42752355647,5804.572476443529,0,0.0,-0.0866588439124127,-0.2596269778766813,-1.5642062524954925,60111.0,487,0,4447.008542940588,0
2023-11-16,77.41999816894531,1983.9000244140625,83.18620300292969,311.8861999511719,23.89200019836425,19765.19921875,4.445000171661377,51.38999938964844,60505.0,72855.0,pdf,590.32085,61018.23804192105,56242.89767342289,61018.23804192105,4262.102326577107,7.578027631729095,67733.01607105295,5121.983928947055,0,0.0,1.2142262703212614,0.2465668385714492,-4.631685294525356,60722.0,488,0,5186.501390597186,0
2023-11-17,80.61000061035156,1981.5999755859373,83.12030029296875,315.4676818847656,23.80900001525879,19731.80078125,4.440999984741211,51.86000061035156,61170.0,73747.0,pdf,595.39739,60899.2115954568,56133.18634016019,60899.2115954568,5036.813659839812,8.972969446839063,67444.23954861106,6302.760451388938,0,0.0,-0.1159357225576029,-0.079223125448602,4.120385581054986,60713.0,489,0,4262.102326577107,0
2023-11-20,82.31999969482422,1977.699951171875,83.29149627685547,312.18463134765625,23.57900047302246,19694.0,4.421999931335449,51.65999984741211,60888.0,72561.0,pdf,595.39739,60904.536897048536,56138.09487901866,60904.536897048536,4749.905120981341,8.461108506118178,66930.28257004412,5630.717429955883,0,0.0,-0.1968118925167683,0.2059617004309677,2.12132374584435,60657.0,490,0,5036.813659839812,0
2023-11-21,82.44999694824219,1999.300048828125,83.32219696044922,331.4848022460937,23.843000411987305,19783.400390625,4.418000221252441,51.880001068115234,61250.0,72729.0,pdf,595.39739,61592.41992676601,56772.143584671285,61592.41992676601,4477.856415328715,7.887418252316538,67704.6071034777,5024.392896522302,0,0.0,1.092182747107362,0.0368593253406102,0.157916975097061,61225.0,491,0,4749.905120981341,0
2023-11-22,81.95999908447266,1991.4000244140625,83.345703125,331.43505859375,23.67200088500977,19811.849609375,4.415999889373779,52.16999816894531,61616.0,73465.0,pdf,595.39739,61366.3512220882,56563.76721340304,61366.3512220882,5052.232786596956,8.931924154796759,67237.99995579169,6227.000044208311,0,0.0,-0.3951395098846233,0.0282111675019125,-0.5942970065567432,61024.0,492,0,4477.856415328715,0
2023-11-23,81.37000274658203,,83.54830169677734,327.2069396972656,,19802.0,,52.02000045776367,61394.0,73065.0,pdf,595.39739,,,,,,,,0,0.0,,0.2430822036182167,-0.7198588878491119,61072.0,493,0,5052.232786596956,0
2023-11-24,80.58000183105469,2002.199951171875,83.34400177001953,327.5054016113281,24.32900047302246,19794.69921875,4.4720001220703125,52.150001525878906,,,,597.935,61697.89885883005,56869.36764379119,61697.89885883005,,,69102.73229686606,,0,0.0,,-0.244529119812964,-0.970874878777772,,494,0,,0
2023-11-27,79.9800033569336,2011.800048828125,83.31449890136719,,24.67200088500977,,4.388999938964844,,61437.0,73046.0,pdf,597.935,61971.78127912951,57121.81578771938,61971.78127912951,4315.184212280619,7.55435406380821,70052.16499964302,2993.835000356979,0,0.0,0.4794774693022585,-0.0353989105703833,-0.7445997275838501,61937.0,495,0,,0
2023-11-28,81.68000030517578,2039.699951171875,83.364501953125,325.5653991699219,24.93000030517578,19889.69921875,4.335999965667725,52.29999923706055,61913.0,74889.0,pdf,597.935,62868.92348055532,57948.74686033795,62868.92348055532,3964.253139662047,6.840964394305675,70827.19573939161,4061.804260608391,0,0.0,1.3868128872947194,0.0600172267938736,2.125527477981537,62722.0,496,0,4315.184212280619,0
2023-11-29,83.0999984741211,2047.0999755859373,83.41809844970703,319.9942626953125,25.07200050354004,20096.599609375,4.270999908447266,53.04999923706055,62629.0,75700.0,pdf,597.935,63137.57789148928,58196.37614345969,63137.57789148928,4432.623856540311,7.616666449494149,71276.41978283896,4423.580217161041,0,0.0,0.362799656381374,0.0642917492773786,1.7384894265914053,62808.0,497,0,3964.253139662047,0
2023-11-30,82.83000183105469,2038.0999755859373,83.3302993774414,323.426513671875,25.292999267578125,20133.150390625,4.352000236511231,53.150001525878906,62607.0,75934.0,pdf,597.935,62793.83455101259,57879.53445571596,62793.83455101259,4727.465544284038,8.167767050547123,71829.00937797781,4104.990622022189,0,0.0,-0.4396463341964529,-0.1052518265188706,-0.3249057136270439,62640.0,498,0,4432.623856540311,0
2023-12-01,78.87999725341797,2071.0,83.35269927978516,333.12628173828125,25.499000549316406,20267.900390625,4.22599983215332,53.290000915527344,62728.0,76400.0,pdf,604.0423000000001,63824.63588975526,58829.664385339645,63824.63588975526,3898.3356146603546,6.626479439226276,72433.49321476945,3966.506785230551,0,0.0,1.6142497820600843,0.0268808614766857,-4.7688089947087065,63357.0,499,0,4727.465544284038,0
2023-12-04,78.02999877929688,2024.0999755859373,83.21859741210938,334.369873046875,24.55500030517578,20686.80078125,4.288000106811523,53.720001220703125,63281.0,76430.0,pdf,604.0423000000001,62278.89952534877,57404.898692930175,62278.89952534877,5876.1013070698245,10.236236699070265,69639.70761945393,6790.292380546074,0,0.0,-2.2646076491580125,-0.1608848529615736,-1.077584309987112,62369.0,500,0,3898.3356146603546,0
2023-12-05,77.19999694824219,2018.5,83.41709899902344,335.4144592285156,24.201000213623047,20855.099609375,4.171000003814697,52.93999862670898,62287.0,74383.0,pdf,604.0423000000001,62254.738688237056,57382.62870394025,62254.738688237056,4904.371296059748,8.546787428236069,68799.45551262371,5583.54448737629,0,0.0,-0.2766649697881873,0.238530320249275,-1.0636958144806583,62185.0,501,0,5876.1013070698245,0
2023-12-06,74.30000305175781,2030.5,83.31590270996094,326.1623229980469,23.888999938964844,20937.69921875,4.120999813079834,52.83000183105469,62144.0,74268.0,pdf,604.0423000000001,62548.87119470865,57653.74214468798,62548.87119470865,4490.257855312018,7.78831987010185,67830.10305715566,6437.896942844338,0,0.0,0.5945008669804297,-0.1213136038975437,-3.756468926324752,62440.0,502,0,4904.371296059748,0
2023-12-07,74.05000305175781,2029.9000244140625,83.28959655761719,320.24298095703125,23.73200035095215,20901.150390625,4.129000186920166,53.02999877929688,62462.0,73888.0,pdf,604.0423000000001,62510.6458111165,57618.508312855214,62510.6458111165,4843.491687144786,8.40613863317277,67363.04463549748,6524.955364502515,0,0.0,-0.0295481697088151,-0.0315739870638265,-0.3364737412269614,62466.0,503,0,4490.257855312018,0
2023-12-08,75.83999633789062,1998.300048828125,83.35489654541016,321.9342346191406,22.97100067138672,20969.400390625,4.244999885559082,52.93999862670898,62415.0,73711.0,pdf,606.85879,61585.77263403472,56766.016514849405,61585.77263403472,5648.983485150595,9.951347358807322,65254.07454397307,8456.925456026933,0,0.0,-1.5567257109156851,0.0784011335050571,2.417276451537332,61719.0,504,0,4843.491687144786,0
2023-12-11,76.02999877929688,1978.0,83.43009948730469,316.6117553710937,22.77300071716309,20997.099609375,4.238999843597412,52.02000045776367,61452.0,71402.0,pdf,606.85879,61015.14212348191,56240.0440442529,61015.14212348191,5211.9559557471,9.267339747540086,64749.97792482582,6652.02207517418,0,0.0,-1.0158659026220709,0.0902201850296435,0.2505306574116073,61106.0,505,0,5648.983485150595,0
2023-12-12,73.23999786376953,1977.800048828125,83.34349822998047,313.3287658691406,22.72800064086914,20906.400390625,4.205999851226807,51.84999847412109,61277.0,71575.0,pdf,606.85879,60945.6463417546,56175.98706283468,60945.6463417546,5101.012937165324,9.08041532311604,64554.95188818842,7020.048111811579,0,0.0,-0.0101087548976197,-0.103800975734658,-3.6696053667267248,61117.0,506,0,5211.9559557471,0
2023-12-13,74.26000213623047,1982.300048828125,83.39600372314453,318.0543212890625,22.638999938964844,20926.349609375,4.0329999923706055,51.83000183105469,61201.0,70898.0,pdf,606.85879,61122.79569512398,56339.27255376647,61122.79569512398,4861.727446233534,8.629375612888545,64342.67045798935,6555.329542010652,0,0.0,0.2275255278038068,0.0629989072683079,1.392687468885789,61199.0,507,0,5101.012937165324,0
2023-12-14,76.61000061035156,2030.199951171875,83.2853012084961,322.5311279296875,24.09600067138672,21182.69921875,3.930000066757202,52.79999923706055,62396.0,73993.0,pdf,606.85879,62516.65780823612,57624.04980585242,62516.65780823612,4771.950194147576,8.28117810224252,68392.72860825183,5600.271391748174,0,0.0,2.416380021383091,-0.1327431887695018,3.1645548162118287,62454.0,508,0,4861.727446233534,0
2023-12-15,76.55000305175781,2021.0999755859373,83.29660034179688,314.57232666015625,23.8700008392334,21456.650390625,3.927999973297119,52.810001373291016,62367.0,74273.0,pdf,615.97057,62244.882554946176,57373.54392021127,62244.882554946176,4993.456079788732,8.703412302250447,67760.4551020888,6512.544897911197,0,0.0,-0.4482305095458549,0.0135667796559824,-0.078315569920051,62192.0,509,0,4771.950194147576,0
2023-12-18,77.94999694824219,2026.300048828125,83.04170227050781,315.1194763183594,23.83099937438965,21418.650390625,3.953999996185303,52.4900016784668,61902.0,73588.0,pdf,615.97057,62214.06470986407,57345.13790648341,62214.06470986407,4556.862093516589,7.946379169839599,67442.72381397999,6145.276186020012,0,0.0,0.2572892635199775,-0.3060125746346398,1.8288619734447176,62291.0,510,0,4993.456079788732,0
2023-12-19,79.2300033569336,2038.4000244140625,83.11119842529297,313.77642822265625,24.040000915527344,21453.099609375,3.921999931335449,52.59000015258789,62084.0,73652.0,pdf,615.97057,62637.950466693146,57735.849995386736,62637.950466693146,4348.150004613264,7.531109362658893,68091.14355004083,5560.856449959174,0,0.0,0.5971462909915681,0.0836882588928222,1.6420865411211238,62217.0,511,0,4556.862093516589,0
2023-12-20,79.69999694824219,2034.5,83.09159851074219,320.5911560058594,24.347000122070312,21150.150390625,3.877000093460083,52.83000183105469,62302.0,73742.0,pdf,615.97057,62503.36320530509,57611.79565010731,62503.36320530509,4690.204349892687,8.141048715748457,68944.4283964538,4797.571603546196,0,0.0,-0.1913277260278456,-0.0235827601119176,0.5932015289602521,62533.0,512,0,4348.150004613264,0
2023-12-21,79.38999938964844,2039.0999755859373,83.26719665527344,325.51568603515625,24.30699920654297,21255.05078125,3.8940000534057617,52.86000061035156,62335.0,74550.0,pdf,615.97057,62777.06993325805,57864.08185152481,62777.06993325805,4470.91814847519,7.726586174731421,68976.61755148572,5573.382448514283,0,0.0,0.2260985788123726,0.2113308056151508,-0.3889555463785887,62503.0,513,0,4690.204349892687,0
2023-12-22,79.06999969482422,2057.10009765625,83.13159942626953,331.98223876953125,24.290000915527344,21349.400390625,3.901000022888184,53.18999862670898,,,,620.4413000000001,63228.1011760137,58279.81499702133,63228.1011760137,,,68816.13399597279,,0,0.0,0.8827483833959704,-0.1628459158596107,-0.40307305363948,,514,0,4470.91814847519,0
2023-12-25,,,83.16500091552734,,,,,,62844.0,74918.0,pdf,620.4413000000001,,,,,,,,0,0.0,,0.0401790528371082,,62954.0,515,0,,0
2023-12-26,81.06999969482422,2058.199951171875,83.17230224609375,341.53277587890625,24.143999099731445,21441.349609375,3.885999917984009,53.459999084472656,63057.0,74750.0,pdf,620.4413000000001,63292.88108573857,58339.52517468078,63292.88108573857,4717.474825319223,8.086241379569191,68435.98662483052,6314.013375169481,0,0.0,,0.0087793308315209,,63025.0,516,0,,0
2023-12-27,79.6500015258789,2081.89990234375,83.18280029296875,350.3372497558594,24.375,21654.75,3.7890000343322754,53.630001068115234,63223.0,74064.0,pdf,620.4413000000001,64029.77265503978,59018.7469689932,64029.77265503978,4204.253031006803,7.1235891084160095,69099.4776333718,4964.522366628196,0,0.0,1.151489249544535,0.0126220467529414,-1.75157046292177,63678.0,517,0,4717.474825319223,0
2023-12-28,78.38999938964844,2073.89990234375,83.26719665527344,343.6717529296875,24.13400077819824,21778.69921875,3.849999904632568,53.84000015258789,,,,620.4413000000001,63848.44331460473,58851.60862041828,63848.44331460473,,,68485.69531433313,,0,0.0,-0.3842643919140354,0.1014589097835694,-1.5819235556713496,,518,0,4204.253031006803,0
2023-12-29,77.04000091552734,2062.39990234375,82.302001953125,352.2772216796875,23.85300064086914,21731.400390625,3.865999937057495,53.65999984741211,63246.0,73395.0,pdf,623.20044,62758.39918640768,57846.8722935584,62758.39918640768,5399.127706441606,9.333482507130867,66903.6824682967,6491.317531703302,0,0.0,-0.5545108511265995,-1.1591535933944686,-1.722156505462813,63389.0,519,0,,0
2024-01-01,,,83.24859619140625,360.43499755859375,,21741.900390625,,53.7400016784668,63352.0,73705.0,pdf,623.20044,,,,,,,,0,0.0,,1.150147281739744,,63320.0,520,0,5399.127706441606,0
2024-01-02,75.88999938964844,2064.39990234375,83.20259857177734,360.83294677734375,23.732999801635746,21665.80078125,3.946000099182129,54.0099983215332,63602.0,74133.0,pdf,623.20044,63506.663822808325,58536.57708884942,63506.663822808325,5065.422911150577,8.653432030134002,67295.51628349042,6837.483716509581,0,0.0,,-0.0552533276635069,,63257.0,521,0,,0
2024-01-03,78.25,2034.199951171875,83.25700378417969,357.7489013671875,22.94599914550781,21517.349609375,3.9070000648498535,53.52999877929688,63013.0,72691.0,pdf,623.20044,62618.54839081426,57717.96634283751,62618.54839081426,5295.033657162494,9.173978212798865,65106.500745918864,7584.499254081136,0,0.0,-1.462892491788459,0.06538883801257,3.1097649615654976,62507.0,522,0,5065.422911150577,0
2024-01-04,77.58999633789062,2042.300048828125,83.31809997558594,361.9272766113281,22.98900032043457,21658.599609375,3.990999937057495,53.290000915527344,62774.0,71779.0,pdf,623.20044,62914.02690876159,57990.32045503243,62914.02690876159,4783.67954496757,8.249100035025656,65276.37779217609,6502.622207823908,0,0.0,0.3981957452896312,0.0733826448578778,-0.84345515924521,62640.0,523,0,5295.033657162494,0
2024-01-05,78.76000213623047,2042.4000244140625,83.2406005859375,355.9084167480469,23.121999740600582,21710.80078125,4.041999816894531,53.13999938964844,62540.0,71550.0,pdf,617.30287,62858.58355789669,57939.21614901783,62858.58355789669,4600.783850982174,7.940707791332738,65592.95557943037,5957.044420569626,0,0.0,0.0048952447508909,-0.0930162709797066,1.507933823381924,62557.0,524,0,4783.67954496757,0
2024-01-08,76.12000274658203,2026.5999755859373,83.19110107421875,370.4332580566406,23.1200008392334,21513.0,4.001999855041504,52.84999847412109,62192.0,71386.0,pdf,617.30287,62335.21819630454,57456.80981572419,62335.21819630454,4735.190184275809,8.241303684389262,65548.28319166167,5837.716808338329,0,0.0,-0.7736020681187505,-0.0594655869495364,-3.351954441395333,62095.0,525,0,4600.783850982174,0
2024-01-09,77.58999633789062,2026.4000244140625,83.05069732666016,380.33203125,22.90399932861328,21544.849609375,4.019000053405762,53.02000045776367,62415.0,71840.0,pdf,617.30287,62223.8736328392,57354.179174617006,62223.8736328392,5060.820825382994,8.823804818085062,64826.29616471878,7013.703835281223,0,0.0,-0.0098663364395457,-0.1687725558931263,1.931152835349304,62179.0,526,0,4735.190184275809,0
2024-01-10,76.80000305175781,2021.699951171875,83.131103515625,378.193115234375,22.88400077819824,21618.69921875,4.03000020980835,52.91999816894531,62348.0,71447.0,pdf,617.30287,62139.65312783565,57276.54983957026,62139.65312783565,5071.45016042974,8.854322012472304,64832.40059146668,6614.599408533322,0,0.0,-0.2319420245539438,0.0968157902980548,-1.018163839952424,61996.0,527,0,5060.820825382994,0
2024-01-11,77.41000366210938,2014.300048828125,83.02559661865234,388.6888122558594,22.53700065612793,21647.19921875,3.9769999980926514,52.84000015258789,62262.0,71532.0,pdf,617.30287,61833.63056291927,56994.476866690806,61833.63056291927,5267.523133309194,9.242164193610986,63768.28334425963,7763.716655740369,0,0.0,-0.3660237682382439,-0.1269162714203853,0.7942715965004066,61788.0,528,0,5071.45016042974,0
2024-01-12,78.29000091552734,2046.699951171875,83.07610321044922,387.3955078125,23.16200065612793,21894.55078125,3.950000047683716,52.9900016784668,62515.0,71530.0,pdf,618.93712,62866.44102497547,57946.45868389044,62866.44102497547,4568.541316109557,7.88407336681585,65576.58406588052,5953.415934119475,0,0.0,1.6084943433625654,0.0608325550840227,1.1368004286101296,62362.0,529,0,5267.523133309194,0
2024-01-15,,,82.87210083007812,387.3955078125,,22097.44921875,,53.25,62707.0,72140.0,pdf,618.93712,,,,,,,,0,0.0,,-0.2455608441988555,,62559.0,530,0,4568.541316109557,0
2024-01-16,78.29000091552734,2026.0,82.8593978881836,366.0061645507813,22.933000564575195,22032.30078125,4.065999984741211,53.04999923706055,62608.0,71666.0,pdf,618.93712,62068.29171626311,57210.77323412078,62068.29171626311,5397.226765879219,9.433934311274587,64758.8694411587,6907.1305588413015,0,0.0,,-0.0153283695807027,,62015.0,531,0,,0
2024-01-17,77.87999725341797,2002.5999755859373,83.08899688720703,360.2857666015625,22.516000747680664,21571.94921875,4.105999946594238,52.66999816894531,62277.0,71191.0,pdf,618.93712,61521.41289837091,56706.69362806363,61521.41289837091,5570.306371936371,9.823013855245613,63757.51381672715,7433.486183272849,0,0.0,-1.1549863975351626,0.2770946988213341,-0.5236986298566504,61505.0,532,0,5397.226765879219,0
2024-01-18,79.0999984741211,2018.5999755859373,83.17759704589844,360.0867919921875,22.66699981689453,21462.25,4.144000053405762,52.4900016784668,61970.0,70898.0,pdf,618.93712,62079.07138137818,57220.70927327033,62079.07138137818,4749.290726729669,8.299950816842143,64253.53325605328,6644.466743946716,0,0.0,0.7989613599849621,0.1066328419052631,1.5665142061231707,61769.0,533,0,5570.306371936371,0
2024-01-19,78.55999755859375,2026.5,83.16059875488281,362.72314453125,22.57099914550781,21622.400390625,4.145999908447266,52.84000015258789,,,,616.14256,62309.28878849182,57432.9096659142,62309.28878849182,,,63968.3274114669,,0,0.0,0.3913615629451028,-0.0204361410034992,-0.6826813223062334,,534,0,4749.290726729669,0
2024-01-22,80.05999755859375,2019.800048828125,83.12470245361328,,22.163000106811523,,4.093999862670898,,62390.0,71228.0,pdf,616.14256,62076.476854960434,57218.31779674615,62076.476854960434,5171.682203253855,9.038507950591926,62784.907059321085,8443.092940678915,0,0.0,-0.3306168848692281,-0.0431650346522149,1.9093686947752708,61868.0,535,0,,0
2024-01-23,79.55000305175781,2023.699951171875,83.09510040283203,350.3372497558594,22.333999633789062,21238.80078125,4.142000198364258,52.86000061035156,62355.0,70311.0,pdf,616.14256,62174.18722073342,57308.3812643282,62174.18722073342,5046.6187356718,8.806074476951045,63246.795328001885,7064.204671998115,0,0.0,0.1930835849822232,-0.0356116171336351,-0.6370153914415089,61968.0,536,0,5171.682203253855,0
2024-01-24,80.04000091552734,2013.9000244140625,83.22139739990234,359.6390991210937,22.7549991607666,21453.94921875,4.177999973297119,52.90999984741211,62591.0,71072.0,pdf,616.14256,61967.14530318166,57117.54262728049,61967.14530318166,5473.457372719509,9.582795619266149,64536.94914309186,6535.050856908136,0,0.0,-0.4842578936733011,0.1519909073556036,0.6159620929878873,61985.0,537,0,5046.6187356718,0
2024-01-25,82.43000030517578,2016.9000244140625,83.09760284423828,353.1228332519531,22.808000564575195,21352.599609375,4.131999969482422,52.720001220703125,,,,616.14256,61967.138999176415,57117.536816632186,61967.138999176415,,,64591.04547531326,,0,0.0,0.1489646935613375,-0.1487532768395971,2.9860061997885268,,538,0,5473.457372719509,0
2024-01-26,83.55000305175781,2016.800048828125,83.14610290527344,,22.7549991607666,,4.159999847412109,,62312.0,71299.0,pdf,616.73316,62000.23279023497,57148.04065882529,62000.23279023497,5163.959341174712,9.036109167772928,64478.55938850423,6820.440611495775,0,0.0,-0.0049568934864074,0.0583651746562052,1.35873194520868,62106.0,539,0,,0
2024-01-29,82.4000015258789,2025.199951171875,83.12129974365234,353.1228332519531,23.13800048828125,21737.599609375,4.091000080108643,52.970001220703125,62515.0,71371.0,pdf,616.73316,62239.88940457364,57368.941538128754,62239.88940457364,5146.0584618712455,8.970112266148494,65544.27361867674,5826.726381323257,0,0.0,0.4164965361157513,-0.0298308167844596,-1.376423080638911,62367.0,540,0,5163.959341174712,0
2024-01-30,82.87000274658203,2031.5,83.1530990600586,365.50872802734375,23.10700035095215,21522.099609375,4.059000015258789,53.130001068115234,62610.0,71742.0,pdf,616.73316,62457.391885667326,57569.42208591946,62457.391885667326,5040.577914080539,8.75565140563289,65481.49920469864,6260.500795301356,0,0.0,0.3110828056498649,0.0382565196938911,0.5703898203879509,62460.0,541,0,5146.0584618712455,0
2024-01-31,81.70999908447266,2048.39990234375,83.10970306396484,348.3973083496094,23.051000595092773,21725.69921875,3.9670000076293945,53.34999847412109,62685.0,71668.0,pdf,616.73316,62944.10397095188,58018.04366018174,62944.10397095188,4666.956339818258,8.043973987046426,65288.71424992569,6379.285750074312,0,0.0,0.8318928055008667,-0.0521880682551656,-1.3997871650332727,62735.0,542,0,5040.577914080539,0
2024-02-01,78.69999694824219,2053.0,83.05359649658203,332.3304138183594,23.1299991607666,21697.44921875,3.86299991607666,53.459999084472656,62599.0,70834.0,pdf,616.73316,63042.86933901501,58109.07956465732,63042.86933901501,4489.920435342683,7.7267106431221295,65468.2397254478,5365.760274552202,0,0.0,0.2245702926946258,-0.0675090456521476,-3.683762293423476,62965.0,543,0,4666.956339818258,0
2024-02-02,77.33000183105469,2036.0999755859373,82.92759704589844,346.109130859375,22.701000213623047,21853.80078125,4.0329999923706055,53.58000183105469,63142.0,71864.0,pdf,622.46942,62429.05463006974,57543.30252858603,62429.05463006974,5598.697471413972,9.729537974697724,64156.502070488445,7707.497929511555,0,0.0,-0.8231867712646168,-0.1517086026356251,-1.74078166494529,62562.0,544,0,4489.920435342683,0
2024-02-05,77.98999786376953,2025.699951171875,82.99929809570312,338.1005554199219,22.334999084472656,21771.69921875,4.164000034332275,52.97999954223633,62512.0,70417.0,pdf,622.46942,62163.88033974651,57298.88100880983,62163.88033974651,5213.118991190167,9.098116576462704,63176.703644225454,7240.296355774546,0,0.0,-0.5107816187203462,0.0864622301367301,0.8534799134710447,62316.0,545,0,5598.697471413972,0
2024-02-06,78.58999633789062,2034.5,83.10369873046875,328.30126953125,22.39299964904785,21929.400390625,4.090000152587891,52.93999862670898,62479.0,69984.0,pdf,622.46942,62512.4652618546,57620.18537179642,62512.4652618546,4858.814628203581,8.43248697804753,63420.4370021484,6563.562997851601,0,0.0,0.4344201530455782,0.125784961030928,0.7693274657721627,62574.0,546,0,5213.118991190167,0
2024-02-07,79.20999908447266,2035.199951171875,83.07060241699219,335.51397705078125,22.277999877929688,21930.5,4.110000133514404,53.209999084472656,62646.0,69866.0,pdf,622.46942,62509.067751318296,57617.053753389046,62509.067751318296,5028.946246610954,8.728225271871267,63069.61218948399,6796.387810516011,0,0.0,0.0344040880744689,-0.03982531942881,0.788907972353603,62524.0,547,0,4858.814628203581,0
2024-02-08,81.62999725341797,2032.199951171875,83.01260375976562,350.2377624511719,22.565000534057617,21717.94921875,4.170000076293945,53.04999923706055,62612.0,69950.0,pdf,622.46942,62373.34727710154,57491.9548815023,62373.34727710154,5120.045118497699,8.905672331112616,63837.5171624731,6112.482837526899,0,0.0,-0.1474056639138909,-0.0698185104466064,3.055167525459157,62443.0,548,0,5028.946246610954,0
2024-02-09,82.19000244140625,2023.300048828125,82.98529815673828,356.107421875,22.527999877929688,21782.5,4.186999797821045,53.04999923706055,62624.0,70638.0,pdf,617.2295300000001,62079.759989849,57221.34399064344,62079.759989849,5402.656009356564,9.441679682043087,63711.87660390812,6926.123396091884,0,0.0,-0.4379442258434229,-0.0328933219663429,0.6860286742994326,62294.0,549,0,5120.045118497699,0
2024-02-12,82.0,2018.199951171875,83.0145034790039,362.0267639160156,22.708999633789062,21616.05078125,4.171999931335449,52.790000915527344,62301.0,71140.0,pdf,617.2295300000001,61945.06949316494,57097.19448935204,61945.06949316494,5203.805510647959,9.113942562656748,64246.36805665321,6893.631943346787,0,0.0,-0.2520682811827157,0.0351933690838413,-0.2311746389613511,62078.0,550,0,5402.656009356564,0
2024-02-13,82.7699966430664,1992.9000244140625,82.99019622802734,364.6133728027344,22.09600067138672,21743.25,4.315999984741211,52.810001373291016,62394.0,71042.0,pdf,617.2295300000001,61150.62250303279,56364.9216114911,61150.62250303279,6029.078388508897,10.69650806944394,62493.819585171696,8548.180414828304,0,0.0,-1.2535887112236854,-0.0292807280148466,0.9390202964224548,61504.0,551,0,5203.805510647959,0
2024-02-14,81.5999984741211,1990.300048828125,83.07460021972656,362.3749694824219,22.33099937438965,21840.05078125,4.267000198364258,52.09999847412109,61590.0,69150.0,pdf,617.2295300000001,61132.95545670216,56348.63720356895,61132.95545670216,5241.362796431051,9.301667363304182,63222.69764709589,5927.302352904109,0,0.0,-0.1304619175114929,0.1017035692593149,-1.4135534812098172,61443.0,552,0,6029.078388508897,0
2024-02-15,82.86000061035156,2002.0999755859373,83.04309844970703,389.6339111328125,22.91200065612793,21910.75,4.239999771118164,52.16999816894531,61508.0,70203.0,pdf,617.2295300000001,61472.076514073946,56661.21835210295,61472.076514073946,4846.781647897049,8.553966520413098,64843.009234863566,5359.990765136434,0,0.0,0.5928717514105619,-0.0379198574970152,1.5441202938625942,61622.0,553,0,5241.362796431051,0
2024-02-16,83.47000122070312,2011.5,83.00959777832031,382.6202392578125,23.43899917602539,22040.69921875,4.295000076293945,52.34999847412109,61743.0,70922.0,pdf,616.0972399999999,61735.77790948124,56904.28224700011,61735.77790948124,4838.717752999888,8.503257684539156,66307.7019487821,4614.298051217906,0,0.0,0.469508242779515,-0.040341307118985,0.7361822421654063,61878.0,554,0,4846.781647897049,0
2024-02-19,,,83.01599884033203,372.2239685058594,,22122.25,,52.63999938964844,62017.0,71210.0,pdf,616.0972399999999,,,,,,,,0,0.0,,0.0077112312106608,,62004.0,555,0,4838.717752999888,0
2024-02-20,82.33999633789062,2027.5,83.02100372314453,362.6734008789063,23.106000900268555,22196.94921875,4.275000095367432,52.560001373291016,62139.0,70898.0,pdf,616.0972399999999,62235.390810030025,57364.79500750594,62235.390810030025,4774.204992494058,8.32253473906666,65374.6488329052,5523.351167094799,0,0.0,,0.0060288171947808,,62167.0,556,0,,0
2024-02-21,83.02999877929688,2022.300048828125,82.8291015625,374.3131713867188,22.85099983215332,22055.05078125,4.324999809265137,52.63999938964844,62258.0,70708.0,pdf,616.0972399999999,61932.28754139196,57085.41286423956,61932.28754139196,5172.587135760441,9.061136420370437,64503.71993686317,6204.28006313683,0,0.0,-0.2564710812268833,-0.2311489286307311,0.837991829116369,62108.0,557,0,4774.204992494058,0
2024-02-22,83.66999816894531,2019.699951171875,82.93840026855469,381.8740539550781,22.76499938964844,22217.44921875,4.327000141143799,52.720001220703125,62155.0,70396.0,pdf,616.0972399999999,61934.27923499745,57087.248686171566,61934.27923499745,5067.751313828434,8.87720363208888,64345.7549594608,6050.245040539201,0,0.0,-0.1285713095718232,0.1319568895386647,0.7708050091023377,61977.0,558,0,5172.587135760441,0
2024-02-23,81.62000274658203,2038.5999755859373,82.87229919433594,382.6699523925781,22.9689998626709,22212.69921875,4.260000228881836,52.43999862670898,62008.0,69653.0,pdf,619.0720699999999,62464.02725785597,57575.538168110725,62464.02725785597,4432.461831889275,7.69851567682658,64870.624159427694,4782.375840572306,0,0.0,0.9357837733815932,-0.0796989982983942,-2.4500961721356296,62345.0,559,0,5067.751313828434,0
2024-02-26,82.52999877929688,2028.5,82.88179779052734,377.397216796875,22.51700019836425,22122.05078125,4.298999786376953,52.709999084472656,62224.0,69449.0,pdf,619.0720699999999,62161.68143160654,57296.854189133,62161.68143160654,4927.145810867005,8.59933041804151,63601.34469521102,5847.655304788983,0,0.0,-0.4954368540613041,0.0114617263956118,1.1149179148403745,62149.0,560,0,4432.461831889275,0
2024-02-27,83.6500015258789,2034.0,82.85199737548828,368.5928039550781,22.52300071716309,22198.349609375,4.315000057220459,52.790000915527344,62271.0,69902.0,pdf,619.0720699999999,62307.81328821665,57431.54963957361,62307.81328821665,4839.450360426388,8.42646662121708,63595.419553584245,6306.580446415755,0,0.0,0.2711363076164597,-0.0359553193022943,1.3570856211656546,62301.0,561,0,4927.145810867005,0
2024-02-28,83.68000030517578,2033.0,82.94819641113281,376.5516357421875,22.40999984741211,21951.150390625,4.27400016784668,52.59999847412109,62135.0,69343.0,pdf,619.0720699999999,62349.48986429435,57469.964570566975,62349.48986429435,4665.035429433025,8.11734523292573,63349.82278687581,5993.177213124189,0,0.0,-0.0491642084562427,0.116109494872596,0.0358622579194944,62249.0,562,0,4839.450360426388,0
2024-02-29,83.62000274658203,2045.699951171875,82.91190338134766,394.8071594238281,22.666000366210938,21982.80078125,4.251999855041504,52.77999877929688,62241.0,69312.0,pdf,619.0720699999999,62711.53027910319,57803.671387695125,62711.53027910319,4437.328612304875,7.676551516154154,64045.46454094118,5266.535459058818,0,0.0,0.6246901707759545,-0.0437538504216128,-0.0716988030293297,62567.0,563,0,4665.035429433025,0
2024-03-01,83.55000305175781,2086.89990234375,82.910400390625,397.3937683105469,23.14999961853028,22338.75,4.179999828338623,52.900001525878906,62816.0,69898.0,pdf,625.62583,63973.36712918096,58966.755788636365,63973.36712918096,3849.2442113636353,6.527820904987676,65411.87588728183,4486.124112718171,0,0.0,2.01397820576148,-0.0018127562646186,-0.0837116629096024,63563.0,564,0,4437.328612304875,0
2024-03-04,82.80000305175781,2117.699951171875,82.84609985351562,406.8448791503906,23.77899932861328,22405.599609375,4.218999862670898,53.88999938964844,,,,625.62583,64867.188212502086,59790.62565674106,64867.188212502086,,,67137.04869106934,,0,0.0,1.4758757137097955,-0.0775542474845458,-0.8976660354343635,,565,0,3849.2442113636353,0
2024-03-05,82.04000091552734,2133.5,82.9104995727539,401.1742248535156,23.76300048828125,22356.30078125,4.13700008392334,54.619998931884766,64598.0,72244.0,pdf,625.62583,65401.9590927841,60283.54490291404,65401.9590927841,4314.455097085956,7.156936613522541,67144.03126146103,5099.96873853897,0,0.0,0.746094781717388,0.0777341593052094,-0.9178769422935829,64845.0,566,0,,0
2024-03-06,82.95999908447266,2150.300048828125,82.88480377197266,403.5618591308594,24.27199935913086,22474.05078125,4.104000091552734,54.720001220703125,64493.0,71710.0,pdf,625.62583,65896.531656463,60739.41178769634,65896.531656463,3753.588212303657,6.179823119498832,68560.9882578201,3149.011742179893,0,0.0,0.7874407700082076,-0.0309922155983466,1.1214019486574411,65178.0,567,0,4314.455097085956,0
2024-03-07,82.95999908447266,2158.0,82.81909942626953,407.34228515625,24.3700008392334,22493.55078125,4.0920000076293945,55.43999862670898,,,,625.62583,66080.07428301415,60908.59020869132,66080.07428301415,,,68783.24348944997,,0,0.0,0.3580872900073251,-0.0792718842453799,0.0,,568,0,3753.588212303657,0
2024-03-08,82.08000183105469,2178.60009765625,82.7522964477539,,24.339000701904297,,4.089000225067139,,64955.0,72265.0,pdf,636.09547,66657.05958837717,61440.420142330266,66657.05958837717,3514.5798576697343,5.720305703522223,68640.3360845448,3624.663915455196,0,0.0,0.9545921064064044,-0.0806613196453476,-1.0607488706960155,66023.0,569,0,,0
2024-03-11,82.20999908447266,2182.5,82.7520980834961,394.2599792480469,24.511999130249023,22332.650390625,4.104000091552734,56.0099983215332,65646.0,72547.0,pdf,636.09547,66776.22202559671,61550.2568235935,66776.22202559671,4095.743176406497,6.6543072080838375,69128.05689468626,3418.9431053137378,0,0.0,0.1790095551701176,-0.0002397084628791,0.1583787165179817,66035.0,570,0,3514.5798576697343,0
2024-03-12,81.91999816894531,2160.39990234375,82.7782974243164,379.5361633300781,24.194000244140625,22335.69921875,4.15500020980835,55.93999862670898,65566.0,72675.0,pdf,636.09547,66120.9701552643,60946.285534417526,66120.9701552643,4619.714465582474,7.579977065170991,68252.84733162068,4422.15266837932,0,0.0,-1.0126047036082442,0.0316600321044191,-0.3527562568506504,65481.0,571,0,4095.743176406497,0
2024-03-13,84.02999877929688,2175.39990234375,82.83509826660156,388.0918884277344,24.958999633789062,21997.69921875,4.191999912261963,55.470001220703125,65335.0,72469.0,pdf,636.09547,66625.74449234651,61411.55579294548,66625.74449234651,3923.444207054519,6.388771879160268,70459.274954235,2009.7250457649927,0,0.0,0.6943158988170106,0.0686180364328992,2.5756843963790965,65897.0,572,0,4619.714465582474,0
2024-03-14,85.41999816894531,2163.0,82.83110046386719,383.8140258789063,24.874000549316406,22146.650390625,4.297999858856201,55.84000015258789,65523.0,73781.0,pdf,636.09547,66242.77680931291,61058.55949380147,66242.77680931291,4464.440506198531,7.311735722575883,70215.93353625918,3565.066463740819,0,0.0,-0.5700056495539285,-0.0048262183760638,1.6541704270390811,65595.0,573,0,3923.444207054519,0
2024-03-15,85.33999633789062,2157.300048828125,82.9655990600586,368.1451110839844,25.200000762939453,22023.349609375,4.303999900817871,55.72999954223633,65559.0,74210.0,pdf,642.49153,66175.492963434,60996.54134020873,66175.492963434,4562.458659791271,7.479864529275717,71251.69672827423,2958.303271725774,0,0.0,-0.2635206274560819,0.162376927794261,-0.0936570273584624,65542.0,574,0,4464.440506198531,0
2024-03-18,86.88999938964844,2160.699951171875,82.88890075683594,371.1794128417969,25.090999603271484,22055.69921875,4.340000152587891,55.5,65612.0,74156.0,pdf,642.49153,66218.5125116735,61036.19414119472,66218.5125116735,4575.805858805281,7.496872836173389,70877.91723007709,3278.082769922912,0,0.0,0.15759988257531,-0.0924459102225383,1.8162680082863147,65608.0,575,0,4562.458659791271,0
2024-03-19,87.37999725341797,2156.300048828125,82.86360168457031,364.9118347167969,24.964000701904297,21817.44921875,4.296999931335449,55.61000061035156,65589.0,73844.0,pdf,642.49153,66063.49980300938,60893.31286190431,66063.49980300938,4695.687138095695,7.711334656310645,70497.64274930111,3346.3572506988858,0,0.0,-0.2036331949451741,-0.0305216645831052,0.5639289529421943,65583.0,576,0,4575.805858805281,0
2024-03-20,85.94999694824219,2157.89990234375,83.04239654541016,365.85693359375,24.933000564575195,21839.099609375,4.2729997634887695,55.720001220703125,65689.0,73886.0,pdf,642.49153,66255.16623694802,61069.97931405644,66255.16623694802,4619.020685943564,7.563488211106054,70562.02315325967,3323.9768467403337,0,0.0,0.0741943829428715,0.2157700814411134,-1.6365304991124208,65750.0,577,0,4695.687138095695,0
2024-03-21,85.77999877929688,2182.39990234375,83.05460357666016,376.3028869628906,24.849000930786133,22011.94921875,4.270999908447266,56.70000076293945,66914.0,75045.0,pdf,642.49153,67017.25289602048,61772.42440850584,67017.25289602048,5141.575591494162,8.323415570502014,70334.63619455854,4710.363805441462,0,0.0,1.1353631358614005,0.0146997579041796,-0.1977872890998266,66189.0,578,0,4619.020685943564,0
2024-03-22,85.43000030517578,2158.10009765625,83.22660064697266,383.2171325683594,24.691999435424805,22096.75,4.2179999351501465,55.9900016784668,,,,642.6314699999999,66408.29335328944,61211.122569118976,66408.29335328944,,,70034.9814894985,,0,0.0,-1.11344417956597,0.2070891472665259,-0.40801874458124,,579,0,5141.575591494162,0
2024-03-25,86.75,2174.800048828125,83.59359741210938,,24.7450008392334,,4.252999782562256,,66268.0,74052.0,pdf,642.6314699999999,67217.27898584088,61956.79628260117,67217.27898584088,4311.203717398828,6.958403235916685,70494.8014340578,3557.198565942206,0,0.0,0.7738265333480765,0.4409608974580425,1.5451243007244209,66022.0,580,0,,0
2024-03-26,86.25,2175.60009765625,83.41739654541016,398.78656005859375,24.482999801635746,22004.69921875,4.234000205993652,56.29999923706055,66716.0,74279.0,pdf,642.6314699999999,67100.27182824702,61848.94620690595,67100.27182824702,4867.053793094048,7.8692590441429395,69601.38213573076,4677.617864269239,0,0.0,0.0367872360751642,-0.210782729962633,-0.5763688760806907,66114.0,581,0,4311.203717398828,0
2024-03-27,86.08999633789062,2190.60009765625,83.34549713134766,413.012939453125,24.625,22123.650390625,4.196000099182129,56.220001220703125,66834.0,73997.0,pdf,642.6314699999999,67504.67062498101,62221.69640215642,67504.67062498101,4612.30359784358,7.41269342454593,69944.72772745839,4052.2722725416097,0,0.0,0.6894649442312106,-0.0861923496058292,-0.1855114923007272,66114.0,582,0,4867.053793094048,0
2024-03-28,87.4800033569336,2217.39990234375,83.36499786376953,425.5978393554688,24.79700088500977,22326.900390625,4.205999851226807,56.61000061035156,,,,642.6314699999999,68346.51046998278,62997.65312885369,68346.51046998278,,,70449.75778787384,,0,0.0,1.2234001411838502,0.0233974636819844,1.6145976050311317,,583,0,4612.30359784358,0
2024-03-29,,,83.39299774169922,,,,,,67252.0,74127.0,pdf,645.58259,,,,,,,,0,0.0,,0.0335870912819391,,67701.0,584,0,,0
2024-04-01,87.41999816894531,2236.5,83.36479949951172,423.7076110839844,24.95400047302246,22462.0,4.328999996185303,58.31999969482422,68663.0,75111.0,pdf,645.58259,68935.0652475627,63540.14709775345,68935.0652475627,5122.852902246552,8.06238753959019,70895.63428273,4215.365717270004,0,0.0,,-0.0338136809457823,,68331.0,585,0,,0
2024-04-02,88.91999816894531,2261.0,83.40969848632812,426.3937072753906,25.804000854492188,22453.30078125,4.364999771118164,58.63999938964844,68961.0,76127.0,pdf,645.58259,69727.75652875916,64270.80166998672,69727.75652875916,4690.198330013285,7.297556912540461,73350.01420660039,2776.98579339961,0,0.0,1.095461658841934,0.0538584475533676,1.7158545314782003,68928.0,586,0,5122.852902246552,0
2024-04-03,89.3499984741211,2294.39990234375,83.35030364990234,426.6424255371094,26.94499969482422,22434.650390625,4.355000019073486,58.77000045776367,69364.0,77594.0,pdf,645.58259,70707.402008731,65173.77924283033,70707.402008731,4190.220757169671,6.429304554454897,76538.85706736322,1055.1429326367795,0,0.0,1.4772181487726632,-0.0712085494896208,0.4835810998992551,69799.0,587,0,4690.198330013285,0
2024-04-04,90.6500015258789,2288.800048828125,83.37329864501953,428.7316284179688,27.13999938964844,22514.650390625,4.309000015258789,59.18000030517578,69902.0,79337.0,pdf,645.58259,70554.2885884659,65032.64861197728,70554.2885884659,4869.351388022726,7.487548934191682,77114.03381610222,2222.966183897777,0,0.0,-0.2440661503648411,0.0275883759389472,1.4549558746040026,69707.0,588,0,4190.220757169671,0
2024-04-05,91.16999816894533,2325.699951171875,83.47779846191406,428.283935546875,27.39999961853028,22513.69921875,4.377999782562256,59.02999877929688,69882.0,79096.0,pdf,648.56222,71781.61897465897,66163.92705490306,71781.61897465897,3718.0729450969375,5.619486494523923,77950.36393887902,1145.636061120982,0,0.0,1.6121942308871873,0.1253396694059771,0.5736311465123878,70636.0,589,0,4869.351388022726,0
2024-04-08,90.37999725341795,2331.699951171875,83.29679870605469,431.2187805175781,27.71199989318848,22666.30078125,4.423999786376953,60.209999084472656,71279.0,81496.0,pdf,648.56222,71810.76492903802,66190.7920215481,71810.76492903802,5088.207978451901,7.687184007097934,78667.03520362136,2828.964796378641,0,0.0,0.2579868480874658,-0.2168238252497234,-0.8665141289828759,70912.0,590,0,3718.0729450969375,0
2024-04-09,89.41999816894531,2343.5,83.26959991455078,423.5086669921875,27.891000747680664,22642.75,4.366000175476074,60.54999923706055,71832.0,82100.0,pdf,648.56222,72150.61118835893,66504.04161709607,72150.61118835893,5327.958382903933,8.011480585766813,79149.31830451086,2950.68169548914,0,0.0,0.5060706383852809,-0.0326528653278646,-1.062180917953448,71340.0,591,0,5088.207978451901,0
2024-04-10,90.4800033569336,2329.60009765625,83.22429656982422,415.7985229492188,27.961000442504883,22753.80078125,4.559999942779541,60.619998931884766,,,,648.56222,71683.64615843892,66073.62167647414,71683.64615843892,,,79304.79427745988,,0,0.0,-0.593125766748448,-0.0544056231482459,1.185422958727389,,592,0,5327.958382903933,0
2024-04-11,89.73999786376953,2354.800048828125,83.4126968383789,,28.176000595092773,,4.576000213623047,,71823.0,82343.0,pdf,648.56222,72623.09900046144,66939.55212216447,72623.09900046144,4883.447877835526,7.295310056636245,80095.4994615347,2247.500538465305,0,0.0,1.0817286278974605,0.2263765226259595,-0.8178663414111775,71644.0,593,0,,0
2024-04-12,90.4499969482422,2356.199951171875,83.34929656982422,425.5480651855469,28.2549991607666,22519.400390625,4.499000072479248,61.90999984741211,73174.0,83819.0,pdf,643.16162,72611.04048876636,66928.43732008031,72611.04048876636,6245.562679919691,9.33170253184121,80259.01788894247,3559.9821110575285,0,0.0,0.0594488837575291,-0.0760079351918463,0.7911735027567923,71843.0,594,0,4883.447877835526,0
2024-04-15,90.0999984741211,2365.800048828125,83.61109924316406,416.6441345214844,28.650999069213867,22272.5,4.627999782562256,61.22999954223633,72813.0,83452.0,pdf,643.16162,73135.88955354167,67412.2112406558,73135.88955354167,5400.788759344199,8.011588197372502,81639.494532363,1812.5054676370053,0,0.0,0.4074398546471069,0.314103038794733,-0.3869524443669947,72277.0,595,0,6245.562679919691,0
2024-04-16,90.0199966430664,2390.800048828125,83.50599670410156,411.1227416992188,28.31800079345703,22147.900390625,4.658999919891357,61.88999938964844,,,,643.16162,73815.82849108567,68038.93756569637,73815.82849108567,,,80589.20230137053,,0,0.0,1.0567249760766284,-0.1257040512729457,-0.0887922668252549,,596,0,5400.788759344199,0
2024-04-17,87.29000091552734,2371.699951171875,83.6675033569336,,28.34600067138672,,4.585000038146973,,73302.0,83213.0,pdf,643.16162,73367.73857291267,67625.91555416299,73367.73857291267,5676.084445837012,8.39335689480007,80824.9056443366,2388.094355663401,0,0.0,-0.7988998354593546,0.1934072512233209,-3.032654775986743,72523.0,597,0,,0
2024-04-18,87.11000061035156,2382.300048828125,83.5958023071289,400.079833984375,28.32900047302246,21995.849609375,4.646999835968018,61.959999084472656,73477.0,83327.0,pdf,643.16162,73632.49361191325,67869.95063358961,73632.49361191325,5607.049366410385,8.261460799759874,80707.20833627816,2619.791663721844,0,0.0,0.4469409231556698,-0.085697608901758,-0.2062095352135196,72683.0,598,0,5676.084445837012,0
2024-04-19,87.29000091552734,2398.39990234375,83.54499816894531,406.4468994140625,28.808000564575195,22147.0,4.614999771118164,62.2400016784668,73404.0,82853.0,pdf,640.3336800000001,74085.05884134045,68287.09771462686,74085.05884134045,5116.902285373144,7.493219739337555,82021.96587790811,831.0341220918926,0,0.0,0.6758113245871167,-0.0607735517591412,0.2066356376013933,72806.0,599,0,5607.049366410385,0
2024-04-22,87.0,2332.199951171875,83.38529968261719,399.6321716308594,27.21299934387207,22336.400390625,4.623000144958496,61.7400016784668,72875.0,81554.0,pdf,640.3336800000001,71902.47741427485,66275.3270079403,71902.47741427485,6599.672992059699,9.957963679709955,77332.58160286579,4221.418397134214,0,0.0,-2.7601715254901182,-0.1911526600373858,-0.3322269589709159,71197.0,600,0,5116.902285373144,0
2024-04-23,88.41999816894531,2327.699951171875,83.38619995117188,412.5155029296875,27.33099937438965,22368.0,4.5980000495910645,60.25,,,,640.3336800000001,71764.51575802197,66148.16235087243,71764.51575802197,,,77668.74690694298,,0,0.0,-0.1929508658868983,0.0010796490006237,1.632181803385424,,601,0,6599.672992059699,0
2024-04-24,88.0199966430664,2324.5,83.2833023071289,419.6286926269531,27.323999404907227,22402.400390625,4.651999950408936,60.72999954223633,71826.0,80687.0,pdf,640.3336800000001,71577.42429143321,65975.71282514714,71577.42429143321,5850.287174852856,8.867334545301002,77553.0366948871,3133.963305112906,0,0.0,-0.137472665678584,-0.1233988886688908,-0.4523880730178509,71050.0,602,0,,0
2024-04-25,89.01000213623047,2329.800048828125,83.3405990600586,415.6492919921875,27.34199905395508,22570.349609375,4.705999851226807,60.86000061035156,72094.0,80898.0,pdf,640.3336800000001,71789.98232463007,66171.63588183295,71789.98232463007,5922.364118167054,8.950004090488271,77657.51428281517,3240.485717184827,0,0.0,0.228008123386747,0.068797407574439,1.1247506599877166,71214.0,603,0,5850.287174852856,0
2024-04-26,89.5,2334.800048828125,83.30180358886719,417.2410583496094,27.24099922180176,22419.94921875,4.669000148773193,61.33000183105469,72448.0,81374.0,pdf,637.92164,71910.56098180966,66282.77794845065,71910.56098180966,6165.222051549354,9.301393578199397,77334.635290027,4039.364709973001,0,0.0,0.2146106916992796,-0.0465505067505533,0.5504975306253712,71500.0,604,0,5922.364118167054,0
2024-04-29,88.4000015258789,2345.39990234375,83.40229797363281,409.5309448242188,27.37299919128418,22643.400390625,4.613999843597412,61.29999923706055,72373.0,81128.0,pdf,637.92164,72324.17662031384,66664.02366741972,72324.17662031384,5708.976332580278,8.56380401078369,77803.11852629134,3324.881473708665,0,0.0,0.4539940591891556,0.1206389062853974,-1.229048574436975,71602.0,605,0,6165.222051549354,0
2024-04-30,87.86000061035156,2291.39990234375,83.45110321044922,411.9683837890625,26.391000747680664,22604.849609375,4.685999870300293,60.880001068115234,,,,637.92164,70700.34793799306,65167.27722980231,70700.34793799306,,,75055.8494978072,,0,0.0,-2.302379220960915,0.0585178562248156,-0.610860753627096,,606,0,5708.976332580278,0
2024-05-01,83.44000244140625,2299.89990234375,83.49839782714844,,26.48900032043457,,4.59499979019165,,,,,637.92164,71002.82944356617,65446.08626972187,71002.82944356617,,,75377.25439281928,,0,0.0,0.3709522720720226,0.0566734469404694,-5.03072858893715,,607,0,,0
2024-05-02,83.66999816894531,2299.199951171875,83.40640258789062,409.68017578125,26.58300018310547,22648.19921875,4.571000099182129,60.84999847412109,71327.0,79719.0,pdf,637.92164,70903.01614645452,65354.08444803635,70903.01614645452,5972.915551963648,9.139314860592638,75561.39856228491,4157.601437715086,0,0.0,-0.0304339841556422,-0.1101760532558393,0.2756420431561768,70736.0,608,0,,0
2024-05-03,82.95999908447266,2299.0,83.40630340576172,404.0095520019531,26.44499969482422,22475.849609375,4.5,60.47999954223633,71191.0,79989.0,pdf,641.58999,70896.76572068196,65348.32318601989,70896.76572068196,5842.676813980106,8.940821323522563,75169.0468339091,4819.953166090898,0,0.0,-0.0086965542850259,-0.0001189142869506,-0.8485706944071358,70668.0,609,0,5972.915551963648,0
2024-05-06,83.33000183105469,2321.60009765625,83.37999725341797,397.99066162109375,27.36899948120117,22442.69921875,4.488999843597412,60.720001220703125,71816.0,81292.0,pdf,641.58999,71571.12904690146,65969.91025192657,71571.12904690146,5846.089748073428,8.861751858913133,77770.94949654001,3521.050503459992,0,0.0,0.9830403504240914,-0.0315397653049998,0.4460013870121626,71369.0,610,0,5842.676813980106,0
2024-05-07,83.16000366210938,2315.199951171875,83.4728012084961,386.5001525878906,27.30299949645996,22302.5,4.4629998207092285,60.68000030517578,71668.0,81661.0,pdf,641.58999,71453.26380452464,65861.26924590969,71453.26380452464,5806.730754090313,8.816609246337809,77669.7580762773,3991.241923722701,0,0.0,-0.2756782484130804,0.1113024204067336,-0.204005958490161,71369.0,611,0,5846.089748073428,0
2024-05-08,83.58000183105469,2313.60009765625,83.46990203857422,391.2754211425781,27.36100006103516,22302.5,4.492000102996826,60.5,71645.0,81542.0,pdf,641.58999,71401.4080518184,65813.47176950218,71401.4080518184,5831.528230497817,8.860690788234841,77832.0508771794,3709.9491228206025,0,0.0,-0.0691021747307507,-0.0034731911232155,0.5050482809642709,71127.0,612,0,5806.730754090313,0
2024-05-09,83.87999725341797,2332.10009765625,83.46430206298828,395.1055908203125,28.131999969482425,21957.5,4.448999881744385,60.41999816894531,71502.0,82342.0,pdf,641.58999,71967.51910257417,66335.27847715533,71967.51910257417,5166.721522844673,7.788799024374336,80019.89511386787,2322.1048861321324,0,0.0,0.7996196066356154,-0.0067089758693517,0.3589320600514867,71639.0,613,0,5831.528230497817,0
2024-05-10,82.79000091552734,2367.300048828125,83.45939636230469,408.4366149902344,28.27499961853028,22055.19921875,4.504000186920166,61.91999816894531,73008.0,84215.0,pdf,644.15095,73049.47933390042,67332.56355994301,73049.47933390042,5675.43644005699,8.42896236232624,80421.92243076656,3793.077569233443,0,0.0,1.509367081080737,-0.0058776034332463,-1.2994711177654603,72727.0,614,0,5166.721522844673,0
2024-05-13,83.36000061035156,2336.10009765625,83.5248031616211,398.0404357910156,28.22100067138672,22104.05078125,4.480999946594238,61.150001525878906,72164.0,83494.0,pdf,644.15095,72143.21409036584,66497.22342242418,72143.21409036584,5666.776577575816,8.521824349834231,80331.24046064416,3162.759539355844,0,0.0,-1.317955076599597,0.0783696050621562,0.6884885717126643,71855.0,615,0,5675.43644005699,0
2024-05-14,82.37999725341797,2353.39990234375,83.50550079345703,395.25482177734375,28.48500061035156,22217.849609375,4.445000171661377,61.18999862670898,72335.0,84080.0,pdf,644.15095,72660.66938587646,66974.18221654701,72660.66938587646,5360.817783452992,8.004304951600469,81063.97979434779,3016.0202056522103,0,0.0,0.7405420985537647,-0.0231097439723493,-1.175627818807734,72297.0,616,0,5666.776577575816,0
2024-05-15,82.75,2388.699951171875,83.52420043945312,407.0438232421875,29.513999938964844,22200.55078125,4.355999946594238,61.709999084472656,72934.0,84505.0,pdf,644.15095,73767.06529429174,67993.99061908631,73767.06529429174,4940.009380913689,7.265361741434543,84011.16406425108,493.8359357489244,0,0.0,1.4999596453186603,0.0223933104028128,0.4491414893397216,73102.0,617,0,5360.817783452992,0
2024-05-16,83.2699966430664,2380.0,83.40509796142578,408.9837951660156,29.665000915527344,22403.849609375,4.376999855041504,62.0,73438.0,86230.0,pdf,644.15095,73393.59014915438,67649.7439635684,73393.59014915438,5788.256036431601,8.556212776723541,84320.5763283381,1909.4236716619048,0,0.0,-0.3642128082100404,-0.1425963701546351,0.6283947348234564,72980.0,618,0,4940.009380913689,0
2024-05-17,83.9800033569336,2412.199951171875,83.47010040283203,412.7642211914063,31.04700088500977,22466.099609375,4.420000076293945,61.959999084472656,,,,648.70012,74444.53451650983,68618.44051086994,74444.53451650983,,,88317.58670063801,,0,0.0,1.3529391248686906,0.0779358132716456,0.8526561096316554,,619,0,5788.256036431601,0
2024-05-20,83.70999908447266,2433.89990234375,83.30039978027344,,32.20500183105469,,4.436999797821045,,,,,648.70012,74961.51883999012,69094.96519164307,74961.51883999012,,,91425.43119257868,,0,0.0,0.8995917258572517,-0.203307078510273,-0.3215101948893184,,620,0,,0
2024-05-21,82.87999725341797,2421.699951171875,83.31500244140625,399.4331970214844,31.86800003051757,22529.05078125,4.414000034332275,62.630001068115234,74214.0,92873.0,pdf,648.70012,74598.84834371497,68760.67760377207,74598.84834371497,5453.32239622793,7.930873554871384,90484.59017043177,2388.4098295682343,0,0.0,-0.5012511467758718,0.0175301213095391,-0.9915205353390631,74021.0,621,0,,0
2024-05-22,81.9000015258789,2389.199951171875,83.31680297851562,397.7419738769531,31.295000076293945,22597.80078125,4.434000015258789,62.68000030517578,74080.0,92886.0,pdf,648.70012,73599.29810126712,67839.35303247231,73599.29810126712,6240.646967527689,9.199154603583132,88859.55975704877,4026.4402429512265,0,0.0,-1.3420324835978548,0.0021611199143123,-1.1824273166208932,73046.0,622,0,5453.32239622793,0
2024-05-23,81.36000061035156,2335.0,83.26709747314453,400.9254760742188,30.28400039672852,22967.650390625,4.474999904632568,61.619998931884766,72826.0,90055.0,pdf,648.70012,71886.75663181358,66260.8365475847,71886.75663181358,6565.163452415305,9.908060016267052,85937.61029099005,4117.389709009949,0,0.0,-2.2685397739645285,-0.0596584405475941,-0.6593417649164657,71577.0,623,0,6240.646967527689,0
2024-05-24,82.12000274658203,2332.5,83.2863998413086,399.88092041015625,30.32999992370605,22957.099609375,4.4670000076293945,60.88999938964844,72028.0,89762.0,pdf,646.673,71826.43650210752,66205.23712368173,71826.43650210752,5822.762876318273,8.795018535226212,86088.09590183098,3673.90409816902,0,0.0,-0.1070663811563177,0.023181266970762,0.9341225793129792,71256.0,624,0,6565.163452415305,0
2024-05-27,,,83.05220031738281,404.3577270507813,,22932.44921875,,61.0,72191.0,90811.0,pdf,646.673,,,,,,,,0,0.0,,-0.2811977998472992,,72009.0,625,0,5822.762876318273,0
2024-05-28,84.22000122070312,2355.199951171875,83.14569854736328,400.3783264160156,31.97100067138672,22888.150390625,4.541999816894531,61.119998931884766,72291.0,93120.0,pdf,646.673,72402.93115975264,66736.61480811983,72402.93115975264,5554.385191880167,8.322845274442008,90592.57817047952,2527.4218295204773,0,0.0,,0.1125776675671152,,72407.0,626,0,,0
2024-05-29,83.5999984741211,2340.300048828125,83.20649719238281,392.7677001953125,32.202999114990234,22704.69921875,4.624000072479248,61.20000076293945,72413.0,94118.0,pdf,646.673,71997.49059060021,66362.90437046629,71997.49059060021,6050.095629533709,9.116683012785987,91316.69042952095,2801.309570479032,0,0.0,-0.6326385297492965,0.0731230190878617,-0.7361704317211726,72271.0,627,0,5554.385191880167,0
2024-05-30,81.86000061035156,2342.89990234375,83.3656005859375,382.8689270019531,31.38800048828125,22488.650390625,4.553999900817871,60.7400016784668,72115.0,92673.0,pdf,646.673,72215.29605747397,66563.66419210646,72215.29605747397,5551.335807893542,8.339889150140648,89175.82531262081,3497.1746873791853,0,0.0,0.1110906063915617,0.1912151081024715,-2.081337195607913,72216.0,628,0,6050.095629533709,0
2024-05-31,81.62000274658203,2322.89990234375,83.3208999633789,386.4503784179688,30.29700088500977,22530.69921875,4.513999938964844,61.290000915527344,72356.0,92449.0,pdf,651.5099799999999,71560.4439842285,65960.06141154976,71560.4439842285,6395.938588450241,9.696683798614986,86030.05394010703,6418.946059892973,0,0.0,-0.8536429567474357,-0.0536199850350915,-0.2931808721965523,71834.0,629,0,5551.335807893542,0
2024-06-03,78.36000061035156,2346.60009765625,83.45079803466797,388.9375305175781,30.641000747680664,23263.900390625,4.401999950408936,60.59000015258789,71776.0,90217.0,pdf,651.5099799999999,72403.26601195698,66736.92345449948,72403.26601195698,5039.076545500517,7.55065754407469,87142.50559818983,3074.494401810167,0,0.0,1.0202848296901212,0.1559009460365246,-3.994121571341147,72203.0,630,0,6395.938588450241,0
2024-06-04,77.5199966430664,2325.5,83.09339904785156,376.7008361816406,29.488000869750977,21884.5,4.335999965667725,60.560001373291016,71969.0,88837.0,pdf,651.5099799999999,71444.9352672997,65853.59250725017,71444.9352672997,6115.4074927498295,9.28636883716944,83504.22675252715,5332.773247472855,0,0.0,-0.8991773961538829,-0.4282750977024019,-1.0719805522489856,71997.0,631,0,5039.076545500517,0
2024-06-05,78.41000366210938,2354.10009765625,83.62940216064453,400.477783203125,29.94799995422364,22620.349609375,4.289000034332275,60.68000030517578,71986.0,88530.0,pdf,651.5099799999999,72790.13016615596,67093.51128358723,72790.13016615596,4892.488716412772,7.292044525339365,85353.90975303281,3176.090246967185,0,0.0,1.2298472438722952,0.6450610023598813,1.1480999194839026,72518.0,632,0,6115.4074927498295,0
2024-06-06,79.87000274658203,2370.300048828125,83.38079833984375,397.5927429199219,31.246999740600582,22821.400390625,4.281000137329102,61.45000076293945,72757.0,90407.0,pdf,651.5099799999999,73073.17084337732,67354.40095128692,73073.17084337732,5402.599048713077,8.021152251981912,88791.41482926157,1615.585170738428,0,0.0,0.6881589779467623,-0.2972684419329408,1.862006142435857,73131.0,633,0,4892.488716412772,0
2024-06-07,79.62000274658203,2305.199951171875,83.47309875488281,405.7505493164063,29.334999084472656,23290.150390625,4.429999828338623,61.09000015258789,71913.0,90535.0,pdf,655.816763,71144.8906553954,65577.02964758186,71144.8906553954,6335.970352418139,9.66187457173394,83450.55289873287,7084.447101267127,0,0.0,-2.746491849773846,0.1106974469863741,-0.3130086282746469,71353.0,634,0,5402.599048713077,0
2024-06-10,81.62999725341797,2307.699951171875,83.52760314941406,407.143310546875,29.768999099731445,23259.19921875,4.468999862670898,60.130001068115234,71176.0,88928.0,pdf,655.816763,71268.55259562994,65691.01369684152,71268.55259562994,5484.986303158483,8.349675236359163,84740.4675208607,4187.532479139307,0,0.0,0.1084504621271076,0.065295760363826,2.524484347524369,71438.0,635,0,6335.970352418139,0
2024-06-11,81.91999816894531,2307.5,83.52980041503906,406.8448791503906,29.132999420166016,23264.849609375,4.40399980545044,60.41999816894531,71445.0,87708.0,pdf,655.816763,71264.25213444083,65687.04979348459,71264.25213444083,5757.950206515408,8.765731182353285,82932.21163796328,4775.788362036721,0,0.0,-0.0086645220828462,0.0026305862279585,0.3552626795111147,71490.0,636,0,5484.986303158483,0
2024-06-12,82.5999984741211,2336.0,83.5968017578125,402.1193237304688,30.176000595092773,23322.94921875,4.295000076293945,60.59000015258789,71580.0,88192.0,pdf,655.816763,72202.30785673237,66551.69245924897,72202.30785673237,5028.307540751033,7.555491611020973,85970.20168042499,2221.798319575013,0,0.0,1.2351029252437806,0.0802125019340627,0.8300785160827218,71970.0,637,0,5757.950206515408,0
2024-06-13,82.75,2300.199951171875,83.5343017578125,396.3491516113281,28.989999771118164,23398.900390625,4.23799991607666,60.59000015258789,71513.0,87847.0,pdf,655.816763,71042.6274689895,65482.769667068605,71042.6274689895,6030.2303329313945,9.208880998147528,82529.58516468789,5317.414835312113,0,0.0,-1.5325363368204226,-0.0747636257438011,0.1815999136197454,71138.0,638,0,5028.307540751033,0
2024-06-14,82.62000274658203,2331.39990234375,83.52210235595703,398.4383544921875,29.402000427246097,23465.599609375,4.2129998207092285,60.59999847412109,,,,652.8950060000001,71995.73503549643,66361.2862066315,71995.73503549643,,,83690.25680401245,,0,0.0,1.3564016969907169,-0.014604062760759,-0.1570963787528301,,639,0,6030.2303329313945,0
2024-06-17,84.25,2312.39990234375,83.55180358886719,,29.325000762939453,,4.27899980545044,,71866.0,87833.0,pdf,652.8950060000001,71434.39157280428,65843.87397145438,71434.39157280428,6022.126028545623,9.146068822069044,83500.76699496222,4332.233005037779,0,0.0,-0.8149610017955,0.0355609258775313,1.972884530659736,71450.0,640,0,,0
2024-06-18,85.33000183105469,2330.39990234375,83.51010131835938,421.8173828125,29.5049991607666,23557.900390625,4.2170000076293945,60.33000183105469,71285.0,87553.0,pdf,652.8950060000001,71954.5137205056,66323.29090759647,71954.5137205056,4961.709092403529,7.48109604409758,83971.36648520427,3581.633514795729,0,0.0,0.778412072313106,-0.0499118734923031,1.2819012831509546,71739.0,641,0,6022.126028545623,0
2024-06-19,,,83.37409973144531,421.3696899414063,,23516.0,,60.709999084472656,71704.0,88195.0,pdf,652.8950060000001,,,,,,,,0,0.0,,-0.1628564506173879,,71732.0,642,0,4961.709092403529,0
2024-06-20,85.70999908447266,2353.800048828125,83.41950225830078,428.9803161621094,30.775999069213867,23567.0,4.254000186920166,61.02999877929688,72162.0,90038.0,pdf,652.8950060000001,72598.18115714539,66916.58437093403,72598.18115714539,5245.415629065974,7.838737853070067,87493.61439346356,2544.385606536438,0,0.0,,0.0544563923349228,,72586.0,643,0,,0
2024-06-21,85.23999786376953,2316.39990234375,83.60160064697266,450.6681213378906,29.57299995422364,23501.099609375,4.256999969482422,61.52999877929688,72746.0,90666.0,pdf,653.710553,71600.60781281622,65997.08198398713,71600.60781281622,6748.918016012874,10.226085477006944,84257.11383067183,6408.886169328165,0,0.0,-1.5889262345370136,0.2182923462046293,-0.548362181453188,71584.0,644,0,5245.415629065974,0
2024-06-24,86.01000213623047,2330.0,83.5625,443.8036193847656,29.48900032043457,23537.849609375,4.248000144958496,60.619998931884766,71615.0,88671.0,pdf,653.710553,71987.30649283843,66353.51728905109,71987.30649283843,5261.482710948912,7.929470698634845,83978.49324458315,4692.506755416849,0,0.0,0.5871221822488115,-0.0467702133333136,0.903336804033672,71791.0,645,0,6748.918016012874,0
2024-06-25,85.01000213623047,2316.60009765625,83.46040344238281,435.89453125,28.83699989318848,23721.30078125,4.23799991607666,60.75,71739.0,88515.0,pdf,653.710553,71485.85708354755,65891.31174657427,71485.85708354755,5847.688253425731,8.874748579777297,82021.39643006954,6493.603569930463,0,0.0,-0.5751031048819688,-0.1221798744857838,-1.1626554762969366,71467.0,646,0,5261.482710948912,0
2024-06-26,85.25,2299.199951171875,83.41459655761719,454.29931640625,28.90900039672852,23868.80078125,4.315999984741211,60.459999084472656,,,,653.710553,70909.98176479797,65360.50493103117,70909.98176479797,,,82181.05876431047,,0,0.0,-0.7511070426863498,-0.0548845714569923,0.2823172070798518,,647,0,5847.688253425731,0
2024-06-27,86.38999938964844,2324.5,83.58039855957031,473.84814453125,28.917999267578125,24044.5,4.288000106811523,60.31999969482422,71391.0,87043.0,pdf,653.710553,71832.76220344314,66211.0677701302,71832.76220344314,5179.932229869795,7.823363078591851,82370.04126832397,4672.95873167603,0,0.0,1.1003848888927692,0.1987685714437193,1.3372426858046182,71572.0,648,0,,0
2024-06-28,86.41000366210938,2327.699951171875,83.45089721679688,498.5702209472656,29.23699951171875,24010.599609375,4.3429999351501465,60.630001068115234,,,,651.997259,71820.19604973888,66199.48505454193,71820.19604973888,,,83149.64784190785,,0,0.0,0.1376619131802536,-0.1549422412494672,0.0231557733560316,,649,0,5179.932229869795,0
2024-07-01,86.5999984741211,2327.60009765625,83.36750030517578,494.9390563964844,29.299999237060547,24141.94921875,4.479000091552734,60.54999923706055,,,,651.997259,71745.34445623074,66130.49141183008,71745.34445623074,,,83245.54333298608,,0,0.0,-0.0042897932602814,-0.0999353085496923,0.2198759448670539,,650,0,,0
2024-07-02,86.23999786376953,2323.0,83.44129943847656,493.3970336914063,29.35300064086914,24123.849609375,4.435999870300293,60.720001220703125,,,,651.997259,71666.93760667392,66058.22075049944,71666.93760667392,,,83469.95247628432,,0,0.0,-0.1976326457831856,0.0885226653439597,-0.4157051001093759,,651,0,,0
2024-07-03,87.33999633789062,2359.800048828125,83.4791030883789,486.38330078125,30.54800033569336,24286.5,4.355000019073486,61.06999969482422,72226.0,89698.0,pdf,651.997259,72835.24049566682,67135.0912394842,72835.24049566682,5090.908760515798,7.583081614286508,86907.48145119392,2790.518548806081,0,0.0,1.5841605177841167,0.0453056821463127,1.2755084663368388,72403.0,652,0,,1
2024-07-04,,,83.49120330810547,488.0248107910156,,24302.150390625,,61.290000915527344,,,,651.997259,,,,,,,,0,0.0,,0.0144949086404944,,,653,0,5090.908760515798,0
2024-07-05,86.54000091552734,2388.5,83.49340057373047,492.7503662109375,31.38800048828125,24323.849609375,4.271999835968018,61.47999954223633,72640.0,90709.0,pdf,657.1550259999999,73733.69085823413,67963.22809541582,73733.69085823413,4676.77190458418,6.8813269111030255,89312.53241130756,1396.467588692438,0,0.0,,0.0026317330903635,,73051.0,654,0,,0
2024-07-08,85.75,2355.199951171875,83.47209930419922,493.645751953125,30.61800003051757,24320.55078125,4.269000053405762,61.56999969482422,72746.0,91733.0,pdf,657.1550259999999,72687.15959177696,66998.59927589877,72687.15959177696,5747.40072410123,8.57838937861008,87099.31883504875,4633.681164951253,0,0.0,-1.3941824922807156,-0.0255125188157068,-0.912873708307993,72333.0,655,0,4676.77190458418,0
2024-07-09,84.66000366210938,2360.10009765625,83.45760345458984,494.2923889160156,30.77199935913086,24433.19921875,4.300000190734863,61.380001068115234,72346.0,91847.0,pdf,657.1550259999999,72825.74075998977,67126.33496138189,72825.74075998977,5219.665038618114,7.775882657113654,87522.20037038886,4324.799629611138,0,0.0,0.2080564956676855,-0.0173661016437898,-1.2711327555575802,72398.0,656,0,5747.40072410123,0
2024-07-10,85.08000183105469,2372.199951171875,83.49299621582031,501.30609130859375,30.72699928283692,24324.44921875,4.28000020980835,61.540000915527344,72616.0,91793.0,pdf,657.1550259999999,73230.14894732645,67499.09381231832,73230.14894732645,5116.906187681685,7.580703530493723,87431.27265214978,4361.7273478502175,0,0.0,0.5126839123324123,0.0424080728003817,0.496099870986999,72668.0,657,0,5219.665038618114,0
2024-07-11,85.4000015258789,2415.0,83.49590301513672,500.659423828125,31.393999099731445,24315.94921875,4.192999839782715,61.68000030517578,72563.0,92204.0,pdf,657.1550259999999,74553.98802346631,68719.32809119504,74553.98802346631,3843.6719088049576,5.593290876919159,89332.27843598869,2871.7215640113136,0,0.0,1.804234453633713,0.0034814888052236,0.3761162293574482,73311.0,658,0,5116.906187681685,0
2024-07-12,85.02999877929688,2414.0,83.51850128173828,502.6491394042969,30.88599967956543,24502.150390625,4.189000129699707,61.88999938964844,72664.0,91827.0,pdf,666.8541230000001,74543.28657811295,68709.46415026064,74543.28657811295,3954.535849739361,5.755445626953503,87910.54215940608,3916.4578405939246,0,0.0,-0.0414078674948248,0.0270651203059246,-0.433258477717835,73269.0,659,0,3843.6719088049576,0
2024-07-15,84.8499984741211,2422.89990234375,83.52030181884766,510.70745849609375,30.67200088500977,24586.69921875,4.229000091552734,61.91999816894531,72932.0,91835.0,pdf,666.8541230000001,74819.72472187936,68964.2680045149,74819.72472187936,3967.731995485097,5.753315608635679,87303.32141341703,4531.678586582973,0,0.0,0.3686786389291541,0.0021558541900779,-0.2116903537103254,73471.0,660,0,3954.535849739361,0
2024-07-16,83.7300033569336,2462.39990234375,83.58760070800781,524.8343505859375,31.19499969482422,24613.0,4.166999816894531,62.43999862670898,,,,666.8541230000001,76100.76512084776,70145.05306791187,76100.76512084776,,,88863.50697805829,,0,0.0,1.6302778320222977,0.0805778807003498,-1.319970698089168,,661,0,3967.731995485097,0
2024-07-17,85.08000183105469,2454.800048828125,83.52960205078125,,30.136999130249023,,4.145999908447266,,73339.0,92014.0,pdf,666.8541230000001,75813.2499145689,69880.03905168962,75813.2499145689,3458.960948310385,4.949855488420411,85790.06983187448,6223.9301681255165,0,0.0,-0.3086360387031917,-0.0693866754582051,1.6123234444004098,74137.0,662,0,,0
2024-07-18,85.11000061035156,2451.800048828125,83.57209777832031,516.7760620117188,29.9950008392334,24800.849609375,4.189000129699707,62.90999984741211,,,,666.8541230000001,75759.12177908845,69830.1470311598,75759.12177908845,,,85429.28775144425,,0,0.0,-0.1222095462085404,0.0508750508750432,0.0352594953587859,,663,0,3458.960948310385,0
2024-07-19,82.62999725341797,2395.5,83.67430114746094,526.2271728515625,29.08799934387207,24530.900390625,4.238999843597412,62.40999984741211,73240.0,88983.0,pdf,670.8570259999999,74110.00583810634,68310.0923377328,74110.00583810634,4929.9076622672,7.216953591415424,82947.35633896106,6035.643661038936,0,0.0,-2.296274072391602,0.1222936504618132,-2.913880083596143,72990.0,664,0,,0
2024-07-22,82.4000015258789,2392.0,83.73030090332031,526.5753173828125,29.124000549316406,24509.25,4.260000228881836,62.08000183105469,73218.0,88196.0,pdf,670.8570259999999,74051.25202142958,68255.93664583944,74051.25202142958,4962.063354160564,7.26979014280808,83105.5993464688,5090.400653531193,0,0.0,-0.1461072844917588,0.0669258722109766,-0.2783441064795,72718.0,665,0,4929.9076622672,0
2024-07-23,81.01000213623047,2404.60009765625,83.67130279541016,549.9046630859375,29.131999969482425,24479.05078125,4.238999843597412,60.15999984741211,69602.0,84919.0,pdf,670.8570259999999,68567.13368117448,68567.13368117448,74388.87144655721,1034.866318825516,1.5092745799138525,83069.85175016927,1849.1482498307305,0,0.0,0.5267599354619623,-0.0704620755851315,-1.686892431927789,68510.0,666,0,4962.063354160564,0
2024-07-24,81.70999908447266,2413.300048828125,83.70680236816406,584.22705078125,29.11599922180176,24413.5,4.285999774932861,59.59999847412109,,,,670.8570259999999,68844.40916838194,68844.40916838194,74689.68919211248,,,83059.45067814352,,0,0.0,0.3618044921629426,0.0424274172480698,0.8640870630580055,,667,0,1034.866318825516,0
2024-07-25,82.37000274658203,2351.89990234375,83.74299621582031,570.7467651367188,27.80699920654297,24406.099609375,4.25600004196167,59.369998931884766,68227.0,81474.0,pdf,670.8570259999999,67121.85229934847,67121.85229934847,72820.87749457615,1105.1477006515345,1.6464797421305095,79359.55487602543,2114.445123974569,0,0.0,-2.544240054782676,0.0432388367877845,0.8077391622866914,67462.0,668,0,,0
2024-07-26,81.12999725341797,2380.0,83.73760223388672,564.8771362304688,27.86000061035156,24834.849609375,4.199999809265137,59.9900016784668,68131.0,81271.0,pdf,667.385832,67919.43765674262,67919.43765674262,73686.18236344718,211.5623432573775,0.3114901279462742,79505.69641057077,1765.303589429226,0,0.0,1.1947828914082192,-0.0064411140959119,-1.5054090710413637,68186.0,669,0,1105.1477006515345,0
2024-07-29,79.77999877929688,2377.300048828125,83.72779846191406,569.7022094726562,27.70299911499023,24836.099609375,4.177999973297119,58.77999877929688,68800.0,82192.0,pdf,667.385832,67834.44478405533,67834.44478405533,73593.973114777,965.555215944667,1.4233996003334626,79048.3962991919,3143.603700808104,0,0.0,-0.1134433265493672,-0.0117077295159195,-1.663994231263477,68268.0,670,0,211.5623432573775,0
2024-07-30,78.62999725341797,2405.0,83.75050354003906,569.8513793945312,28.364999771118164,24857.30078125,4.14300012588501,58.34999847412109,68680.0,81350.0,pdf,667.385832,68643.45127545825,68643.45127545825,74471.66883658206,36.5487245417462,0.0532442991467319,80959.31308595152,390.6869140484778,0,0.0,1.1651853196036122,0.0271177297648916,-1.4414659607356772,69178.0,671,0,965.555215944667,0
2024-07-31,80.72000122070312,2426.5,83.73899841308594,576.4174194335938,28.777999877929688,24951.150390625,4.109000205993652,58.68000030517578,,,,667.385832,69247.58963728012,69247.58963728012,75127.1019649737,,,82126.81335786408,,0,0.0,0.8939708939708968,-0.0137373824237618,2.658023706333412,,672,0,36.5487245417462,0
2024-08-01,79.5199966430664,2435.0,83.7177963256836,561.7931518554688,28.33099937438965,25010.900390625,3.9760000705718994,59.09000015258789,,,,667.385832,69472.56871291717,69472.56871291717,75371.1830375988,,,80830.68996890752,,0,0.0,0.3502987842571636,-0.0253192512498778,-1.4866260647787732,,673,0,,0
2024-08-02,76.80999755859375,2425.699951171875,83.743896484375,556.8685913085938,28.246000289916992,24717.69921875,3.7920000553131104,59.66999816894531,,,,674.918565,69228.80690272042,69228.80690272042,75106.72446993252,,,80613.30499265423,,0,0.0,-0.381932190066736,0.0311763565656653,-3.407946678665952,,674,0,,0
2024-08-05,76.30000305175781,2401.699951171875,83.73529815673828,541.7965087890625,27.076000213623047,24055.599609375,3.785000085830689,58.7400016784668,,,,674.918565,68536.8158516131,68536.8158516131,74355.9794616557,,,77266.22302398166,,0,0.0,-0.9894051400877292,-0.0102674081308373,-0.6639689142639238,,675,0,,0
2024-08-06,76.4800033569336,2389.10009765625,84.00260162353516,537.817138671875,27.09600067138672,23992.55078125,3.888000011444092,58.619998931884766,,,,674.918565,,,,,,77570.13271782636,,0,0.0,-0.5246222996955541,0.31922435661067,0.2359112686452613,,676,0,,0
2024-08-07,78.33000183105469,2390.5,83.93489837646484,537.6182250976562,26.82999992370605,24297.5,3.9679999351501465,58.20000076293945,,,,674.918565,68379.814825687,68379.814825687,74185.64815994345,,,76746.72355390992,,0,0.0,0.0585953826347962,-0.0805966074404862,2.418930953084719,,677,0,,0
2024-08-08,79.16000366210938,2422.199951171875,83.94239807128906,533.7879638671875,27.5,24117.0,3.996999979019165,58.09000015258789,,,,674.918565,69292.77697368401,69292.77697368401,75176.12596201566,,,78670.27517089961,,0,0.0,1.326080366947302,0.0089351330248677,1.0596218711252714,,678,0,,0
2024-08-09,79.66000366210938,2432.10009765625,83.98899841308594,537.2279052734375,27.48699951171875,24367.5,3.941999912261963,58.65999984741211,,,,670.118772,,,,,,78676.73708336535,,0,0.0,0.4087254018639186,0.0555146658513416,0.631632108222524,,679,0,,0
2024-08-12,82.30000305175781,2462.39990234375,83.94979858398438,550.2398681640625,27.91699981689453,24347.0,3.908999919891357,59.02000045776367,,,,670.118772,,,,,,79870.24297584742,,0,0.0,1.2458288504120008,-0.0466725759828312,3.3140839421077706,,680,0,,0
2024-08-13,80.69000244140625,2466.699951171875,83.88999938964844,556.521484375,27.69499969482422,24139.0,3.8519999980926514,59.400001525878906,,,,670.118772,70521.75634322494,70521.75634322494,76509.45263651763,,,79178.66214235775,,0,0.0,0.1746283706408613,-0.0712320879199146,-1.9562582632458023,,681,0,,0
2024-08-14,79.76000213623047,2439.39990234375,83.88200378417969,566.9409790039062,27.253999710083008,24143.75,3.819999933242798,59.61000061035156,,,,670.118772,,,,,,77910.4381572533,,0,0.0,-1.1067438021862053,-0.0095310591571418,-1.1525595204326722,,682,0,,0
2024-08-15,81.04000091552734,2453.10009765625,83.97149658203125,,28.34199905395508,,3.9260001182556152,,,,,670.118772,70201.0756518288,70201.0756518288,76161.54433924821,,,81107.1191759239,,0,0.0,0.5616215405820579,0.10668891277541,1.604812869877592,,683,0,,0
2024-08-16,79.68000030517578,2498.60009765625,83.94830322265625,571.2783203125,28.777999877929688,24541.150390625,3.891999959945679,59.470001220703125,,,,674.66431,71483.41278248998,71483.41278248998,77552.75915081459,,,82332.08852661746,,0,0.0,1.8547958986048665,-0.0276205144829622,-1.6781843472202906,,684,0,,0
2024-08-19,77.66000366210938,2501.800048828125,83.88980102539062,547.946533203125,29.239999771118164,24572.650390625,3.867000102996826,60.34000015258789,,,,674.66431,71525.0820002875,71525.0820002875,77597.96632106662,,,83595.54482770312,,0,0.0,0.1280697609383985,-0.0696883617891108,-2.5351363395203164,,685,0,,0
2024-08-20,77.19999694824219,2511.300048828125,83.87860107421875,540.3189086914062,29.45499992370605,24698.849609375,3.818000078201294,60.66999816894531,,,,674.66431,71787.0963305479,71787.0963305479,77882.2271510661,,,84198.97566306636,,0,0.0,0.3797265894390778,-0.0133507900066276,-0.5923341387783498,,686,0,,0
2024-08-21,76.05000305175781,2508.39990234375,83.77940368652344,542.8614501953125,29.47599983215332,24770.19921875,3.7780001163482666,60.380001068115234,,,,674.66431,,,,,,84159.35796106489,,0,0.0,-0.1154838700269333,-0.1182630449541477,-1.4896294584770151,,687,0,,0
2024-08-22,77.22000122070312,2478.89990234375,83.88860321044922,594.659912109375,29.006000518798828,24811.5,3.861999988555908,60.45000076293945,,,,674.66431,,,,,,82925.36982456042,,0,0.0,-1.1760485229024398,0.1303417297339182,1.538459069027298,,688,0,,0
2024-08-23,79.0199966430664,2508.39990234375,83.94059753417969,587.1817626953125,29.785999298095703,24823.150390625,3.806999921798706,60.25,,,,681.68768,,,,,,85208.09085758512,,0,0.0,1.1900440179980043,0.0619801996226243,2.3309963661081845,,689,0,,0
2024-08-26,81.43000030517578,2517.699951171875,83.81379699707031,614.9505004882812,29.97699928283692,25010.599609375,3.818000078201294,60.83000183105469,,,,681.68768,,,,,,85624.9393290593,,0,0.0,0.3707562266860087,-0.1510598456935463,3.0498655587083423,,690,0,,0
2024-08-27,79.55000305175781,2516.0,83.88369750976562,613.0560302734375,29.951000213623047,25017.75,3.8329999446868896,60.54999923706055,,,,681.68768,71925.81732301656,71925.81732301656,78032.72634100851,,,85622.02583492373,,0,0.0,-0.0675200065473946,0.0833997685342424,-2.308728044175723,,691,0,,0
2024-08-28,78.6500015258789,2501.0,83.92160034179688,609.4166870117188,29.176000595092773,25052.349609375,3.8410000801086426,60.54999923706055,,,,681.68768,71529.31271468615,71529.31271468615,77602.55624706515,,,83444.19313595601,,0,0.0,-0.59618441971383,0.0451849801051507,-1.1313657967974344,,692,0,,0
2024-08-29,79.94000244140625,2525.699951171875,83.94149780273438,608.8184204101562,29.55699920654297,25151.94921875,3.867000102996826,60.56999969482422,,,,681.68768,72252.86514886102,72252.86514886102,78387.54237848129,,,84553.9026472434,,0,0.0,0.9876030056727324,0.023709582344078,1.640179136046016,,693,0,,0
2024-08-30,78.80000305175781,2493.800048828125,83.89510345458984,613.405029296875,28.731000900268555,25235.900390625,3.91100001335144,60.65999984741211,,,,683.98662,71300.87285256856,71300.87285256856,77354.72054759794,,,82145.53701206812,,0,0.0,-1.2630123514453473,-0.0552698597939715,-1.4260687450992071,,694,0,,0
2024-09-02,,,83.86380004882812,637.9830932617188,,25278.69921875,,60.25,,,,683.98662,,,,,,,,0,0.0,,-0.0373125539783858,,,695,0,,0
2024-09-03,73.75,2489.89990234375,83.92729949951172,648.9509887695312,27.951000213623047,25279.849609375,3.8440001010894775,60.36000061035156,,,,683.98662,71216.68279051472,71216.68279051472,77263.38227272822,,,79946.08594576291,,0,0.0,,0.0757173543848743,,,696,0,,0
2024-09-04,72.69999694824219,2493.39990234375,83.95030212402344,652.291259765625,28.16699981689453,25198.69921875,3.767999887466431,59.83000183105469,,,,683.98662,71336.33694755718,71336.33694755718,77393.19574499126,,,80585.97370806968,,0,0.0,0.1405678998061432,0.02740779775936,-1.4237329515360164,,697,0,,0
2024-09-05,72.69000244140625,2511.39990234375,83.98249816894531,646.0595092773438,28.71999931335449,25145.099609375,3.7309999465942383,60.54999923706055,,,,683.98662,71878.87406950274,71878.87406950274,77981.79733955485,,,82199.62149374373,,0,0.0,0.7219058596689809,0.0383513151320347,-0.0137476028273519,,698,0,,0
2024-09-06,71.05999755859375,2493.5,83.98359680175781,646.3087768554688,27.808000564575195,24852.150390625,3.7100000381469727,60.65999984741211,,,,689.2348199999999,71367.49386490077,71367.49386490077,77426.99806097723,,,79590.42749899648,,0,0.0,-0.7127459998324093,0.001308168769043,-2.242405871600306,,699,0,,0
2024-09-09,71.83999633789062,2501.800048828125,83.98259735107422,640.7250366210938,28.291000366210938,24936.400390625,3.697000026702881,60.15999984741211,,,,689.2348199999999,71604.20085290982,71604.20085290982,77683.80281211913,,,80971.87756874505,,0,0.0,0.3328674083868055,-0.0011900546316834,1.097662265825039,,700,0,,0
2024-09-10,69.19000244140625,2512.300048828125,83.98090362548828,638.3320922851562,28.256999969482425,25041.099609375,3.6459999084472656,60.36000061035156,,,,689.2348199999999,71903.27197121899,71903.27197121899,78008.26676122814,,,80872.93374229524,,0,0.0,0.4196978093800263,-0.0020167578038354,-3.68874447601647,,701,0,,0
2024-09-11,70.61000061035156,2512.10009765625,83.98200225830078,654.8836669921875,28.5629997253418,24918.44921875,3.6530001163482666,60.709999084472656,,,,689.2348199999999,71898.48982876896,71898.48982876896,78003.07858781537,,,81749.78963408458,,0,0.0,-0.0079588889857484,0.0013081936071968,2.0523169805461983,,702,0,,0
2024-09-12,71.97000122070312,2551.199951171875,83.99259948730469,687.288818359375,29.74300003051757,25388.900390625,3.680000066757202,60.61000061035156,,,,689.2348199999999,73026.77533186274,73026.77533186274,79227.16191664351,,,85137.79486106076,,0,0.0,1.5564608095077317,0.012618452429014,1.926073641971016,,703,0,,0
2024-09-13,71.61000061035156,2581.300048828125,83.93479919433594,713.9607543945312,30.698999404907227,25356.5,3.650000095367432,61.63999938964844,,,,689.4580559999999,73837.52803840126,73837.52803840126,80106.75211713342,,,87813.82196694911,,0,0.0,1.1798407899162866,-0.0688159353580797,-0.500209259754747,,704,0,,0
2024-09-16,72.75,2580.39990234375,83.88480377197266,697.9077758789062,30.770999908447266,25383.75,3.621000051498413,62.04999923706055,,,,689.4580559999999,73767.81385664066,73767.81385664066,80031.11880673277,,,87967.34922239416,,0,0.0,-0.0348718268836534,-0.0595645939981626,1.5919555647701644,,705,0,,0
2024-09-17,73.69999694824219,2564.300048828125,83.88400268554688,710.7700805664062,30.61899948120117,25418.55078125,3.641999959945679,61.77000045776367,,,,689.4580559999999,73306.85527782829,73306.85527782829,79531.02223537974,,,87531.9783558901,,0,0.0,-0.6239286205599992,-0.0009549839658173,1.305837729542536,,706,0,,0
2024-09-18,73.6500015258789,2570.699951171875,83.77059936523438,695.365234375,30.340999603271484,25377.55078125,3.684999942779541,61.68000030517578,,,,689.4580559999999,,,,,,86619.9863498569,,0,0.0,0.2495769692269389,-0.1351906402673797,-0.0678363967889894,,707,0,,0
2024-09-19,74.87999725341797,2588.0,83.69170379638672,706.1835327148438,31.0939998626709,25415.80078125,3.740000009536743,62.18999862670898,,,,689.4580559999999,,,,,,88686.10979255178,,0,0.0,0.6729703643647111,-0.0941804994180284,1.670055264162995,,708,0,,0
2024-09-20,74.48999786376953,2619.89990234375,83.61470031738281,728.3685913085938,31.176000595092773,25790.94921875,3.7279999256134033,62.43000030517578,,,,692.29635,74655.86635194559,74655.86635194559,80994.57198560133,,,88838.17781485761,,0,0.0,1.2326082822160078,-0.092008497271423,-0.5208325373311062,,709,0,,0
2024-09-23,73.9000015258789,2626.5,83.48709869384766,766.4073486328125,30.76700019836425,25939.05078125,3.739000082015991,62.810001373291016,,,,692.29635,,,,,,87538.90838648175,,0,0.0,0.2519217490082548,-0.1526066864448561,-0.7920477309848128,,710,0,,0
2024-09-24,75.16999816894531,2651.199951171875,83.55960083007812,769.74755859375,32.11100006103516,25940.400390625,3.736000061035156,62.9900016784668,,,,692.29635,,,,,,91442.2263795391,,0,0.0,0.9404131418951024,0.0868423233826076,1.718533987609816,,711,0,,0
2024-09-25,73.45999908447266,2659.199951171875,83.56759643554688,755.98779296875,31.69799995422364,26004.150390625,3.7809998989105225,63.65999984741211,,,,692.29635,,,,,,90274.76676476462,,0,0.0,0.3017501564325231,0.0095687454096493,-2.274842525111432,,712,0,,0
2024-09-26,71.5999984741211,2669.89990234375,83.62409973144531,714.60888671875,32.025001525878906,26216.05078125,3.7909998893737793,63.77000045776367,,,,692.29635,,,,,,91267.72346487608,,0,0.0,0.4023748258253246,0.0676138818256122,-2.5319910611661167,,713,0,,0
2024-09-27,71.9800033569336,2644.300048828125,83.61710357666016,704.6380615234375,31.518999099731445,26178.94921875,3.749000072479248,63.47999954223633,,,,704.8848,75353.3312118786,75353.3312118786,81751.25556005695,,,89818.15734872913,,0,0.0,-0.9588319582000904,-0.0083661944434987,0.5307330878643102,,714,0,,0
2024-09-30,71.7699966430664,2636.10009765625,83.71640014648438,728.1193237304688,31.16399955749512,25810.849609375,3.802000045776367,63.54999923706055,,,,704.8848,75208.86692419561,75208.86692419561,81594.52543662731,,,88911.9915298063,,0,0.0,-0.3100991196331559,0.1187515060638189,-0.291757021496386,,715,0,,0
2024-10-01,73.55999755859375,2667.300048828125,83.82730102539062,747.9613037109375,31.44499969482422,25796.900390625,3.743000030517578,63.59000015258789,,,,704.8848,76199.82251683688,76199.82251683688,82669.61876826642,,,89832.54046879054,,0,0.0,1.1835647363927837,0.1324721066746859,2.494079697996288,,716,0,,0
2024-10-02,73.9000015258789,2647.10009765625,83.87210083007812,,31.62800025939941,,3.785000085830689,,,,,704.8848,75663.16236944741,75663.16236944741,82087.39313666463,,,90403.62777239506,,0,0.0,-0.7573182919840549,0.0534429763806132,0.462213130192568,,717,0,,0
2024-10-03,77.62000274658203,2657.10009765625,83.91960144042969,728.41845703125,32.18899917602539,25250.099609375,3.849999904632568,63.68999862670898,,,,704.8848,,,,,,92059.26215748944,,0,0.0,0.3777718873892999,0.0566345779841492,5.033831047216464,,718,0,,0
2024-10-04,78.05000305175781,2645.800048828125,84.0093994140625,710.8698120117188,32.12799835205078,25014.599609375,3.9809999465942383,63.9900016784668,,,,701.175919,75749.80225892678,75749.80225892678,82181.38924317528,,,91983.12333620596,,0,0.0,-0.4252774985064489,0.1070047665759688,0.5539813063131005,,719,0,,0
2024-10-07,80.93000030517578,2644.800048828125,84.02780151367188,700.1511840820312,31.7450008392334,24795.75,4.026000022888184,63.810001373291016,,,,701.175919,75737.7586313618,75737.7586313618,82168.32304345854,,,90906.50207676557,,0,0.0,-0.037795751059988,0.0219048103399455,3.6899386813708857,,720,0,,0
2024-10-08,77.18000030517578,2615.0,83.96410369873047,707.8786010742188,30.354999542236328,25013.150390625,4.0329999923706055,63.45000076293945,,,,701.175919,,,,,,86860.13307504306,,0,0.0,-1.1267410873396222,-0.0758056426491626,-4.6336339872226295,,721,0,,0
2024-10-09,76.58000183105469,2606.0,83.91459655761719,719.4447021484375,30.424999237060547,24981.94921875,4.066999912261963,63.02000045776367,,,,701.175919,,,,,,87009.10278323569,,0,0.0,-0.3441682600382356,-0.0589622695085445,-0.7774014922889982,,722,0,,0
2024-10-10,79.4000015258789,2620.60009765625,83.94219970703125,716.7027587890625,31.0049991607666,24998.44921875,4.0960001945495605,63.0099983215332,,,,701.175919,74968.30676763391,74968.30676763391,81333.54036111226,,,88696.9473325372,,0,0.0,0.5602493344685433,0.032894336082645,3.6824231227435833,,723,0,,0
2024-10-11,79.04000091552734,2657.60009765625,83.94599914550781,718.1983642578125,31.520000457763672,24964.25,4.072999954223633,63.540000915527344,,,,690.430223,76030.21822578496,76030.21822578496,82485.61411287989,,,90174.30859496408,,0,0.0,1.4118903541632033,0.0045262555542047,-0.4534012637697815,,724,0,,0
2024-10-14,77.45999908447266,2647.800048828125,84.16829681396484,748.609375,31.08300018310547,25127.94921875,4.0980000495910645,63.97999954223633,,,,690.430223,75950.4459750909,75950.4459750909,82399.06874656088,,,89159.59221299703,,0,0.0,-0.3687555865447112,0.2648103193955808,-1.998990147714308,,725,0,,0
2024-10-15,74.25,2661.39990234375,84.04850006103516,748.8087768554688,31.527000427246097,25057.349609375,4.038000106811523,63.86000061035156,,,,690.430223,76231.89353154863,76231.89353154863,82704.41279366123,,,90304.46487288142,,0,0.0,0.5136284184919404,-0.1423300190978915,-4.144073228005141,,726,0,,0
2024-10-16,74.22000122070312,2674.0,84.05619812011719,749.2076416015625,31.76000022888184,24971.30078125,4.015999794006348,64.44000244140625,,,,690.430223,76599.82002012152,76599.82002012152,83103.57832371673,,,90980.19077679008,,0,0.0,0.4734387209210489,0.009159067772102,-0.0404023963594291,,727,0,,0
2024-10-17,74.44999694824219,2691.0,84.03929901123047,725.92578125,31.57299995422364,24749.849609375,4.0960001945495605,64.44000244140625,,,,690.430223,,,,,,90426.32343191728,,0,0.0,0.6357516828721099,-0.0201045363276697,0.3098837560715495,,728,0,,0
2024-10-18,73.05999755859375,2713.699951171875,84.05380249023438,716.8523559570312,33.03200149536133,24854.05078125,4.072999954223633,65.18000030517578,,,,688.26742,77734.85546526052,77734.85546526052,84334.98470287697,,,94621.28857913484,,0,0.0,0.843550768185608,0.0172579723707322,-1.8670241056084504,,729,0,,0
2024-10-21,74.29000091552734,2723.10009765625,84.0687026977539,701.9957885742188,33.86899948120117,24781.099609375,4.182000160217285,65.79000091552734,,,,688.26742,,,,,,97036.09622514543,,0,0.0,0.3463959410956896,0.0177269880458519,1.6835524199780183,,730,0,,0
2024-10-22,76.04000091552734,2744.199951171875,84.07350158691406,673.9279174804688,34.83100128173828,24472.099609375,4.203999996185303,65.7300033569336,,,,688.26742,,,,,,99797.96794656776,,0,0.0,0.7748467834063577,0.0057082945331243,2.355633299816295,,731,0,,0
2024-10-23,74.95999908447266,2714.39990234375,84.08399963378906,692.6232299804688,33.63999938964844,24435.5,4.242000102996826,66.16000366210938,,,,688.26742,77782.84000781478,77782.84000781478,84387.0434047047,,,96397.53848092513,,0,0.0,-1.0859284803718228,0.012486748710172,-1.42030749349209,,732,0,,0
2024-10-24,74.37999725341797,2734.89990234375,84.06759643554688,694.0689697265625,33.61100006103516,24399.400390625,4.199999809265137,65.75,,,,688.26742,78354.99186868423,78354.99186868423,85007.7741971574,,,96295.64995135016,,0,0.0,0.7552313858506743,-0.0195081089310988,-0.7737484500247693,,733,0,,0
2024-10-25,76.05000305175781,2740.89990234375,84.08180236816406,669.7401733398438,33.60300064086914,24180.80078125,4.23199987411499,65.44999694824219,,,,684.80473,,,,,,96288.99996446124,,0,0.0,0.2193864570640524,0.0168982262126249,2.245235090087472,,734,0,,0
2024-10-28,71.41999816894531,2742.89990234375,84.10199737548828,667.097900390625,33.83000183105469,24339.150390625,4.277999877929688,65.77999877929688,,,,684.80473,,,,,,96962.75238222748,,0,0.0,0.0729687354977803,0.0240182854736925,-6.088106110477643,,735,0,,0
2024-10-29,71.12000274658203,2768.39990234375,84.10279846191406,671.1859741210938,34.26900100708008,24466.849609375,4.27400016784668,66.30000305175781,,,,684.80473,,,,,,98221.93702641055,,0,0.0,0.9296730069591864,0.0009525177175007,-0.4200440073572009,,736,0,,0
2024-10-30,72.55000305175781,2788.5,84.08930206298828,672.28271484375,33.91400146484375,24340.849609375,4.265999794006348,67.0199966430664,,,,684.80473,,,,,,97188.83714509252,,0,0.0,0.7260547018237196,-0.0160475027854101,2.010686515678617,,737,0,,0
2024-10-31,73.16000366210938,2738.300048828125,84.08910369873047,655.232666015625,32.65299987792969,24205.349609375,4.283999919891357,66.91999816894531,,,,684.80473,,,,,,93574.9090095473,,0,0.0,-1.8002492799668257,-0.0002358971390448,0.8408002545725379,,738,0,,0
2024-11-01,73.0999984741211,2738.60009765625,84.09149932861328,668.8427734375,32.54199981689453,24304.349609375,4.361000061035156,66.91999816894531,78425.0,93501.0,pdf,682.129956,78483.31138611567,78483.31138611567,85146.98876795567,-58.3113861156744,-0.074297815785064,93259.46884110683,241.5311588931509,0,0.0,0.0109574854024296,0.002848918322873,-0.0820191156159833,78430.0,739,0,,1
2024-11-04,75.08000183105469,2736.10009765625,84.13359832763672,657.5757446289062,32.47999954223633,23995.349609375,4.309000015258789,66.0199966430664,78518.0,94482.0,pdf,682.129956,78450.92140641525,78450.92140641525,85111.84869563917,67.07859358475253,0.0855038951515325,93128.3871358026,1353.6128641974065,0,0.0,-0.0912875159151394,0.0500633231177438,2.70862297984118,78422.0,740,0,-58.3113861156744,0
2024-11-05,75.52999877929688,2740.300048828125,84.15249633789062,650.3967895507812,32.654998779296875,24213.30078125,4.289000034332275,65.94000244140625,78566.0,94261.0,pdf,682.129956,78588.99326865278,78588.99326865278,85261.6436405195,-22.99326865277544,-0.029257619542439,93651.18540035428,609.814599645717,0,0.0,0.1535013713669597,0.0224619065742448,0.5993566026473607,78507.0,741,0,67.07859358475253,0
2024-11-06,74.91999816894531,2667.60009765625,84.11630249023438,697.9575805664062,31.22100067138672,24484.05078125,4.426000118255615,65.58999633789062,78136.0,92901.0,pdf,682.129956,76471.1290181741,76471.1290181741,82963.96072726435,1664.870981825894,2.17712358010331,89500.11557263671,3400.884427363286,0,0.0,-2.65299236858988,-0.0430098324248451,-0.8076269299752248,76655.0,742,0,-22.99326865277544,0
2024-11-07,75.62999725341797,2698.39990234375,84.2511978149414,703.9899291992188,31.76499938964844,24199.349609375,4.341000080108643,64.33000183105469,76780.0,90369.0,pdf,682.129956,77478.10677047688,77478.10677047688,84056.4365906117,-698.1067704768793,-0.9010374666807084,91205.607150285,-836.6071502849954,0,0.0,1.154588527514333,0.1603676347075477,0.9476763238456032,77411.0,743,0,1664.870981825894,0
2024-11-08,73.87000274658203,2687.5,84.306396484375,692.0747680664062,31.358999252319336,24148.19921875,4.306000232696533,65.0,77382.0,91130.0,pdf,675.653218,77215.69822845125,77215.69822845125,83771.74807803672,166.30177154875128,0.2153730075155559,90098.86597258857,1031.1340274114336,0,0.0,-0.4039394729551615,0.0655167770490683,-2.327111689477679,77272.0,744,0,-698.1067704768793,0
2024-11-11,71.83000183105469,2611.199951171875,84.38289642333984,698.1570434570312,30.540000915527344,24141.30078125,4.308000087738037,64.48999786376953,76840.0,90859.0,pdf,675.653218,75091.56587573371,75091.56587573371,81467.26486518279,1748.4341242662922,2.328402802466141,87825.38807738893,3033.611922611075,0,0.0,-2.8390715843023218,0.0907403733938716,-2.761609367371698,77272.0,745,0,166.30177154875128,0
2024-11-12,71.88999938964844,2600.0,84.39649963378906,702.2450561523438,30.68600082397461,23883.44921875,4.432000160217285,62.84000015258789,74900.0,88252.0,pdf,675.653218,74781.53680155695,74781.53680155695,81130.91256772687,118.46319844304526,0.1584123615397254,88259.47307348708,-7.473073487082729,0,0.0,-0.4289197066983941,0.0161208147928082,0.0835271572662055,74901.0,746,0,1748.4341242662922,0
2024-11-13,72.27999877929688,2580.800048828125,84.39530181884766,668.4938354492188,30.59000015258789,23559.05078125,4.451000213623047,63.25,75260.0,89747.0,pdf,675.653218,74228.25180389448,74228.25180389448,80530.65054196097,1031.7481961055164,1.3899669883527883,87982.10597673013,1764.894023269866,0,0.0,-0.7384596604567362,-0.0014192708780669,0.5424946348025594,74482.0,747,0,118.46319844304526,0
2024-11-14,72.55999755859375,2568.199951171875,84.4229965209961,651.9921264648438,30.507999420166016,23532.69921875,4.418000221252441,61.790000915527344,,,,675.653218,73890.09072148983,73890.09072148983,80163.77766954084,,,87775.05208886137,,0,0.0,-0.488224481473154,0.0328154548316916,0.3873807194599399,,748,0,1031.7481961055164,0
2024-11-15,71.04000091552734,2565.699951171875,84.47380065917969,,30.371000289916992,,4.427999973297119,,73739.0,87103.0,pdf,657.8919080000001,73862.58517535121,73862.58517535121,80133.93674684329,-123.58517535121064,-0.1673176954987657,87433.47384599665,-330.47384599664656,0,0.0,-0.0973444454299254,0.0601780797616635,-2.0948135256467992,73946.0,749,0,,0
2024-11-18,73.30000305175781,2610.60009765625,84.47750091552734,666.3002319335938,31.163000106811523,23453.80078125,4.414000034332275,62.900001525878906,74808.0,89289.0,pdf,657.8919080000001,75158.48392245939,75158.48392245939,81539.86463285687,-350.48392245938885,-0.4663264932552142,89717.45019875493,-428.45019875493017,0,0.0,1.7500154865679909,0.004380359731404,3.1813092723884,75047.0,750,0,-123.58517535121064,0
2024-11-19,73.30999755859375,2627.10009765625,84.39849853515625,699.3036499023438,31.20800018310547,23518.5,4.379000186920166,63.720001220703125,,,,657.8919080000001,75562.78295637947,75562.78295637947,81978.49094324186,,,89762.9803463701,,0,0.0,0.6320385881703361,-0.0935188417210519,0.0136350701498422,,751,0,-350.48392245938885,0
2024-11-20,72.80999755859375,2648.199951171875,84.39759826660156,,30.95599937438965,,4.406000137329102,,75873.0,90956.0,pdf,657.8919080000001,76168.86155743118,76168.86155743118,82636.02904815646,-295.86155743118434,-0.3884284882059124,89037.205429915,1918.794570084996,0,0.0,0.8031613844653007,-0.0010666878798915,-0.6820352157294374,76034.0,752,0,,0
2024-11-21,74.2300033569336,2672.10009765625,84.38310241699219,709.67333984375,30.91200065612793,23349.900390625,4.432000160217285,64.56999969482422,76932.0,90317.0,pdf,657.8919080000001,76843.08903548511,76843.08903548511,83367.50225547912,88.91096451488556,0.1157045684014962,88895.38310212622,1421.6168978737842,0,0.0,0.9025053593026078,-0.0171756660226063,1.950289583785647,76693.0,753,0,-295.86155743118434,0
2024-11-22,75.16999816894531,2709.89990234375,84.48829650878906,704.3887939453125,31.30900001525879,23907.25,4.409999847412109,65.33000183105469,77787.0,90850.0,pdf,656.581814,78027.26897161372,78027.26897161372,84652.22577109035,-240.26897161372472,-0.3079294902672224,90149.2989947703,700.7010052296973,0,0.0,1.414610355377599,0.1246625079948327,1.2663273198194158,77616.0,754,0,88.91096451488556,0
2024-11-25,73.01000213623047,2616.800048828125,84.43599700927734,697.359375,30.209999084472656,24221.900390625,4.264999866485596,64.37999725341797,77081.0,89445.0,pdf,656.581814,75299.96571528351,75299.96571528351,81693.3590307321,1781.0342847164866,2.3652524510446,86931.0552152527,2513.9447847473057,0,0.0,-3.4355458456271526,-0.0619014723610589,-2.873481555580504,75311.0,755,0,-240.26897161372472,0
2024-11-26,72.80999755859375,2620.300048828125,84.37750244140625,691.3269653320312,30.38800048828125,24194.5,4.302000045776367,63.38999938964844,75690.0,88463.0,pdf,656.581814,75348.44509243165,75348.44509243165,81745.95458141169,341.55490756835206,0.4533005387826635,87382.68685237254,1080.3131476274575,0,0.0,0.133751143942673,-0.0692768131400956,-0.2739413392476408,75211.0,756,0,1781.0342847164866,0
2024-11-27,72.83000183105469,2639.89990234375,84.33910369873047,695.614501953125,30.11100006103516,24274.900390625,4.242000102996826,63.959999084472656,76175.0,88430.0,pdf,656.581814,75877.50546244644,75877.50546244644,82319.93517152207,297.4945375535608,0.3920721111486695,86546.75010906588,1883.249890934123,0,0.0,0.7480003492115639,-0.0455082712390586,0.02747462317223,75760.0,757,0,341.55490756835206,0
2024-11-28,,,84.42030334472656,705.5853271484375,,23914.150390625,,64.04000091552734,76287.0,87904.0,pdf,656.581814,,,,,,,,0,0.0,,0.096277577582704,,75724.0,758,0,297.4945375535608,0
2024-11-29,72.94000244140625,2657.0,84.47160339355469,722.3363037109375,30.684999465942383,24131.099609375,4.177999973297119,64.29000091552734,76740.0,89383.0,pdf,658.0913499999999,76488.98459326936,76488.98459326936,82983.33234175447,251.015406730643,0.328171968899076,88335.13178001298,1047.8682199870236,0,0.0,,0.0607674301034366,,77128.0,759,0,,0
2024-12-02,71.83000183105469,2634.89990234375,84.55699920654297,719.9931030273438,30.448999404907227,24276.05078125,4.196000099182129,63.7599983215332,76308.0,88611.0,pdf,658.0913499999999,75929.4557490021,75929.4557490021,82376.29633146452,378.5442509979039,0.4985472992842819,87744.35608957235,866.6439104276506,0,0.0,-0.8317688240967236,0.10109410684489,-1.5217995245383251,76638.0,760,0,251.015406730643,0
2024-12-03,73.62000274658203,2644.699951171875,84.73709869384766,724.729248046875,31.07699966430664,24457.150390625,4.2230000495910645,64.05999755859375,,,,658.0913499999999,76374.18709301177,76374.18709301177,82858.78788392786,,,89744.79640306729,,0,0.0,0.3719324904679633,0.2129918149824217,2.49199619921694,76903.0,761,0,378.5442509979039,0
2024-12-04,72.30999755859375,2653.800048828125,84.68309783935547,720.6412353515625,31.5049991607666,24467.44921875,4.179999828338623,64.01000213623047,76392.0,90025.0,pdf,658.0913499999999,76588.14272730025,76588.14272730025,83090.90956263705,-196.14272730024825,-0.2561006447155065,90922.80231940492,-897.8023194049165,0,0.0,0.3440880940848378,-0.0637275235104373,-1.779414750224384,77092.0,762,0,,0
2024-12-05,72.08999633789062,2626.60009765625,84.70700073242188,718.54736328125,31.13400077819824,24708.400390625,4.179999828338623,64.05999755859375,76453.0,91210.0,pdf,658.0913499999999,75824.55395042493,75824.55395042493,82262.4877764044,628.4460495750682,0.8288160191301016,89877.47026300529,1332.5297369947075,0,0.0,-1.0249435025779796,0.0282262856181159,-0.3042473076075747,76476.0,763,0,-196.14272730024825,0
2024-12-06,71.12000274658203,2638.60009765625,84.68379974365234,728.3685913085938,31.18600082397461,24677.80078125,4.151000022888184,63.9900016784668,76187.0,90820.0,pdf,654.85673,76150.1063256269,76150.1063256269,82615.6813910103,36.89367437310284,0.0484486183319838,90002.92544240401,817.0745575959882,0,0.0,0.4568643704349062,-0.0273896945576224,-1.3455314753550107,76476.0,764,0,628.4460495750682,0
2024-12-09,72.13999938964844,2664.89990234375,84.66600036621094,773.1875,32.215999603271484,24619.0,4.198999881744385,64.29000091552734,76692.0,90820.0,pdf,654.85673,76892.95451451333,76892.95451451333,83421.60159593426,-200.95451451333065,-0.2613432085970907,92955.9639352787,-2135.9639352787053,0,0.0,0.9967332568076914,-0.0210186334284601,1.4341909500494632,77486.0,765,0,36.89367437310284,0
2024-12-10,72.19000244140625,2697.60009765625,84.84729766845703,756.685791015625,32.362998962402344,24610.05078125,4.2210001945495605,64.66999816894531,77175.0,92810.0,pdf,654.85673,78003.15822491891,78003.15822491891,84626.06788552522,-828.1582249189087,-1.0616983257664367,93580.07255747209,-770.0725574720709,0,0.0,1.2270703032313035,0.2141323570995723,0.0693139065440329,78338.0,766,0,-200.95451451333065,0
2024-12-11,73.5199966430664,2733.800048828125,84.8740005493164,760.7239379882812,32.5620002746582,24641.80078125,4.270999908447266,65.04000091552734,77666.0,92700.0,pdf,654.85673,79074.78568544282,79074.78568544282,85788.68258326343,-1408.7856854428246,-1.7815864731482582,94185.13231469358,-1485.1323146935756,0,0.0,1.3419317119437668,0.0314716927859226,1.842352343372844,79002.0,767,0,-828.1582249189087,0
2024-12-12,73.41000366210938,2687.5,84.85710144042969,757.8822021484375,31.22800064086914,24548.69921875,4.323999881744385,65.48999786376953,78147.0,93300.0,pdf,654.85673,77720.08543360847,77720.08543360847,84318.96061193371,426.914566391526,0.5492976030709759,90308.57219457225,2991.427805427753,0,0.0,-1.6936150413770057,-0.0199108193054908,-0.149609610962087,77969.0,768,0,-1408.7856854428246,0
2024-12-13,74.48999786376953,2656.0,84.83920288085938,744.920166015625,30.655000686645508,24768.30078125,4.39900016784668,64.61000061035156,76922.0,89976.0,pdf,652.86877,76792.93269974641,76792.93269974641,83313.08736293242,129.06730025359138,0.1680718468693377,88632.80890964791,1343.1910903520911,0,0.0,-1.1720930232558158,-0.0210925889129964,1.4711812393187529,77136.0,769,0,426.914566391526,0
2024-12-16,73.91000366210938,2651.39990234375,84.802001953125,761.0230712890625,30.69700050354004,24668.25,4.396999835968018,64.4800033569336,76908.0,89515.0,pdf,652.86877,76626.31564900874,76626.31564900874,83132.32358147175,281.6843509912578,0.3676078493471214,88715.32536388696,799.6746361130354,0,0.0,-0.1731964479009806,-0.0438487473610749,-0.7786202420368871,77061.0,770,0,129.06730025359138,0
2024-12-17,73.19000244140625,2644.39990234375,84.91729736328125,754.1431884765625,30.57299995422364,24336.0,4.385000228881836,64.0999984741211,76362.0,88525.0,pdf,652.86877,76527.91821693428,76527.91821693428,83025.57165044756,-165.9182169342821,-0.2168074355086367,88477.08843391952,47.91156608048186,0,0.0,-0.2640114753648559,0.1359583588840029,-0.9741593627768164,76871.0,771,0,281.6843509912578,0
2024-12-18,73.38999938964844,2636.5,84.91539764404297,751.9994506835938,30.40999984741211,24198.849609375,4.49399995803833,64.37999725341797,76658.0,89060.0,pdf,652.86877,76297.59115270963,76297.59115270963,82775.68851473214,360.4088472903677,0.4723725111701225,88003.40357715957,1056.5964228404337,0,0.0,-0.2987408348014364,-0.0022371404852394,0.2732571957519747,76653.0,772,0,-165.9182169342821,0
2024-12-19,72.87999725341797,2592.199951171875,85.16549682617188,740.2837524414062,29.0939998626709,23951.69921875,4.570000171661377,63.77999877929688,76013.0,87035.0,pdf,652.86877,75236.5349614002,75236.5349614002,81624.5426468021,776.4650385997957,1.0320318964691262,84443.01284880609,2591.9871511939127,0,0.0,-1.6802597696994104,0.2945274815497001,-0.6949204802724207,75651.0,773,0,360.4088472903677,0
2024-12-20,72.94000244140625,2628.699951171875,85.27940368652344,717.1016235351562,29.65999984741211,23587.5,4.52400016784668,63.31999969482422,75377.0,85133.0,pdf,644.3905890000001,76397.96234029438,76397.96234029438,82884.58178428163,-1020.9623402943836,-1.3363737840896577,86200.92035782023,-1067.920357820229,0,0.0,1.408070391464178,0.1337476614315491,0.0823342347004096,76420.0,774,0,776.4650385997957,0
2024-12-23,72.62999725341797,2612.300048828125,84.94499969482422,721.8377685546875,29.88800048828125,23753.44921875,4.598999977111816,63.970001220703125,75944.0,87488.0,pdf,644.3905890000001,75623.6232133117,75623.6232133117,82044.49688236647,320.37678668829903,0.4236464388708428,86522.94320244712,965.0567975528828,0,0.0,-0.6238788240719106,-0.3921274976645517,-0.425013953402753,76100.0,775,0,-1020.9623402943836,0
2024-12-24,73.58000183105469,2620.0,85.0988998413086,717.8992309570312,29.974000930786133,23727.650390625,4.591000080108643,63.68000030517578,,,,644.3905890000001,75983.94542070257,75983.94542070257,82435.41248472448,,,86929.11644140996,,0,0.0,0.2947575327470142,0.1811762281915152,1.3080058014073748,,776,0,320.37678668829903,0
2024-12-25,,,85.18150329589844,,,,,,75874.0,87511.0,pdf,644.3905890000001,,,,,,,,0,0.0,,0.0970675939922616,,76243.0,777,0,,0
2024-12-26,73.26000213623047,2638.800048828125,85.41339874267578,724.3304443359375,30.04700088500977,23750.19921875,4.578999996185303,64.0,76336.0,88040.0,pdf,644.3905890000001,76812.00302831318,76812.00302831318,83333.77687033976,-476.0030283131782,-0.6196987574164963,87462.8725278391,577.1274721608934,0,0.0,,0.2722368563651711,,76827.0,778,0,,0
2024-12-27,74.16999816894531,2617.199951171875,85.26090240478516,719.54443359375,29.655000686645508,23813.400390625,4.61899995803833,64.20999908447266,76436.0,87831.0,pdf,640.27851,76047.23564464261,76047.23564464261,82504.07640692357,388.7643553573871,0.5112143157629357,86167.69323450398,1663.3067654960178,0,0.0,-0.8185575737669981,-0.1785391286793891,1.2421457905811506,76544.0,779,0,-476.0030283131782,0
2024-12-30,74.38999938964844,2606.10009765625,85.38600158691406,742.2280883789062,29.106000900268555,23644.900390625,4.545000076293945,64.0,76194.0,87175.0,pdf,640.27851,75835.81754419324,75835.81754419324,82274.70771303984,358.1824558067601,0.4723130407317488,84696.56924148716,2478.430758512841,0,0.0,-0.4241117882741396,0.1467251443516115,0.2966175355728184,76260.0,780,0,388.7643553573871,0
2024-12-31,74.63999938964844,2629.199951171875,85.7865982055664,764.0142822265625,28.940000534057617,23644.80078125,4.572999954223633,64.08999633789062,76162.0,86017.0,pdf,640.27851,76866.95291593327,76866.95291593327,83393.3923144559,-704.9529159332742,-0.9171079237448851,84608.61477830863,1408.3852216913656,0,0.0,0.8863762959987476,0.4691595943213,0.3360666783857935,76748.0,781,0,358.1824558067601,0
2025-01-01,,,,773.5862426757812,,23742.900390625,,64.3499984741211,76583.0,86055.0,pdf,640.27851,,,,,,,,0,0.0,,,,76893.0,782,0,-704.9529159332742,0
2025-01-02,75.93000030517578,2658.89990234375,85.78569793701172,785.6011352539062,29.621999740600582,24188.650390625,4.574999809265137,64.5999984741211,77079.0,87167.0,pdf,640.27851,77734.4411076707,77734.4411076707,84334.53516398235,-655.4411076707038,-0.8431798033549199,86601.59008984988,565.4099101501197,0,0.0,,,,77717.0,783,0,,0
2025-01-03,76.51000213623047,2645.0,85.80400085449219,775.5305786132812,29.80599975585937,24004.75,4.5960001945495605,65.06999969482422,77504.0,88121.0,pdf,634.58512,77344.56803759698,77344.56803759698,83911.55966343067,159.43196240301768,0.2061320742337306,87158.11629662247,962.8837033775344,0,0.0,-0.5227689215189235,0.0213356281065779,0.763863859770253,77317.0,784,0,-655.4411076707038,0
2025-01-06,76.30000305175781,2638.39990234375,85.75900268554688,742.3776245117188,30.34199905395508,23616.05078125,4.618000030517578,64.61000061035156,77161.0,89152.0,pdf,634.58512,77111.10870779268,77111.10870779268,83658.27831505808,49.891292207321385,0.0647005250519494,88678.94458997135,473.0554100286536,0,0.0,-0.2495311023156921,-0.0524429729350517,-0.2744727207022457,77158.0,785,0,159.43196240301768,0
2025-01-07,77.05000305175781,2656.699951171875,85.68070220947266,720.8406372070312,30.44700050354004,23707.900390625,4.683000087738037,64.7699966430664,77126.0,89474.0,pdf,634.58512,77575.06146216815,77575.06146216815,84161.62328442768,-449.0614621681452,-0.5788734855042865,88904.58007344532,569.4199265546777,0,0.0,0.6936040594857751,-0.0913029228678419,0.9829619528209488,77531.0,786,0,49.891292207321385,0
2025-01-08,76.16000366210938,2664.5,85.80650329589844,704.3389282226562,30.45199966430664,23688.94921875,4.692999839782715,65.12000274658203,77364.0,89503.0,pdf,634.58512,77917.05554482187,77917.05554482187,84532.65460051429,-553.0555448218656,-0.7098003652149302,89049.73350702485,453.26649297514814,0,0.0,0.2935991633034929,0.1468254614886532,-1.1550932568433314,77747.0,787,0,-449.0614621681452,0
2025-01-09,76.91999816894531,2683.800048828125,85.90750122070312,660.6168823242188,30.791000366210938,23526.5,,65.4000015258789,77618.0,89800.0,pdf,634.58512,78573.81623581743,78573.81623581743,85245.17799168872,-955.8162358174304,-1.2164564248079972,90147.04376162658,-347.04376162658446,0,0.0,0.7243403575952323,0.1177042775608816,0.9978918990179108,78104.0,788,0,-553.0555448218656,0
2025-01-10,79.76000213623047,2708.5,85.91999816894531,624.9213256835938,31.090999603271484,23431.5,4.776000022888184,65.93000030517578,78018.0,90268.0,pdf,625.871054,79308.49388108209,79308.49388108209,86042.23392758906,-1290.4938810820895,-1.627182433973719,91038.59522956552,-770.5952295655152,0,0.0,0.9203349997202626,0.014546981421426,3.692152931474912,78423.0,789,0,-955.8162358174304,0
2025-01-13,81.01000213623047,2673.5,86.18800354003906,571.4278564453125,30.090999603271484,23085.94921875,4.802999973297119,66.25,78308.0,89800.0,pdf,625.871054,78527.8329166017,78527.8329166017,85195.29042838863,-219.83291660170653,-0.2799426756563802,88385.29976208085,1414.7002379191545,0,0.0,-1.2922281705741168,0.3119243212351685,1.5672015628397151,78166.0,790,0,-1290.4938810820895,0
2025-01-14,79.91999816894531,2677.5,86.65059661865234,594.659912109375,30.131999969482425,23176.05078125,4.788000106811523,66.04000091552734,78028.0,88730.0,pdf,625.871054,79067.4331805836,79067.4331805836,85780.7058091237,-1039.4331805835973,-1.3146160672872942,88980.76168755922,-250.7616875592212,0,0.0,0.1496166074434368,0.5367255994024545,-1.3455177614390743,78156.0,791,0,-219.83291660170653,0
2025-01-15,82.02999877929688,2712.5,86.535400390625,553.4803466796875,31.319000244140625,23213.19921875,4.652999877929688,66.26000213623047,78424.0,89550.0,pdf,625.871054,79994.50543287558,79994.50543287558,86786.49174321406,-1570.5054328755796,-1.9632666323481565,92363.05751823552,-2813.057518235524,0,0.0,1.3071895424836557,-0.1329433754903242,2.640140964331805,78710.0,792,0,-1039.4331805835973,0
2025-01-16,81.29000091552734,2746.39990234375,86.43099975585938,537.6267700195312,31.52300071716309,23311.80078125,4.605999946594238,66.58999633789062,79184.0,91784.0,pdf,625.871054,80896.53403838885,80896.53403838885,87765.10768315771,-1712.5340383888542,-2.116943647519168,92852.51934111668,-1068.5193411166692,0,0.0,1.2497659850230436,-0.1206450011144055,-0.9021063937359132,79226.0,793,0,-1570.5054328755796,0
2025-01-17,80.79000091552734,2744.300048828125,86.6061019897461,500.0367736816406,30.951000213623047,23203.19921875,4.609000205993652,66.66000366210938,,,,623.9832879999999,80998.44638527183,80998.44638527183,87875.6729651534,,,91352.36259767652,,0,0.0,-0.0764584033750126,0.2025919338910053,-0.6150817989528323,,794,0,-1712.5340383888542,0
2025-01-20,,,86.56900024414062,529.3510131835938,,23344.75,,66.58999633789062,79345.0,90200.0,pdf,623.9832879999999,,,,,,,,0,0.0,,-0.0428396438046152,,78544.0,795,0,,0
2025-01-21,79.29000091552734,2755.0,86.21109771728516,486.9251403808594,31.31100082397461,23024.650390625,4.573999881744385,66.94999694824219,79453.0,90533.0,pdf,623.9832879999999,80943.3885780661,80943.3885780661,87815.94043846792,-1490.388578066093,-1.8412727762548309,91993.41221281757,-1460.412212817566,0,0.0,,-0.4134303571094899,,79224.0,796,0,,0
2025-01-22,79.0,2767.60009765625,86.45189666748047,484.2330017089844,31.23900032043457,23155.349609375,4.598999977111816,67.62000274658203,80194.0,91248.0,pdf,623.9832879999999,81540.70581093966,81540.70581093966,88463.9732854534,-1346.7058109396603,-1.6515748760651316,92038.2296963189,-790.2296963189001,0,0.0,0.4573538169237778,0.2793131703124452,-0.3657471461455785,79564.0,797,0,-1490.388578066093,0
2025-01-23,78.29000091552734,2763.10009765625,86.47270202636719,476.7548828125,30.67300033569336,23205.349609375,4.638000011444092,67.43000030517578,80039.0,90633.0,pdf,623.9832879999999,81427.71562636818,81427.71562636818,88341.38959464472,-1388.7156263681827,-1.705458167020572,90392.39479094176,240.605209058238,0,0.0,-0.1625957450937631,0.0240658212123934,-0.8987330183198194,79626.0,798,0,-1346.7058109396603,0
2025-01-24,78.5,2777.300048828125,86.44020080566406,457.4114990234375,31.02300071716309,23092.19921875,4.625999927520752,67.7699966430664,80348.0,91211.0,pdf,629.556939,81815.4215292108,81815.4215292108,88762.01392320037,-1467.4215292107983,-1.7935757119907776,91389.47309084146,-178.473090841464,0,0.0,0.5139137443453512,-0.0375855269252656,0.2682323183253565,80026.0,799,0,-1388.7156263681827,0
2025-01-27,77.08000183105469,2737.5,86.2030029296875,435.9243774414063,30.253999710083008,22829.150390625,4.527999877929688,67.69000244140625,80397.0,90274.0,pdf,629.556939,80421.67722321305,80421.67722321305,87249.93283650471,-24.67722321304609,-0.0306847905503806,88879.53970394435,1394.4602960556513,0,0.0,-1.4330482169155112,-0.2744069006848204,-1.808914864898492,79578.0,800,0,-1467.4215292107983,0
2025-01-28,77.48999786376953,2766.800048828125,86.46839904785156,436.7718811035156,30.72699928283692,22957.25,4.551000118255615,67.58000183105469,80313.0,89750.0,pdf,629.556939,81532.69469678545,81532.69469678545,88455.28198236156,-1219.6946967854456,-1.4959577888617654,90547.0220927958,-797.0220927957998,0,0.0,1.0703214183789944,0.3078734024852148,0.5319097340104939,80289.0,801,0,-24.67722321304609,0
2025-01-29,76.58000183105469,2769.10009765625,86.58460235595703,447.3908386230469,31.238000869750977,23163.099609375,4.554999828338623,67.86000061035156,80975.0,90680.0,pdf,629.556939,81710.13445103371,81710.13445103371,88647.78737612147,-735.1344510337076,-0.8996857684455902,92176.56137491197,-1496.5613749119511,0,0.0,0.0831302872464245,0.1343881804046764,-1.1743399894198592,80280.0,802,0,-1219.6946967854456,0
2025-01-30,76.87000274658203,2823.0,86.6406021118164,439.36431884765625,32.36399841308594,23249.5,4.51200008392334,68.08999633789062,81303.0,92184.0,pdf,629.556939,83354.47938249946,83354.47938249946,90431.74649988148,-2051.479382499456,-2.461150735625817,95560.90111437536,-3376.901114375374,0,0.0,1.9464772107505413,0.0646763446797926,0.3786901391921171,82044.0,803,0,-735.1344510337076,0
2025-01-31,76.76000213623047,2812.5,86.64700317382812,501.6321105957031,32.12799835205078,23508.400390625,4.568999767303467,69.08000183105469,82086.0,93533.0,pdf,630.60739,83050.58215698398,83050.58215698398,90102.04667974677,-964.5821569839754,-1.1614393685533737,94871.07437071782,-1338.074370717819,0,0.0,-0.3719447396386854,0.0073880627046607,-0.1430995270212287,82233.0,804,0,-2051.479382499456,0
2025-02-03,75.95999908447266,2833.89990234375,86.55400085449219,501.43267822265625,32.391998291015625,23361.05078125,4.543000221252441,69.63999938964844,82704.0,93313.0,pdf,630.60739,83592.68154488936,83592.68154488936,90690.17337417242,-888.6815448893612,-1.0631092680190408,95547.97597134832,-2234.9759713483218,0,0.0,,,,83283.0,805,0,-964.5821569839754,0
2025-02-04,76.19999694824219,2853.300048828125,86.94339752197266,562.1549682617188,32.88800048828125,23739.25,4.513000011444092,70.08000183105469,83010.0,93793.0,pdf,630.60739,84543.5839755691,84543.5839755691,91721.81280368344,-1533.5839755690977,-1.8139566640707632,97447.49530325511,-3654.495303255113,0,0.0,0.6845741611526401,0.4498886979645178,0.3159529576911124,83797.0,806,0,-888.6815448893612,0
2025-02-05,74.61000061035156,2871.60009765625,87.13009643554688,566.1931762695312,32.85699844360352,23696.30078125,4.421999931335449,71.56999969482422,84657.0,95425.0,pdf,630.60739,85268.52638420172,85268.52638420172,92508.30692625656,-611.5263842017157,-0.7171771462852645,97564.69366959397,-2139.693669593951,0,0.0,0.6413643330515084,0.2147361604163622,-2.086609450877808,84567.0,807,0,-1533.5839755690977,0
2025-02-06,74.29000091552734,2856.0,87.33409881591797,540.8174438476562,32.518001556396484,23603.349609375,4.440000057220459,71.43000030517578,84613.0,94762.0,pdf,630.60739,85003.86046308534,85003.86046308534,92221.1693703284,-390.86046308533696,-0.4598149554102617,96784.1620041428,-2022.162004142796,0,0.0,-0.5432545314712378,0.2341353776900812,-0.4288965181697413,84444.0,808,0,-611.5263842017157,0
2025-02-07,74.66000366210938,2867.300048828125,87.58830261230469,537.8262329101562,32.334999084472656,23559.94921875,4.486999988555908,71.54000091552734,84699.0,95391.0,pdf,638.261393,85588.58682092236,85588.58682092236,92855.54230571764,-889.5868209223554,-1.03937552185976,96519.61180787206,-1128.611807872061,0,0.0,0.3956599729735721,0.2910704980451317,0.4980518804983624,84888.0,809,0,-390.86046308533696,0
2025-02-10,75.87000274658203,2914.300048828125,87.51309967041016,520.5267944335938,32.391998291015625,23381.599609375,4.493000030517578,72.5199966430664,85665.0,95533.0,pdf,638.261393,86916.84102468581,86916.84102468581,94296.57280980064,-1251.8410246858111,-1.4402744162437606,96606.73639504654,-1073.736395046537,0,0.0,1.6391727129920983,-0.0858595721707322,1.6206791121371689,85816.0,810,0,-889.5868209223554,0
2025-02-11,77.0,2912.5,87.49009704589844,518.7320556640625,32.23099899291992,23071.80078125,4.537000179290772,71.9800033569336,85481.0,94170.0,pdf,638.261393,86840.32411302585,86840.32411302585,94213.55917922614,-1359.324113025854,-1.565314416902272,96101.3012543099,-1931.301254309903,0,0.0,-0.0617660775474648,-0.0262847786198339,1.4893860715839755,85523.0,811,0,-1251.8410246858111,0
2025-02-12,75.18000030517578,2909.0,86.81120300292969,511.1043701171875,32.69499969482422,23045.25,4.63700008392334,71.47000122070312,84845.0,94189.0,pdf,638.261393,86062.9244000366,86062.9244000366,93370.15383022836,-1217.9244000366016,-1.4151557230096676,96728.33575094109,-2539.3357509410707,0,0.0,-0.1201716738197467,-0.7759667275401338,-2.3636359673041785,85481.0,812,0,-1359.324113025854,0
2025-02-13,75.0199966430664,2925.89990234375,86.8740005493164,524.9140014648438,32.650001525878906,23031.400390625,4.525000095367432,71.87000274658203,85748.0,95549.0,pdf,638.261393,86625.52687217295,86625.52687217295,93980.5244367914,-877.5268721729517,-1.0130118728949895,96665.08352835046,-1116.0835283504566,0,0.0,0.5809522978257098,0.0723380672245754,-0.2128274294491583,85809.0,813,0,-1217.9244000366016,0
2025-02-14,74.73999786376953,2883.60009765625,86.75409698486328,486.9749755859375,32.80099868774414,22929.25,4.4720001220703125,72.22000122070312,85998.0,97953.0,pdf,635.721193,85255.34743353304,85255.34743353304,92494.00900807828,742.6525664669607,0.8710920649827264,96978.09836958362,974.9016304163816,0,0.0,-1.445702385567471,-0.1380200793044572,-0.3732321938496818,84687.0,814,0,-877.5268721729517,0
2025-02-17,,,86.43460083007812,505.570556640625,,22959.5,,71.6500015258789,85254.0,95946.0,pdf,635.721193,,,,,,,,0,0.0,,-0.3682778864505964,,85055.0,815,0,742.6525664669607,0
2025-02-18,75.83999633789062,2931.60009765625,86.85479736328125,482.8869323730469,33.31700134277344,22945.30078125,4.544000148773193,71.9800033569336,85690.0,96023.0,pdf,635.721193,86775.10388799835,86775.10388799835,94142.80138792272,-1085.1038879983537,-1.250478350793921,98618.02962372344,-2595.029623723429,0,0.0,,0.4861438928019046,,86113.0,816,0,,0
2025-02-19,76.04000091552734,2919.39990234375,86.88719940185547,481.74029541015625,32.99300003051758,22932.900390625,4.534999847412109,72.7300033569336,86733.0,97566.0,pdf,635.721193,86446.21677162401,86446.21677162401,93785.989893743,286.7832283759926,0.3317475756442001,97695.4212505996,-129.42125059959653,0,0.0,-0.4161616491367259,0.0373059860340196,0.2637191288164642,85910.0,817,0,-1085.1038879983537,0
2025-02-20,76.4800033569336,2940.0,86.872802734375,492.4090881347656,33.444000244140625,22913.150390625,4.5,72.48999786376953,86520.0,97789.0,pdf,635.721193,87041.7806489322,87041.7806489322,94432.12051535097,-521.7806489321956,-0.5994599892627503,99014.46711814022,-1225.4671181402227,0,0.0,0.7056278120620485,-0.0165693768237162,0.5786460232885204,86024.0,818,0,286.7832283759926,0
2025-02-21,74.43000030517578,2937.60009765625,86.45120239257812,483.8341674804688,32.97600173950195,22795.900390625,4.420000076293945,72.08000183105469,86092.0,97147.0,pdf,640.47948,86548.65343977175,86548.65343977175,93897.12401484667,-456.6534397717478,-0.5276262791188633,97155.10796239886,-8.107962398862583,0,0.0,-0.0816293314200633,-0.4853076319938365,-2.680443203160454,86010.0,819,0,-521.7806489321956,0
2025-02-24,74.77999877929688,2947.89990234375,86.52940368652344,477.7021179199219,32.57500076293945,22553.349609375,4.39300012588501,72.5999984741211,86400.0,96115.0,pdf,640.47948,86930.6740135378,86930.6740135378,94311.5802977061,-530.6740135378059,-0.6104565730793292,96060.47919274383,54.52080725615088,0,0.0,0.3506197012900891,0.0904571501391116,0.4702384424103645,86184.0,820,0,-456.6534397717478,0
2025-02-25,73.0199966430664,2904.5,86.69010162353516,476.6551818847656,31.801000595092773,22547.55078125,4.297999858856201,72.75,,,,640.47948,85809.91984036888,85809.91984036888,93095.6677513436,,,93952.18839416196,,0,0.0,-1.4722312080286182,0.1857148323752389,-2.353573368495065,,821,0,-530.6740135378059,0
2025-02-26,72.52999877929688,2916.800048828125,87.0811996459961,,32.25299835205078,,4.249000072479248,,86647.0,95769.0,pdf,640.47948,86562.07636511014,86562.07636511014,93911.68662252514,84.92363488985575,0.0981072063609661,95717.4458179154,51.55418208459741,0,0.0,0.4234824867662246,0.4511449578861182,-0.6710461329719308,85874.0,822,0,,0
2025-02-27,74.04000091552734,2883.199951171875,87.16220092773438,467.8310241699219,31.801000595092773,22545.05078125,4.284999847412109,71.87999725341797,85593.0,95048.0,pdf,640.47948,85644.51481872122,85644.51481872122,92916.2189071032,-51.51481872121804,-0.0601495832281337,94463.83576725532,584.1642327446898,0,0.0,-1.1519506683274172,0.0930181050187384,2.0819001263536308,85196.0,823,0,84.92363488985575,0
2025-02-28,73.18000030517578,2836.800048828125,87.3270034790039,460.9012756347656,31.2189998626709,22124.69921875,4.230999946594238,71.0999984741211,85056.0,93480.0,pdf,638.6984100000001,84425.54779920178,84425.54779920178,91593.75468781324,630.4522007982159,0.7467552384708088,92910.36096245094,569.6390375490591,0,0.0,-1.6093196146486743,0.1890757111631114,-1.161535115771728,84219.0,824,0,-51.51481872121804,0
2025-03-03,71.62000274658203,2890.199951171875,87.46399688720703,439.1649169921875,32.03200149536133,22119.30078125,4.179999828338623,71.36000061035156,85320.0,94398.0,pdf,638.6984100000001,86149.70852304884,86149.70852304884,93464.30641651525,-829.7085230488447,-0.963100789629324,95479.46989329728,-1081.4698932972678,0,0.0,1.8823992323959928,0.1568740512618793,-2.131726635813392,85384.0,825,0,630.4522007982159,0
2025-03-04,71.04000091552734,2909.60009765625,87.32959747314453,458.259033203125,32.108001708984375,22082.650390625,4.210000038146973,72.41999816894531,86432.0,95293.0,pdf,638.6984100000001,86594.71045262138,86594.71045262138,93947.09152878734,-162.71045262138068,-0.1878988355881212,95558.9434246114,-265.94342461139604,0,0.0,0.6712389043017186,-0.153662556989953,-0.8098321820887766,86026.0,826,0,-829.7085230488447,0
2025-03-05,69.30000305175781,2915.300048828125,87.21700286865234,466.0861206054688,32.858001708984375,22337.30078125,4.264999866485596,72.2699966430664,86300.0,95993.0,pdf,638.6984100000001,86652.4849888027,86652.4849888027,94009.77145011612,-352.4849888026947,-0.4067800119618532,97664.98995512768,-1671.9899551276903,0,0.0,0.1959015321887802,-0.1289306349165464,-2.449321285677541,85833.0,827,0,-162.71045262138068,0
2025-03-06,69.45999908447266,2916.60009765625,86.88929748535156,449.0858459472656,33.0629997253418,22544.69921875,4.285999774932861,71.88999938964844,85876.0,96460.0,pdf,638.6984100000001,86365.39731635441,86365.39731635441,93698.3084092524,-489.3973163544142,-0.566659022665945,97905.06110331375,-1445.0611033137538,0,0.0,0.0445939974050846,-0.3757356622243746,0.2308744959150344,86034.0,828,0,-352.4849888026947,0
2025-03-07,70.36000061035156,2904.699951171875,87.12879943847656,430.4404296875,32.54800033569336,22552.5,4.316999912261963,72.20999908447266,86059.0,96724.0,pdf,653.965643,86250.10067776404,86250.10067776404,93573.22243342325,-191.1006777640432,-0.2215657445757747,96645.72427458069,78.2757254193275,0,0.0,-0.4080143347021669,0.2756403378280092,1.295711974865399,85877.0,829,0,-489.3973163544142,0
2025-03-10,69.27999877929688,2891.0,87.07379913330078,406.31103515625,32.275001525878906,22460.30078125,4.2129998207092285,72.16999816894531,85932.0,96634.0,pdf,653.965643,85789.11520955357,85789.11520955357,93073.09668961,142.88479044643464,0.1665535191701369,95774.60478354002,859.3952164599759,0,0.0,-0.4716477227311499,-0.0631252875401111,-1.5349656362791395,85419.0,830,0,-191.1006777640432,0
2025-03-11,69.55999755859375,2912.89990234375,87.3551025390625,420.2701721191406,32.88800048828125,22497.900390625,4.288000106811523,72.08000183105469,86024.0,96626.0,pdf,653.965643,86718.23744420378,86718.23744420378,94081.10666116446,-694.2374442037835,-0.8005668296135163,97908.9406097725,-1282.9406097725005,0,0.0,0.7575199703822255,0.3230632045020387,0.4041552890161837,86152.0,831,0,142.88479044643464,0
2025-03-12,70.94999694824219,2939.10009765625,87.20010375976562,426.00341796875,33.48400115966797,22470.5,4.317999839782715,72.31999969482422,86143.0,98100.0,pdf,653.965643,87342.97538364494,87342.97538364494,94758.88838791668,-1199.975383644938,-1.3738659329776333,99506.38603179928,-1406.3860317992658,0,0.0,0.8994540214519287,-0.1774352897445985,1.9982740633042395,86686.0,832,0,-694.2374442037835,0
2025-03-13,69.87999725341797,2984.300048828125,87.3405990600586,429.6427612304688,34.05099868774414,22397.19921875,4.27400016784668,72.81999969482422,,,,653.965643,88829.09874515318,88829.09874515318,96371.192034836,,,101354.40389087056,,0,0.0,1.5378840349098422,0.1611182719231996,-1.5081039335417823,,833,0,-1199.975383644938,0
2025-03-14,70.58000183105469,2994.5,86.9220962524414,,34.1870002746582,,4.308000087738037,,86843.0,98322.0,pdf,654.2707800000001,88705.61520781004,88705.61520781004,96237.224046209,-1862.6152078100424,-2.099771478329197,101271.62769988734,-2949.6276998873363,0,0.0,0.3417870524071498,-0.4791618240784112,1.0017238196191824,87775.0,834,0,,0
2025-03-17,71.06999969482422,3000.0,86.93900299072266,426.751220703125,34.07400131225586,22508.75,4.306000232696533,73.52999877929688,88101.0,99767.0,pdf,654.2707800000001,88885.8261965689,88885.8261965689,96432.73596797568,-784.8261965689017,-0.8829598937779767,100956.52528209447,-1189.525282094488,0,0.0,0.183670061779928,0.0194504493220559,0.6942446175368877,88023.0,835,0,-1862.6152078100424,0
2025-03-18,70.55999755859375,3035.10009765625,86.91639709472656,426.751220703125,34.57899856567383,22834.30078125,4.281000137329102,73.52999877929688,88354.0,100400.0,pdf,654.2707800000001,89902.41073472184,89902.41073472184,97535.6342876699,-1548.4107347218378,-1.7223239311021228,102426.1220988124,-2026.122098812412,0,0.0,1.1700032552083297,-0.0260020189080223,-0.7176053727598553,88726.0,836,0,-784.8261965689017,0
2025-03-19,70.77999877929688,3035.89990234375,86.57610321044922,452.2266540527344,33.974998474121094,22907.599609375,4.25600004196167,74.25,88649.0,99968.0,pdf,654.2707800000001,89574.02423483516,89574.02423483516,97179.36591515134,-925.0242348351604,-1.0326925051508629,100243.00650854676,-275.00650854676496,0,0.0,0.0263518388773364,-0.3915186266941872,0.3117931240295579,88602.0,837,0,-1548.4107347218378,0
2025-03-20,72.0,3040.0,86.33709716796875,465.8866882324219,33.7859992980957,23190.650390625,4.232999801635742,74.48999786376953,88506.0,98392.0,pdf,654.2707800000001,89447.38113526211,89447.38113526211,97041.9700995768,-941.3811352621124,-1.052441249049604,99410.16961356792,-1018.1696135679232,0,0.0,0.1350537826719788,-0.2760646802264732,1.723652503170103,88706.0,838,0,-925.0242348351604,0
2025-03-21,72.16000366210938,3018.199951171875,86.33609771728516,469.8251953125,33.290000915527344,23350.400390625,4.251999855041504,73.94999694824219,88169.0,97620.0,pdf,658.7995520000001,88804.91979023619,88804.91979023619,96344.96014978451,-635.9197902361921,-0.716086216550031,97949.63584080794,-329.6358408079396,0,0.0,-0.7171068693462179,-0.0011576144164915,0.2222273084852455,87778.0,839,0,-941.3811352621124,0
2025-03-24,73.0,3013.10009765625,85.98699951171875,488.4207763671875,33.26499938964844,23658.349609375,4.330999851226807,73.0,87719.0,97407.0,pdf,658.7995520000001,88296.39198915986,88296.39198915986,95793.25545993756,-577.3919891598634,-0.6539247823747427,97480.31364481576,-73.31364481574565,0,0.0,-0.1689700350583134,-0.4043479086923263,1.164074688554506,87278.0,840,0,-635.9197902361921,0
2025-03-25,73.0199966430664,3023.699951171875,85.53209686279297,467.8310241699219,34.00199890136719,23668.650390625,4.307000160217285,73.2300033569336,87751.0,97922.0,pdf,658.7995520000001,88138.24840745077,88138.24840745077,95621.68459298904,-387.24840745076654,-0.4393647643876145,99112.8972422376,-1190.89724223761,0,0.0,0.3517922794489925,-0.5290365421621535,0.027392661734793,87554.0,841,0,-577.3919891598634,0
2025-03-26,73.79000091552734,3020.89990234375,85.59040069580078,472.9161071777344,34.03300094604492,23486.849609375,4.3379998207092285,73.25,87791.0,98794.0,pdf,658.7995520000001,88116.65410314513,88116.65410314513,95598.25681001593,-325.6541031451343,-0.3695715712990409,99270.8884570452,-476.8884570451919,0,0.0,-0.0926033956193284,0.0681660278963436,1.0545115144620532,87638.0,842,0,-387.24840745076654,0
2025-03-27,74.02999877929688,3060.199951171875,86.09539794921875,467.6814270019531,34.89699935913086,23591.94921875,4.36899995803833,73.80000305175781,88417.0,99775.0,pdf,658.7995520000001,89789.663721556,89789.663721556,97413.31441489566,-1372.663721556004,-1.5287547192656048,102391.67006547442,-2616.67006547442,0,0.0,1.3009384653107636,0.5900162276524457,0.3252444244366881,88384.0,843,0,-325.6541031451343,0
2025-03-28,73.62999725341797,3086.5,85.69490051269531,465.8866882324219,34.64400100708008,23519.349609375,4.255000114440918,74.16000366210938,,,,665.39588,90140.0643202148,90140.0643202148,97793.4660077802,,,101176.49373360716,,0,0.0,0.8594225621777918,-0.4651786809321212,-0.5403235613597901,,844,0,-1372.663721556004,0
2025-03-31,74.73999786376953,3122.800048828125,85.53880310058594,,34.457000732421875,,4.245999813079834,,89164.0,100892.0,pdf,665.39588,91034.06793742238,91034.06793742238,98763.37559248654,-1870.067937422384,-2.054250655598391,100447.06342220724,444.9365777927597,0,0.0,1.1760910036651584,-0.1821548437252129,1.50753857362127,90717.0,845,0,,0
2025-04-01,74.48999786376953,3118.89990234375,85.46810150146484,456.7135314941406,34.15800094604492,23165.69921875,4.156000137329102,76.72000122070312,91115.0,99641.0,pdf,665.39588,90845.22340958731,90845.22340958731,98558.497095307,269.77659041268635,0.2969628784953987,99493.13297411292,147.86702588706976,0,0.0,-0.124892609945959,-0.0826544171280474,-0.3344929183108691,90875.0,846,0,-1870.067937422384,0
2025-04-02,74.94999694824219,3139.89990234375,85.61009979248047,509.6087646484375,34.499000549316406,23332.349609375,4.196000099182129,76.2300033569336,90996.0,99536.0,pdf,665.39588,91608.84550508174,91608.84550508174,99386.95502909811,-612.8455050817429,-0.6689807099989564,100653.32366305673,-1117.3236630567262,0,0.0,0.6733143306144385,0.1661418570449768,0.6175313433542051,90728.0,847,0,269.77659041268635,0
2025-04-03,70.13999938964844,3097.0,85.65119934082031,507.6145935058594,31.8439998626709,23250.099609375,4.054999828338623,75.8499984741211,90345.0,95957.0,pdf,665.39588,90400.58842896514,90400.58842896514,98076.11008802822,-55.588428965143976,-0.0614912247046092,92951.7702782478,3005.229721752199,0,0.0,-1.3662824828182485,0.0480078266927197,-6.417608745088232,90057.0,848,0,-612.8455050817429,0
2025-04-04,65.58000183105469,3012.0,85.28289794921875,485.7286376953125,29.11599922180176,22904.44921875,3.984999895095825,74.98999786376953,91014.0,92910.0,pdf,676.2683689999999,87541.40657496093,87541.40657496093,94974.1675105708,3472.593425039071,3.966801038392638,84623.35742735701,8286.642572642988,0,0.0,-2.744591540200192,-0.4300014412361386,-6.501279723801556,88075.0,849,0,-55.588428965143976,0
2025-04-07,64.20999908447266,2951.300048828125,85.529296875,484.881103515625,29.51000022888184,22161.599609375,4.15500020980835,73.83000183105469,89085.0,90392.0,pdf,676.2683689999999,86025.03741573395,86025.03741573395,93329.0500265038,3059.962584266046,3.5570604514568687,86016.29220437551,4375.70779562449,0,0.0,-2.0152706232362205,0.2889195040346459,-2.08905566991503,86928.0,850,0,3472.593425039071,0
2025-04-08,62.81999969482422,2968.39990234375,86.0270004272461,490.8635864257813,29.59199905395508,22535.849609375,4.26200008392334,73.68000030517578,88550.0,90363.0,pdf,676.2683689999999,87026.95582400465,87026.95582400465,94416.03697887296,1523.0441759953535,1.750083249005537,86757.23214985833,3605.767850141666,0,0.0,0.579400712659317,0.5819100243200648,-2.164770922702864,87648.0,851,0,3059.962584266046,0
2025-04-09,65.4800033569336,3056.5,86.435302734375,492.6084899902344,30.32299995422364,22399.150390625,4.400000095367432,74.88999938964844,,,,676.2683689999999,90035.16420212331,90035.16420212331,97679.65927588848,,,89322.30590477677,,0,0.0,2.9679322380616213,0.4746211132564237,4.234326130263466,,852,0,1523.0441759953535,0
2025-04-10,63.33000183105469,3155.199951171875,86.20929718017578,,30.67099952697754,,4.394000053405762,,90161.0,90669.0,pdf,676.2683689999999,92699.54328890942,92699.54328890942,100570.2592285338,-2538.5432889094227,-2.7384636416144392,90111.17179147978,557.8282085202227,0,0.0,3.22918210933667,-0.2614736653306582,-3.283447488783986,92033.0,853,0,,0
2025-04-11,64.76000213623047,3222.199951171875,86.2603988647461,509.2597961425781,31.823999404907227,22828.55078125,4.493000030517578,77.9000015258789,,,,677.83523,94724.11406775907,94724.11406775907,102766.72752634238,,,93554.09954079328,,0,0.0,2.123478734687345,0.059276303417155,2.258013996258179,,854,0,-2538.5432889094227,0
2025-04-14,64.87999725341797,3204.800048828125,86.19300079345703,,32.09199905395508,,4.363999843597412,,93353.0,92929.0,pdf,677.83523,94138.99179854504,94138.99179854504,102131.92506445922,-785.9917985450302,-0.8349269346617095,94268.23482619134,-1339.234826191343,0,0.0,-0.5400007016144959,-0.0781332710908744,0.185292021663419,93252.0,855,0,,0
2025-04-15,64.66999816894531,3218.699951171875,86.0447998046875,512.64990234375,32.22700119018555,23328.55078125,4.322999954223633,77.66000366210938,,,,677.83523,94384.72728334044,94384.72728334044,102398.52488286931,,,94502.0276707714,,0,0.0,0.4337213595847489,-0.1719408622570917,-0.3236730785490138,,856,0,-785.9917985450302,0
2025-04-16,65.8499984741211,3326.60009765625,85.72669982910156,523.817138671875,32.92599868774414,23437.19921875,4.27899980545044,79.2300033569336,94579.0,96575.0,pdf,677.83523,97188.14760545646,97188.14760545646,105439.97145874992,-2609.1476054564555,-2.68463559574004,96194.8153243941,380.1846756058949,0,0.0,3.352289685936416,-0.369691110105419,1.8246487375693563,95661.0,857,0,,0
2025-04-17,67.95999908447266,3308.699951171875,85.62049865722656,523.1192626953125,32.41999816894531,23851.650390625,4.333000183105469,79.52999877929688,,,,677.83523,96545.43447202593,96545.43447202593,104742.68834229224,,,94599.17354230097,,0,0.0,-0.5380913232397977,-0.1238834249851161,3.204253089209685,,858,0,-2609.1476054564555,0
2025-04-21,66.26000213623047,3406.199951171875,,527.6061401367188,32.49599838256836,24125.55078125,4.40500020980835,81.06999969482422,96670.0,96242.0,pdf,686.1454640000001,,,,,,,,0,0.0,2.9467767231497577,,-2.5014669969744,97279.0,859,0,,0
2025-04-22,67.44000244140625,3400.800048828125,85.15889739990234,523.4682006835938,32.880001068115234,24167.25,4.388999938964844,82.9000015258789,98484.0,95607.0,pdf,686.1454640000001,98697.85888465332,98697.85888465332,107077.86577108612,-213.85888465330936,-0.2166803688246601,95424.18427882402,182.81572117598265,0,0.0,-0.1585315724607516,,1.780863669080035,97340.0,860,0,,1
2025-04-23,66.12000274658203,3276.300048828125,85.2323989868164,536.4302978515625,33.518001556396484,24328.94921875,4.38700008392334,80.38999938964844,96085.0,96613.0,pdf,686.1454640000001,95166.6943398587,95166.6943398587,103246.88536871462,918.3056601412972,0.9649443710441912,97359.74609961096,-746.7460996109585,0,0.0,-3.660903264303972,0.08631110683468,-1.957294850294633,94722.0,861,0,-213.85888465330936,0
2025-04-24,66.55000305175781,3332.0,85.4999008178711,518.2833862304688,33.48199844360352,24246.69921875,4.304999828338623,80.51000213623047,96286.0,97634.0,pdf,686.1454640000001,97088.36937857646,97088.36937857646,105331.7214956254,-802.3693785764626,-0.8264320265260462,97560.40313401862,73.59686598138069,0,0.0,1.7000869988021303,0.3138499376229786,0.6503331629066134,95912.0,862,0,918.3056601412972,0
2025-04-25,66.87000274658203,3282.39990234375,85.2573013305664,499.7875061035156,32.98899841308594,24039.349609375,4.265999794006348,80.02999877929688,95631.0,97684.0,pdf,688.12865,95371.73341110662,95371.73341110662,103469.33341771,259.2665888933843,0.2718484603564846,95851.14720195242,1832.8527980475767,0,0.0,-1.48859836903511,-0.2837424195631155,0.4808409919611067,94992.0,863,0,-802.3693785764626,0
2025-04-28,65.86000061035156,3332.5,85.38490295410156,516.6880493164062,32.9900016784668,24328.5,4.216000080108643,79.05000305175781,95108.0,96426.0,pdf,688.12865,96972.33444474611,96972.33444474611,105205.83453911134,-1864.3344447461127,-1.9225426049822407,95997.52366382648,428.476336173524,0,0.0,1.5263252238240987,0.1496665054414592,-1.5103964329986397,96025.0,864,0,259.2665888933843,0
2025-04-29,64.25,3318.800048828125,85.1603012084961,516.6880493164062,33.275001525878906,24335.94921875,4.172999858856201,80.04000091552734,96011.0,97390.0,pdf,688.12865,96319.64650843576,96319.64650843576,104497.7297025482,-308.6465084357624,-0.3204398267893672,96572.14467234992,817.8553276500897,0,0.0,-0.4111013104838745,-0.2630462035264069,-2.444580314957534,95592.0,865,0,-1864.3344447461127,0
2025-04-30,63.119998931884766,3305.0,85.1707992553711,515.0428466796875,32.53099822998047,24334.19921875,4.177000045776367,79.08999633789062,,,,688.12865,95930.95986989938,95930.95986989938,104076.04136828706,,,94424.50486317772,,0,0.0,-0.4158144095784855,0.0123273951900371,-1.7587565262493945,,866,0,-308.6465084357624,0
2025-05-01,62.130001068115234,3210.0,84.53119659423828,,32.18899917602539,,4.230999946594238,,94361.0,94114.0,pdf,688.12865,92473.78897280215,92473.78897280215,100325.3370931344,1887.2110271978447,2.040806425432509,92730.17810122971,1383.8218987702712,0,0.0,-2.874432677760963,-0.7509647281987664,-1.5684377067843092,92339.0,867,0,,0
2025-05-02,61.290000915527344,3231.89990234375,84.69670104980469,505.7699890136719,31.98900032043457,24346.69921875,4.322000026702881,78.37999725341797,93954.0,94125.0,pdf,686.063572,93286.97266957212,93286.97266957212,101207.56468868676,667.0273304278671,0.7150273091083325,92334.44997647437,1790.5500235256332,0,0.0,0.6822399484034181,0.1957909768636634,-1.3520040852195825,92637.0,868,0,1887.2110271978447,0
2025-05-05,60.22999954223633,3311.300048828125,84.52629852294922,529.2512817382812,32.20500183105469,24461.150390625,4.3429999351501465,79.58000183105469,95282.0,94100.0,pdf,686.063572,95386.51682668529,95386.51682668529,103485.372028951,-104.5168266852852,-0.1095719082343571,92770.90278026865,1329.097219731353,0,0.0,2.456763788593652,-0.201191456979255,-1.7294850015616037,94649.0,869,0,667.0273304278671,0
2025-05-06,62.150001525878906,3411.39990234375,84.2208023071289,500.7845764160156,33.112998962402344,24379.599609375,4.308000087738037,82.12999725341797,96888.0,95854.0,pdf,686.063572,97914.86069792885,97914.86069792885,106228.38660624354,-1026.8606979288452,-1.048728140559532,95041.76506737736,812.234932622654,0,0.0,3.022977442079,-0.361421499768344,3.187783493666108,97491.0,870,0,-104.5168266852852,0
2025-05-07,61.119998931884766,3381.39990234375,84.79319763183594,521.57373046875,32.53099822998047,24414.400390625,4.275000095367432,81.27999877929688,97426.0,95774.0,pdf,686.063572,97713.40614503402,97713.40614503402,106009.82742149915,-287.4061450340232,-0.2941317434042081,94005.87727426743,1768.1227257325663,0,0.0,-0.8794043752944014,0.6796365138147964,-1.6572849053998029,97090.0,871,0,-1026.8606979288452,0
2025-05-08,62.84000015258789,3296.60009765625,84.81719970703125,510.9049987792969,32.37799835205078,24273.80078125,4.373000144958496,80.94000244140625,97030.0,95225.0,pdf,686.063572,95289.88447195866,95289.88447195866,103380.5350403325,1740.1155280413368,1.8261282797057088,93590.23330108216,1634.7666989178542,0,0.0,-2.507831286938955,0.0283066046164792,2.814138172057201,96168.0,872,0,-287.4061450340232,0
2025-05-09,63.90999984741211,3335.39990234375,86.08219909667969,517.6353149414062,32.67599868774414,24008.0,4.375,80.80000305175781,96416.0,95726.0,pdf,690.617043,97849.33270154057,97849.33270154057,106157.29491204872,-1433.3327015405666,-1.4648364602674495,95860.30942512932,-134.30942512930778,0,0.0,1.1769642522029056,1.4914420589431154,1.7027366203469896,96518.0,873,0,1740.1155280413368,0
2025-05-12,64.95999908447266,3220.0,85.4083023071289,536.579833984375,32.38800048828125,24924.69921875,4.456999778747559,77.9800033569336,93076.0,94095.0,pdf,690.617043,93724.37746063704,93724.37746063704,101682.10762238922,-648.377460637028,-0.6917916962524907,94271.5895328872,-176.58953288721386,0,0.0,-3.459852063396052,-0.782852664804623,1.6429341880260795,92901.0,874,0,-1433.3327015405666,0
2025-05-13,66.62999725341797,3240.300048828125,84.9656982421875,552.8821411132812,32.86800003051758,24578.349609375,4.499000072479248,79.06999969482422,94344.0,96820.0,pdf,690.617043,93826.48818706848,93826.48818706848,101792.88812747994,517.5118129315233,0.5515625948822933,95172.94602736658,1647.0539726334246,0,0.0,0.6304362990100953,-0.5182213590311124,2.570810025372205,93647.0,875,0,-648.377460637028,0
2025-05-14,66.08999633789062,3181.39990234375,85.060302734375,549.841064453125,32.22600173950195,24666.900390625,4.527999877929688,78.58000183105469,93859.0,96400.0,pdf,690.617043,92223.54048297416,92223.54048297416,100053.84109001912,1635.45951702584,1.7733644885686968,93417.86846217832,2982.1315378216823,0,0.0,-1.817737419276233,0.1113443355903909,-0.8104471526143464,92265.0,876,0,517.5118129315233,0
2025-05-15,64.52999877929688,3220.699951171875,85.48760223388672,550.2897338867188,32.48099899291992,25062.099609375,4.454999923706055,77.04000091552734,92365.0,94572.0,pdf,690.617043,93831.79105917612,93831.79105917612,101798.64124344576,-1466.7910591761174,-1.5632133231380698,94630.06045589644,-58.06045589642599,0,0.0,1.2353067842610033,0.5023489051597663,-2.360414049076553,93169.0,877,0,1635.45951702584,0
2025-05-16,65.41000366210938,3182.0,85.44490051269531,558.7649536132812,32.15800094604492,25019.80078125,4.440999984741211,77.77999877929688,92301.0,94606.0,pdf,685.7294969999999,92658.00113726118,92658.00113726118,100525.18991306637,-357.00113726117706,-0.3852890553211101,93642.2403592293,963.7596407707024,0,0.0,-1.201600638326883,-0.0499507765752693,1.3637143955670394,92441.0,878,0,-1466.7910591761174,0
2025-05-19,65.54000091552734,3228.89990234375,85.50029754638672,557.7179565429688,32.3129997253418,24945.44921875,4.474999904632568,78.31999969482422,93785.0,95755.0,pdf,685.7294969999999,94084.6581708692,94084.6581708692,102072.97820424488,-299.6581708691956,-0.3184984424612351,94154.59213918108,1600.4078608189302,0,0.0,1.473912707220304,0.0648336335568489,0.1987421589050741,93297.0,879,0,-357.00113726117706,0
2025-05-20,65.37999725341797,3280.300048828125,85.37210083007812,544.5565185546875,32.97999954223633,24683.900390625,4.480999946594238,78.19000244140625,93807.0,95800.0,pdf,685.7294969999999,95439.05763427036,95439.05763427036,103542.37384850084,-1632.057634270357,-1.7100521261688528,95954.02951672555,-154.0295167255681,0,0.0,1.5918779782261303,-0.149937158100577,-0.2441313089323826,94841.0,880,0,-299.6581708691956,0
2025-05-21,64.91000366210938,3309.300048828125,85.53610229492188,550.4392700195312,33.4630012512207,24813.44921875,4.5960001945495605,79.5,95309.0,97332.0,pdf,685.7294969999999,96467.76251908037,96467.76251908037,104658.42160088908,-1158.7625190803665,-1.201191453830159,97546.33337105738,-214.33337105737883,0,0.0,0.8840654686561367,0.1921019434325099,-0.718864501457317,95599.0,881,0,-1632.057634270357,0
2025-05-22,64.44000244140625,3292.300048828125,85.60030364990234,552.4832763671875,33.047000885009766,24609.69921875,4.552999973297119,79.80999755859375,95516.0,96519.0,pdf,685.7294969999999,96044.23840386208,96044.23840386208,104198.93789098244,-528.2384038620803,-0.5499948905220733,96405.97711202769,113.02288797232904,0,0.0,-0.5137037968503289,0.0750576110647438,-0.7240813344422614,95536.0,882,0,-1158.7625190803665,0
2025-05-23,64.77999877929688,3363.60009765625,85.97489929199219,551.9847412109375,33.44200134277344,24853.150390625,4.508999824523926,79.51000213623047,95471.0,96909.0,pdf,692.721343,98553.63236735514,98553.63236735514,106921.39360609282,-3082.632367355138,-3.127872908696796,97985.2125780594,-1076.212578059407,0,0.0,2.1656607165408293,0.4376101790735553,0.5276168916966917,96421.0,883,0,-528.2384038620803,0
2025-05-26,,,85.19930267333984,566.6917114257812,,25001.150390625,,79.7699966430664,95813.0,97397.0,pdf,692.721343,,,,,,,,0,0.0,,-0.9021198338578174,,95937.0,884,0,-3082.632367355138,0
2025-05-27,64.08999633789062,3299.10009765625,85.158203125,561.1080322265625,33.145999908447266,24826.19921875,4.434000015258789,79.55999755859375,95152.0,96525.0,pdf,692.721343,95745.54709941756,95745.54709941756,103874.88600408509,-593.5470994175557,-0.619921361774919,96195.38060230749,329.6193976925133,0,0.0,,-0.0482393013208404,,95143.0,885,0,,0
2025-05-28,64.9000015258789,3293.60009765625,85.3604965209961,568.9351196289062,33.0,24752.44921875,4.477000236511231,80.05999755859375,95700.0,97446.0,pdf,692.721343,95812.99212570646,95812.99212570646,103948.0574948702,-112.99212570645614,-0.1179298581534857,95999.1694923222,1446.8305076778051,0,0.0,-0.1667121286773709,0.2375500991949719,1.2638558812171352,95278.0,886,0,-593.5470994175557,0
2025-05-29,64.1500015258789,3317.10009765625,85.38590240478516,563.7503662109375,33.28300094604492,24833.599609375,4.423999786376953,79.0999984741211,95525.0,98100.0,pdf,692.721343,96525.3429092233,96525.3429092233,104720.89089208186,-1000.3429092232982,-1.0363526086243122,96851.25515612084,1248.744843879147,0,0.0,0.7135049581982633,0.0297630459340281,-1.1556240098098305,96459.0,887,0,-112.99212570645614,0
2025-05-30,63.900001525878906,3288.89990234375,85.36129760742188,558.7649536132812,32.891998291015625,24750.69921875,4.415999889373779,79.48999786376953,95355.0,97458.0,pdf,691.4846580000001,95677.15825128516,95677.15825128516,103800.69055563954,-322.1582512851455,-0.3367138585356325,95685.88339973084,1772.116600269146,0,0.0,-0.8501460457109866,-0.0288159949948574,-0.3897116041363557,95875.0,888,0,-1000.3429092232982,0
2025-06-02,64.62999725341797,3370.60009765625,85.52429962158203,555.02587890625,34.5629997253418,24716.599609375,4.461999893188477,80.5199966430664,96680.0,97761.0,pdf,691.4846580000001,98241.13216064945,98241.13216064945,106582.36036296871,-1561.1321606494455,-1.589082013119102,100738.98194706824,-2977.981947068227,0,0.0,2.484119241643024,0.1909554080466335,1.142403302202455,97953.0,889,0,-322.1582512851455,0
2025-06-03,65.62999725341797,3350.199951171875,85.36370086669922,555.02587890625,34.50299835205078,24542.5,4.460000038146973,80.97000122070312,96867.0,100460.0,pdf,691.4846580000001,97463.17760509084,97463.17760509084,105738.35306212684,-596.1776050908375,-0.6116952265874995,100375.25835190248,84.741648097508,0,0.0,-0.6052378179944973,-0.1877814324038995,1.547269135845597,97719.0,890,0,-1561.1321606494455,0
2025-06-04,64.86000061035156,3373.5,85.70880126953125,555.0757446289062,34.51900100708008,24620.19921875,4.364999771118164,81.30999755859375,96747.0,100980.0,pdf,691.4846580000001,98537.77213102368,98537.77213102368,106904.1867459219,-1790.7721310236811,-1.8173458687928603,100827.78880765475,152.21119234524667,0,0.0,0.6954823344193173,0.4042706669558749,-1.173238877480387,98579.0,891,0,-596.1776050908375,0
2025-06-05,65.33999633789062,3350.699951171875,85.9041976928711,552.4832763671875,35.68899917602539,24750.900390625,4.394000053405762,81.7300033569336,98163.0,104675.0,pdf,691.4846580000001,98094.9225893742,98094.9225893742,106423.73677149086,68.07741062580317,0.0693995253054794,104482.93378940244,192.06621059756435,0,0.0,-0.67585738337409,0.2279770810530657,0.7400489099940843,97874.0,892,0,-1790.7721310236811,0
2025-06-06,66.47000122070312,3322.699951171875,85.87750244140625,561.45703125,36.025001525878906,25003.05078125,4.510000228881836,81.2300033569336,97145.0,105285.0,pdf,696.656003,97244.9671448398,97244.9671448398,105501.61529864695,-99.96714483981486,-0.102799299310699,105433.83818154708,-148.83818154707842,0,0.0,-0.8356462950437349,-0.0310756076906559,1.7294229356379809,97036.0,893,0,68.07741062580317,0
2025-06-09,67.04000091552734,3332.10009765625,85.7853012084961,550.0404663085938,36.6879997253418,25103.19921875,4.48199987411499,80.4800033569336,95864.0,105560.0,pdf,696.656003,97415.3787086208,97415.3787086208,105686.4957687867,-1551.378708620803,-1.5925398321974735,107258.9442862124,-1698.9442862124124,0,0.0,0.2829068715957783,-0.1073636636941821,0.85752923778597,97173.0,894,0,-99.96714483981486,0
2025-06-10,66.87000274658203,3320.89990234375,85.75599670410156,545.5037231445312,36.54199981689453,25104.25,4.473999977111816,80.61000061035156,96359.0,107000.0,pdf,696.656003,97054.7706672382,97054.7706672382,105295.27006351312,-695.7706672381901,-0.7168845616293382,106795.61312426,204.38687574000505,0,0.0,-0.3361302177079861,-0.0341602861815504,-0.2535772175175199,96902.0,895,0,-1551.378708620803,0
2025-06-11,69.7699966430664,3321.300048828125,85.65280151367188,533.638427734375,36.16600036621094,25141.400390625,4.412000179290772,80.76000213623047,96235.0,105494.0,pdf,696.656003,96949.65938900816,96949.65938900816,105181.23424279188,-714.6593890081713,-0.7371448167142266,105569.54702734663,-75.54702734664897,0,0.0,0.0120493389184295,-0.1203358300245316,4.336763537268751,96704.0,896,0,-695.7706672381901,0
2025-06-12,69.36000061035156,3380.89990234375,85.46980285644531,517.0369873046875,36.2130012512207,24888.19921875,4.35699987411499,81.38999938964844,97455.0,105498.0,pdf,696.656003,98478.5438997339,98478.5438997339,106839.92970254149,-1023.5438997338932,-1.0393572642341429,105480.89965595397,17.10034404604812,0,0.0,1.7944736289831509,-0.2136516891363515,-0.587639461719236,98392.0,897,0,-714.6593890081713,0
2025-06-13,74.2300033569336,3431.199951171875,85.68840026855469,517.4358520507812,36.28099822998047,24718.599609375,4.423999786376953,83.12999725341797,99058.0,106167.0,pdf,698.95016,100199.2949045955,100199.2949045955,108706.78220781586,-1141.2949045955029,-1.1390248860355592,105949.24495255155,217.75504744843056,0,0.0,1.4877710160320134,0.2557598178581699,7.021341845050699,100276.0,898,0,-1023.5438997338932,0
2025-06-16,73.2300033569336,3396.39990234375,86.24919891357422,519.828857421875,36.37900161743164,24946.5,4.452000141143799,83.08999633789062,99373.0,106700.0,pdf,698.95016,99832.16583771202,99832.16583771202,108308.48180506492,-459.1658377120184,-0.4599377704160421,106930.7097781872,-230.7097781872144,0,0.0,-1.0142238669664128,0.6544627315505203,-1.3471641583949756,99178.0,899,0,-1141.2949045955029,0
2025-06-17,76.44999694824219,3386.60009765625,86.10420227050781,513.0487060546875,37.09000015258789,24853.400390625,4.39300012588501,82.55999755859375,99147.0,109100.0,pdf,698.95016,99376.76782580424,99376.76782580424,107814.41792422156,-229.7678258042288,-0.2312087933942314,108837.30666557424,262.6933344257559,0,0.0,-0.2885350656363417,-0.1681136113643178,4.397096058583916,99541.0,900,0,-459.1658377120184,0
2025-06-18,76.69999694824219,3389.800048828125,86.36270141601562,518.3831176757812,36.86600112915039,24812.05078125,4.396999835968018,82.79000091552734,99454.0,109412.0,pdf,698.95016,99769.29504575206,99769.29504575206,108240.27292699517,-315.29504575206374,-0.3160241290744574,108504.77582247875,907.2241775212316,0,0.0,0.0944886044883075,0.3002166429644237,0.3270111314317647,99537.0,901,0,-229.7678258042288,0
2025-06-19,,,86.61360168457031,509.5588989257813,,24793.25,,82.79000091552734,99261.0,107383.0,pdf,698.95016,,,,,,,,0,0.0,,0.2905192455086469,,99329.0,902,0,-315.29504575206374,0
2025-06-20,77.01000213623047,3368.10009765625,86.58380126953125,516.8375854492188,35.97600173950195,25112.400390625,4.375,82.2300033569336,98691.0,106775.0,pdf,697.93543,99384.40499687789,99384.40499687789,107822.7035343486,-693.4049968778709,-0.6977000032345658,106156.39153762336,618.6084623766365,0,0.0,,-0.0344061607639778,,99109.0,903,0,,0
2025-06-23,71.4800033569336,3377.699951171875,86.5802993774414,514.1455078125,36.15299987792969,24971.900390625,4.320000171661377,82.66000366210938,99348.0,107063.0,pdf,697.93543,99663.64214908548,99663.64214908548,108125.6495013663,-315.64214908547,-0.316707419354899,106674.35516881314,388.6448311868589,0,0.0,0.285022809218316,-0.0040445118353549,-7.180883814954742,99388.0,904,0,-693.4049968778709,0
2025-06-24,67.13999938964844,3317.39990234375,86.23300170898438,519.2804565429688,35.70100021362305,25044.349609375,4.293000221252441,80.9800033569336,97263.0,105967.0,pdf,697.93543,97491.7654074573,97491.7654074573,105769.36813073196,-228.7654074572929,-0.2346510051399626,104918.1178060294,1048.8821939705958,0,0.0,-1.7852399472962133,-0.4011278211721203,-6.07163369259156,97023.0,905,0,-315.64214908547,0
2025-06-25,67.68000030517578,3327.10009765625,85.90480041503906,538.7733764648438,36.084999084472656,25244.75,4.293000221252441,81.11000061035156,97157.0,105200.0,pdf,697.93543,97404.69787677212,97404.69787677212,105674.90807385654,-247.6978767721157,-0.2542976695903121,105643.002330548,-443.0023305480136,0,0.0,0.29240355694371,-0.3805982482819159,0.8042909151569022,97357.0,906,0,-228.7654074572929,0
2025-06-26,67.7300033569336,3333.5,86.006103515625,551.7354736328125,36.58599853515625,25549.0,4.252999782562256,81.12000274658203,97159.0,107150.0,pdf,697.93543,97707.14769511344,97707.14769511344,106003.03759375516,-548.1476951134537,-0.5610108452084798,107236.0450711779,-86.04507117789763,0,0.0,0.1923567718403962,0.1179248424959977,0.0738815773231982,97087.0,907,0,-247.6978767721157,0
2025-06-27,67.7699966430664,3273.699951171875,85.66639709472656,543.1605834960938,36.0369987487793,25637.80078125,4.2829999923706055,79.80999755859375,95784.0,105193.0,pdf,702.784413,95575.36765484315,95575.36765484315,103690.25736138644,208.63234515683143,0.2182909156157028,105209.68494253048,-16.684942530468106,0,0.0,-1.7939117692552853,-0.3949794340313506,0.0590481088891259,97087.0,908,0,-548.1476951134537,0
2025-06-30,67.61000061035156,3294.39990234375,85.4552993774414,554.2281494140625,35.85200119018555,25517.05078125,4.230000019073486,79.98999786376953,95886.0,105510.0,pdf,702.784413,95942.69639083285,95942.69639083285,104088.77438628089,-56.69639083283255,-0.0590940144123881,104411.6612177714,1098.3387822286022,0,0.0,0.6323105807074736,-0.2464183442333123,-0.2360868240226077,96075.0,909,0,208.63234515683143,0
2025-07-01,67.11000061035156,3336.699951171875,85.71399688720703,568.6858520507812,36.08200073242188,25541.80078125,4.250999927520752,81.05000305175781,97430.0,106963.0,pdf,702.784413,97468.7744408145,97468.7744408145,105744.42510088364,-38.77444081449357,-0.0397813977214193,105399.59967112352,1563.4003288764798,0,0.0,1.2839986061810915,0.3027284576267108,-0.7395355649848168,97251.0,910,0,-56.69639083283255,0
2025-07-02,69.11000061035156,3348.0,85.6427993774414,583.891357421875,36.42599868774414,25453.400390625,4.293000221252441,81.11000061035156,97480.0,106688.0,pdf,702.784413,97717.62594390158,97717.62594390158,106014.40550517624,-237.62594390158483,-0.2431761328688058,106316.0727121276,371.9272878724005,0,0.0,0.338659423786547,-0.0830640412899152,2.9801817639851125,97390.0,911,0,-38.77444081449357,0
2025-07-03,68.80000305175781,3331.60009765625,85.69409942626953,581.1494140625,36.78400039672852,25405.30078125,4.3480000495910645,81.01000213623047,97337.0,107620.0,pdf,702.784413,97297.21035193834,97297.21035193834,105558.2942497444,39.789648061661865,0.040894952607312,107425.276722259,194.72327774100995,0,0.0,-0.4898417665397225,0.0599000140129035,-0.4485567296425685,96782.0,912,0,-237.62594390158483,0
2025-07-04,68.29000091552734,3332.5,85.31909942626953,583.9412841796875,36.775001525878906,25461.0,,80.88999938964844,97021.0,107580.0,pdf,699.735841,96897.6008385956,96897.6008385956,105124.75562677823,123.39916140439163,0.1273500688731604,106929.01481450436,650.985185495636,0,0.0,0.0270111153011232,-0.4376030584493651,-0.741282141872579,96990.0,913,0,39.789648061661865,0
2025-07-07,69.58000183105469,3332.199951171875,85.49629974365234,582.3458862304688,36.6150016784668,25461.30078125,4.394999980926514,80.52999877929688,96596.0,106531.0,pdf,699.735841,97090.10618774248,97090.10618774248,105333.6057697206,-494.10618774248,-0.5089150760501077,106684.90646176548,-153.90646176548034,0,0.0,-0.0090037157726929,0.2076912655834428,1.889004097573577,97270.0,914,0,123.39916140439163,0
2025-07-08,70.1500015258789,3307.0,85.89199829101562,572.0759887695312,36.47200012207031,25522.5,4.414999961853027,80.77999877929688,96972.0,107500.0,pdf,699.735841,96801.8160815638,96801.8160815638,105020.83820169658,170.18391843618883,0.1758065347583916,106760.0800708625,739.9199291374971,0,0.0,-0.7562556731630865,0.4628253486405054,0.8192004596496272,96472.0,915,0,-494.10618774248,0
2025-07-09,70.19000244140625,3311.60009765625,85.7073974609375,577.1112060546875,36.35100173950195,25476.099609375,4.3420000076293945,80.02999877929688,96085.0,107280.0,pdf,699.735841,96728.13135164656,96728.13135164656,104940.89722112598,-643.1313516465743,-0.664885532946488,106177.20640577968,1102.793594220333,0,0.0,0.1391018341775129,-0.214922034358389,0.0570219738521116,96461.0,916,0,170.18391843618883,0
2025-07-10,68.63999938964844,3317.39990234375,85.70850372314453,586.0849609375,37.03799819946289,25355.25,4.3460001945495605,80.70999908447266,97046.0,107934.0,pdf,699.735841,96898.78785154724,96898.78785154724,105126.04342384842,147.21214845275972,0.1519236222833814,108185.24252804586,-251.2425280458556,0,0.0,0.1751360223598563,0.0012907429694619,-2.2082960504976934,96691.0,917,0,-643.1313516465743,0
2025-07-11,70.36000061035156,3356.0,85.73480224609375,580.4514770507812,38.67599868774414,25149.849609375,4.422999858856201,81.1500015258789,97511.0,110290.0,pdf,696.671996,98056.34610836854,98056.34610836854,106381.8849288904,-545.3461083685397,-0.5561558532538442,113004.38359392868,-2714.38359392868,0,0.0,1.1635648035372317,0.030683679923027,2.505829306523144,97818.0,918,0,147.21214845275972,0
2025-07-14,69.20999908447266,3351.5,85.82129669189453,584.0409545898438,38.46200180053711,25082.30078125,4.427000045776367,81.87999725341797,98303.0,113867.0,pdf,696.671996,98023.6566349953,98023.6566349953,106346.419934193,279.3433650046936,0.2849754585720745,112492.49762764192,1374.502372358067,0,0.0,-0.1340882002383803,0.1008860387319732,-1.634453547332282,97775.0,919,0,-545.3461083685397,0
2025-07-15,68.70999908447266,3329.800048828125,85.96839904785156,586.5336303710938,37.83399963378906,25195.80078125,4.488999843597412,81.66999816894531,97916.0,111997.0,pdf,696.671996,97555.9130348818,97555.9130348818,105838.96225482458,360.08696511820017,0.3691082927894371,110845.40584755669,1151.5941524433292,0,0.0,-0.6474698246121124,0.1714054222288652,-0.7224389634649997,97211.0,920,0,279.3433650046936,0
2025-07-16,68.5199966430664,3352.5,85.99310302734375,588.4779663085938,37.85300064086914,25212.05078125,4.454999923706055,81.3499984741211,97500.0,111200.0,pdf,696.671996,98249.19721996564,98249.19721996564,106591.11019147217,-749.1972199656448,-0.7625479303289382,110932.94333578636,267.05666421364003,0,0.0,0.6817211495886655,0.0287361167194077,-0.2765280802473291,97788.0,921,0,360.08696511820017,0
2025-07-17,69.5199966430664,3340.10009765625,85.88520050048828,598.7479248046875,38.055999755859375,25111.44921875,4.4629998207092285,81.16000366210938,97453.0,111000.0,pdf,696.671996,97762.97734134166,97762.97734134166,106063.607492965,-309.9773413416551,-0.3170702752427048,111387.91452522148,-387.9145252214803,0,0.0,-0.3698703159955241,-0.1254781174964248,1.4594279757618622,97473.0,922,0,-749.1972199656448,0
2025-07-18,69.27999877929688,3353.0,86.04650115966797,588.4281616210938,38.22299957275391,24968.400390625,4.432000160217285,81.7300033569336,98243.0,112700.0,pdf,695.4889860000001,98324.86809898204,98324.86809898204,106673.20595644276,-81.86809898204228,-0.0832628617407622,112086.82944642032,613.1705535796791,0,0.0,0.3862130465132507,0.1878096089194869,-0.345221339698476,98024.0,923,0,-309.9773413416551,0
2025-07-21,69.20999908447266,3401.89990234375,86.14859771728516,589.4750366210938,39.10100173950195,25090.69921875,4.372000217437744,82.12999725341797,98896.0,113465.0,pdf,695.4889860000001,99877.19727078058,99877.19727078058,108357.3366616959,-981.1972707805836,-0.9824036893230244,114797.57124925408,-1332.571249254077,0,0.0,1.4583925542424714,0.1186527705847595,-0.1010388222540403,99328.0,924,0,-81.86809898204228,0
2025-07-22,68.58999633789062,3439.199951171875,86.19529724121094,591.3196411132812,39.31999969482422,25060.900390625,4.335999965667725,82.7699966430664,99508.0,114493.0,pdf,695.4889860000001,101027.03354510295,101027.03354510295,109604.80054421544,-1519.0335451029532,-1.5035911595135465,115503.11073971992,-1010.110739719923,0,0.0,1.0964475704422494,0.0542081068795052,-0.8958282831723507,100329.0,925,0,-981.1972707805836,0
2025-07-23,68.51000213623047,3394.10009765625,86.3427963256836,610.0149536132812,39.27799987792969,25219.900390625,4.388000011444092,83.75,100533.0,115850.0,pdf,695.4889860000001,99872.83072560043,99872.83072560043,108352.59937211368,660.1692743995518,0.6610098758623953,115577.17569253384,272.82430746615864,0,0.0,-1.3113472364483347,0.1711219627909432,-0.116626630603811,99417.0,926,0,-1519.0335451029532,0
2025-07-24,69.18000030517578,3371.0,86.39869689941406,611.21142578125,39.02099990844727,25062.099609375,4.4079999923706055,82.30000305175781,98880.0,115092.0,pdf,695.4889860000001,99257.3207783048,99257.3207783048,107684.82914627406,-377.3207783047983,-0.3801440290208511,114895.28048065714,196.7195193428633,0,0.0,-0.6805956510299027,0.0647426028682396,0.9779567188058724,98726.0,927,0,660.1692743995518,0
2025-07-25,68.44000244140625,3334.0,86.4302978515625,592.2669067382812,38.16699981689453,24837.0,4.386000156402588,82.0999984741211,98388.0,114342.0,pdf,698.192375,98203.7808668915,98203.7808668915,106541.83773294832,184.21913310850505,0.1875886360813352,112421.8262257048,1920.17377429521,0,0.0,-1.097597152180363,0.0365757277395406,-1.069670223337893,97819.0,928,0,-377.3207783047983,0
2025-07-28,70.04000091552734,3309.10009765625,86.506103515625,595.1085205078125,38.0260009765625,24680.900390625,4.420000076293945,82.02999877929688,98446.0,112984.0,pdf,698.192375,97555.8367794304,97555.8367794304,105838.87952485372,890.1632205695932,0.9124653633818082,112104.74857715688,879.25142284311,0,0.0,-0.7468477007723462,0.0877072808342038,2.3378118308673423,97545.0,929,0,184.21913310850505,0
2025-07-29,72.51000213623047,3323.39990234375,86.77760314941406,602.6365356445312,38.08399963378906,24821.099609375,4.329999923706055,81.91000366210938,98296.0,113307.0,pdf,698.192375,98284.9127919143,98284.9127919143,106629.85821764288,11.08720808569342,0.0112806816130232,112628.1125583031,678.8874416969047,0,0.0,0.432135754902907,0.3138502634557172,3.5265579503376943,99119.0,930,0,890.1632205695932,0
2025-07-30,73.23999786376953,3295.800048828125,87.06320190429688,604.8800048828125,37.56600189208984,24855.05078125,4.375999927520752,82.38999938964844,99017.0,113400.0,pdf,698.192375,97789.47044305412,97789.47044305412,106092.3500089738,1227.5295569458683,1.2552778447253146,111461.84165500052,1938.158344999465,0,0.0,-0.8304704316853595,0.3291157447516291,1.0067517666977333,98983.0,931,0,11.08720808569342,0
2025-07-31,72.52999877929688,3293.199951171875,87.714599609375,592.96484375,36.55199813842773,24768.349609375,4.360000133514404,82.19999694824219,,,,698.192375,98443.39642152606,98443.39642152606,106801.7980044858,,,109264.63306486078,,0,0.0,-0.0788912439386169,0.7481894656185206,-0.9694143981179404,,932,0,1227.5295569458683,0
2025-08-01,69.66999816894531,3347.699951171875,87.4894027709961,581.1494140625,36.7869987487793,24565.349609375,4.21999979019165,81.94999694824219,,,,688.870875,99815.636679985,99815.636679985,108290.5492282856,,,109684.79120626827,,0,0.0,1.654925325156964,-0.2567381477904362,-3.9431968268113793,,933,0,,0
2025-08-04,68.76000213623047,3374.39990234375,87.24530029296875,594.709716796875,37.19200134277344,24722.75,4.199999809265137,83.2300033569336,,,,688.870875,100331.01250851437,100331.01250851437,108849.68338187876,,,110582.95578264732,,0,0.0,0.7975610586763882,-0.2790080515994386,-1.306151940047651,,934,0,,0
2025-08-05,67.63999938964844,3381.89990234375,87.89330291748047,598.2493896484375,37.6870002746582,24649.55078125,4.196000099182129,83.61000061035156,,,,688.870875,101300.86122349402,101300.86122349402,109901.87774246992,,,112887.00715556786,,0,0.0,0.222261741851959,0.7427364251549662,-1.6288579287170868,,935,0,,0
2025-08-06,66.88999938964844,3380.0,87.72309875488281,588.4779663085938,37.76599884033203,24574.19921875,4.21999979019165,83.44000244140625,100452.0,113485.0,pdf,688.870875,101047.89435883236,101047.89435883236,109627.43255911054,-595.8943588323455,-0.5897147710136919,112904.5757743685,580.4242256315047,0,0.0,-0.0561785504778922,-0.1936486136576931,-1.108811364233664,101262.0,936,0,,1
2025-08-07,66.43000030517578,3400.300048828125,87.76249694824219,589.2257690429688,38.15800094604492,24596.150390625,4.24399995803833,83.94000244140625,100703.0,115250.0,pdf,688.870875,101700.43629105703,101700.43629105703,110335.3789950147,-997.436291057049,-0.9807591072691964,114127.73250833464,1122.2674916653486,0,0.0,0.6005931605954196,0.0449119945813425,-0.687694855239962,101468.0,937,0,-595.8943588323455,0
2025-08-08,66.58999633789062,3439.10009765625,87.43319702148438,526.5591430664062,38.41699981689453,24363.30078125,4.284999847412109,84.36000061035156,100942.0,114732.0,pdf,693.6179179999999,102474.96500390123,102474.96500390123,111175.66957970416,-1532.965003901234,-1.495940987969963,114471.24538404876,260.75461595124216,0,0.0,1.1410772070393316,-0.3752171351186772,0.2408490621403469,101798.0,938,0,-997.436291057049,0
2025-08-11,66.62999725341797,3353.10009765625,87.48829650878906,535.9317626953125,37.6619987487793,24585.05078125,4.2729997634887695,83.2300033569336,99957.0,113501.0,pdf,693.6179179999999,99975.38428197584,99975.38428197584,108463.86030591716,-18.384281975842896,-0.0183888085130944,112292.28737812968,1208.7126218703197,0,0.0,-2.500654169926864,0.0630189552500937,0.0600704576170452,100322.0,939,0,-1532.965003901234,0
2025-08-12,66.12000274658203,3348.89990234375,87.66449737548828,521.1749267578125,37.89899826049805,24487.400390625,4.293000221252441,82.9800033569336,99670.0,113313.0,pdf,693.6179179999999,100051.24963485583,100051.24963485583,108546.1670566832,-381.2496348558343,-0.3810543458949608,113226.49964002536,86.50035997462692,0,0.0,-0.1252630458433379,0.201399357091736,-0.7654127688107915,100157.0,940,0,-18.384281975842896,0
2025-08-13,65.62999725341797,3358.699951171875,87.59559631347656,514.1455078125,38.499000549316406,24619.349609375,4.23799991607666,83.19000244140625,100097.0,115275.0,pdf,693.6179179999999,100265.16776716502,100265.16776716502,108778.2480492828,-168.167767165025,-0.1677230197784567,114928.6570715722,346.3429284277954,0,0.0,0.2926348685807545,-0.0785963121611277,-0.7410851070924873,100185.0,941,0,-381.2496348558343,0
2025-08-14,66.83999633789062,3335.199951171875,87.44999694824219,531.9434204101562,37.98199844360352,24631.30078125,4.293000221252441,83.13999938964844,,,,693.6179179999999,99398.14460908368,99398.14460908368,107837.6097174021,,,113196.81665600793,,0,0.0,-0.6996754798475169,-0.166217676871927,1.8436677359599416,,942,0,-168.167767165025,0
2025-08-15,65.8499984741211,3336.0,87.69180297851562,,37.89400100708008,,4.328000068664551,,100023.0,114933.0,pdf,695.106061,99696.89778337094,99696.89778337094,108161.72872724204,326.10221662906406,0.327093644716653,113246.83288386744,1686.1671161325648,0,0.0,0.0239880318972707,0.2765077629637291,-1.4811458976821013,99838.0,943,0,,0
2025-08-18,66.5999984741211,3331.699951171875,87.51280212402344,518.6822509765625,37.95100021362305,24876.94921875,4.341000080108643,82.75,99623.0,114050.0,pdf,695.106061,99365.14619812377,99365.14619812377,107801.80955456822,257.8538018762338,0.2595012554624537,113185.66317069715,864.3368293028325,0,0.0,-0.1288983461668169,-0.2041249562813152,1.1389521904009658,99401.0,944,0,326.10221662906406,0
2025-08-19,65.79000091552734,3313.39990234375,87.29509735107422,505.8697204589844,37.26100158691406,24980.650390625,4.302000045776367,82.30999755859375,99168.0,113625.0,pdf,695.106061,98573.53065102828,98573.53065102828,106942.9813666816,594.469348971732,0.6030719860043187,110851.3487737356,2773.6512262643955,0,0.0,-0.549270615491293,-0.2487690574010992,-1.2162125783058308,98696.0,945,0,257.8538018762338,0
2025-08-20,66.83999633789062,3343.39990234375,87.0791015625,509.1102294921875,37.70500183105469,25050.55078125,4.296000003814697,82.08000183105469,98946.0,111194.0,pdf,695.106061,99219.91905729538,99219.91905729538,107644.25180744308,-273.9190572953812,-0.276072647405814,111894.69818162904,-700.6981816290499,0,0.0,0.9054144046657164,-0.247431751757543,1.5959802519404764,99304.0,946,0,594.469348971732,0
2025-08-21,67.66999816894531,3336.89990234375,87.01820373535156,509.5090637207031,38.027000427246094,25083.75,4.329999923706055,82.55000305175781,99147.0,112690.0,pdf,695.106061,98957.76927979827,98957.76927979827,107359.84402996984,189.2307202017109,0.1912237124774612,112771.35199767696,-81.35199767696031,0,0.0,-0.1944128788017085,-0.0699339176171043,1.2417742018698608,99435.0,947,0,-273.9190572953812,0
2025-08-22,67.7300033569336,3374.39990234375,87.29340362548828,509.6585998535156,39.00299835205078,24870.099609375,4.260000228881836,82.62000274658203,99358.0,113906.0,pdf,690.720367,100386.33074388649,100386.33074388649,108909.69844855608,-1028.3307438864867,-1.0243732749930317,116031.53170591131,-2125.531705911315,0,0.0,1.1237975695243652,0.3162555400174405,0.0886732519756794,100384.0,948,0,189.2307202017109,0
2025-08-25,68.80000305175781,3373.800048828125,87.3301010131836,509.6585998535156,38.67699813842773,24967.75,4.275000095367432,83.5,100488.0,116133.0,pdf,690.720367,100410.6795075122,100410.6795075122,108936.1145600368,77.32049248780822,0.077004251805729,115110.07197178916,1022.9280282108376,0,0.0,-0.0177765982985134,0.0420391303021627,1.5798016267404735,100624.0,949,0,-1028.3307438864867,0
2025-08-26,67.22000122070312,3388.60009765625,87.60859680175781,496.94580078125,38.58200073242188,24712.05078125,4.257999897003174,83.83000183105469,,,,690.720367,101172.7714432914,101172.7714432914,109762.9124148916,,,115193.5262182772,,0,0.0,0.438675932596122,0.3189001104352051,-2.2965141874573214,,950,0,77.32049248780822,0
2025-08-27,68.05000305175781,3404.60009765625,87.60070037841797,,38.68899917602539,,4.23799991607666,,100884.0,115870.0,pdf,690.720367,101641.31825900778,101641.31825900778,110271.24150741407,-757.3182590077777,-0.7450889775730173,115502.57785282852,367.4221471714845,0,0.0,0.4721713846100206,-0.0090132973567746,1.2347542635852582,101542.0,951,0,,0
2025-08-28,68.62000274658203,3431.800048828125,87.65910339355469,508.6615295410156,39.18999862670898,24500.900390625,4.206999778747559,84.41999816894531,101506.0,117110.0,pdf,690.720367,102521.65390538189,102521.65390538189,111226.3226331973,-1015.6539053818706,-0.9906725717858847,117076.26955515188,33.73044484812999,0,0.0,0.7989176523433672,0.0666695755678015,0.8376189114799759,102100.0,952,0,-757.3182590077777,0
2025-08-29,68.12000274658203,3473.699951171875,87.5916976928711,502.6790466308594,40.20000076293945,24426.849609375,4.227000236511231,85.33999633789062,,,,694.2299499999999,103693.57550073636,103693.57550073636,112497.74700551583,,,120001.205424644,,0,0.0,1.2209307578411543,-0.0768952659496946,-0.7286505100364549,,953,0,-1015.6539053818706,0
2025-09-01,,,88.17430114746094,508.5617980957031,,24625.05078125,,86.61000061035156,,,,694.2299499999999,,,,,,,,0,0.0,,0.6651354750911054,,,954,0,,0
2025-09-02,69.13999938964844,3549.39990234375,88.00140380859375,507.2157897949219,41.07099914550781,24579.599609375,4.276999950408936,86.61000061035156,,,,694.2299499999999,106448.889845,106448.889845,115487.0031337264,,,123174.68823327974,,0,0.0,,-0.1960858624533212,,,955,0,,0
2025-09-03,67.5999984741211,3593.199951171875,87.99829864501953,512.5999755859375,41.54199981689453,24715.05078125,4.210999965667725,87.87999725341797,,,,694.2299499999999,107758.68032155924,107758.68032155924,116908.0022356539,,,124582.85480959818,,0,0.0,1.2340127918300414,-0.0035285386821515,-2.227366110966311,,956,0,,0
2025-09-04,66.98999786376953,3565.800048828125,88.072998046875,501.8999938964844,40.9109992980957,24734.30078125,4.176000118255615,88.16000366210938,105945.0,123207.0,pdf,694.2299499999999,107027.74375235758,107027.74375235758,116115.0050143502,-1082.743752357579,-1.011647741414458,122794.65728787758,412.3427121224231,0,0.0,-0.7625487786955487,0.0848873251025006,-0.9023677871606516,106417.0,957,0,,1
2025-09-05,65.5,3613.199951171875,88.19290161132812,501.9500122070313,41.07400131225586,24741.0,4.085999965667725,88.6500015258789,106338.0,123170.0,pdf,698.268205,108598.10087723316,108598.10087723316,117818.69434794164,-2260.1008772331697,-2.081160590264967,123451.74909274722,-281.7490927472245,0,0.0,1.329292211977151,0.1361411182906557,-2.224209451087878,107728.0,958,0,-1082.743752357579,0
2025-09-08,66.0199966430664,3638.10009765625,88.1863021850586,505.9500122070313,41.42599868774414,24773.150390625,4.046000003814697,89.9800033569336,108037.0,124413.0,pdf,698.268205,109338.31570945056,109338.31570945056,118621.75760930956,-1301.3157094505586,-1.1901735462146694,124500.39310402238,-87.39310402238334,0,0.0,0.6891438841157616,-0.0074829449410951,0.7938880046815422,108518.0,959,0,-2260.1008772331697,0
2025-09-09,66.38999938964844,3643.300048828125,87.98049926757812,500.25,40.87799835205078,24868.599609375,4.073999881744385,91.16999816894533,109475.0,124770.0,pdf,698.268205,109239.0627145304,109239.0627145304,118514.07747331126,235.9372854696121,0.2159825245719808,122566.74349565236,2203.256504347635,0,0.0,0.1429304041201229,-0.2333728848824989,0.5604404201691171,109033.0,960,0,-1301.3157094505586,0
2025-09-10,67.48999786376953,3643.60009765625,88.21829986572266,507.0499877929688,41.132999420166016,24973.099609375,4.0320000648498535,90.9000015258789,109635.0,124594.0,pdf,698.268205,109543.34347136636,109543.34347136636,118844.19338874651,91.65652863364085,0.0836714726144898,123664.67676815436,929.3232318456284,0,0.0,0.0082356331925437,0.270287848016526,1.656873752423338,108986.0,961,0,235.9372854696121,0
2025-09-11,66.37000274658203,3636.89990234375,88.05339813232422,505.7999877929688,41.696998596191406,25005.5,4.011000156402588,90.62000274658205,109097.0,124499.0,pdf,698.268205,109137.51789110372,109137.51789110372,118403.91091959365,-40.51789110372192,-0.0371255383910693,125125.98786027973,-626.9878602797107,0,0.0,-0.1838894261971813,-0.1869246331537066,-1.6594979295276313,108981.0,962,0,91.65652863364085,0
2025-09-12,66.98999786376953,3649.39990234375,88.2676010131836,502.75,42.387001037597656,25114.0,4.060999870300293,91.26000213623048,109707.0,128008.0,pdf,702.9662340000001,109779.02840152624,109779.02840152624,119099.8893035426,-72.02840152622957,-0.0656121688951185,127505.99866497316,502.0013350268273,0,0.0,0.343699313581447,0.2432647523011866,0.9341496030289552,108981.0,963,0,-40.51789110372192,0
2025-09-15,67.44000244140625,3682.199951171875,88.27729797363281,504.75,42.516998291015625,25069.19921875,4.033999919891357,90.91999816894533,109511.0,127791.0,pdf,702.9662340000001,110777.86809374558,110777.86809374558,120183.53613944094,-1266.8680937455792,-1.1436111883589368,127911.09909512592,-120.09909512591548,0,0.0,0.8987792433232666,0.0109858660911843,0.6717489057871617,110179.0,964,0,-72.02840152622957,0
2025-09-16,68.47000122070312,3688.89990234375,88.12349700927734,508.5499877929688,42.47100067138672,25239.099609375,4.026000022888184,92.2699966430664,110869.0,129300.0,pdf,702.9662340000001,110786.080371153,110786.080371153,120192.44568568486,82.91962884699751,0.0748466130123947,127550.10486552064,1749.895134479346,0,0.0,0.1819551154396803,-0.1742248209742558,1.5272816459218852,110156.0,965,0,-1266.8680937455792,0
2025-09-17,67.94999694824219,3681.800048828125,87.88459777832031,522.7999877929688,41.72200012207031,25330.25,4.076000213623047,91.25,109733.0,125756.0,pdf,702.9662340000001,110273.09703890156,110273.09703890156,119635.90716484602,-540.0970389015565,-0.4897813278165425,124961.00024721626,794.9997527837404,0,0.0,-0.1924653339363868,-0.2710959495080822,-0.7594629227254956,109822.0,966,0,82.91962884699751,0
2025-09-18,67.44000244140625,3643.699951171875,87.91069793701172,515.0,41.70700073242188,25423.599609375,4.104000091552734,91.5999984741211,110167.0,127100.0,pdf,702.9662340000001,109164.37639732171,109164.37639732171,118433.04986501884,1002.6236026782864,0.9184531032624348,124953.17362488034,2146.8263751196646,0,0.0,-1.0348225637178965,0.029698217152041,-0.7505438259613251,109052.0,967,0,-540.0970389015565,0
2025-09-19,66.68000030517578,3671.5,88.20690155029297,511.3999938964844,42.5359992980957,25327.05078125,4.138999938964844,91.29000091552734,109775.0,128000.0,pdf,702.569929,110367.88058720552,110367.88058720552,119738.73837291164,-592.8805872055091,-0.5371858044669559,127866.21520331428,133.78479668572254,0,0.0,0.7629620770278844,0.3369369374060404,-1.126930766188483,109847.0,968,0,1002.6236026782864,0
2025-09-22,66.56999969482422,3740.699951171875,88.09919738769531,505.25,43.79899978637695,25202.349609375,4.14300012588501,93.13999938964844,112155.0,132869.0,pdf,702.569929,112310.77633334488,112310.77633334488,121846.59696542133,-155.776333344882,-0.1387011455450444,131502.11812874652,1366.8818712534849,0,0.0,1.884786903768898,-0.122104008535262,-0.1649679211879418,112230.0,969,0,-592.8805872055091,0
2025-09-23,67.62999725341797,3780.60009765625,88.30439758300781,494.9500122070313,44.19200134277344,25169.5,4.119999885559082,95.12999725341795,114314.0,135267.0,pdf,702.569929,113773.1223088538,113773.1223088538,123433.104391681,540.8776911462046,0.4754002352839653,132991.1083947062,2275.8916052937857,0,0.0,1.0666492101799152,0.2329194832609848,1.5923051877017924,113836.0,970,0,-155.776333344882,0
2025-09-24,69.30999755859375,3732.10009765625,88.80799865722656,479.1000061035156,43.777000427246094,25056.900390625,4.146999835968018,94.63999938964844,113584.0,134089.0,pdf,702.569929,112954.09226902724,112954.09226902724,122544.53406545406,629.9077309727581,0.5576670294268594,132493.53490346405,1595.465096535947,0,0.0,-1.2828651205417652,0.5703012398055929,2.4841052393963725,112555.0,971,0,540.8776911462046,0
2025-09-25,69.41999816894531,3736.89990234375,88.77860260009766,462.5499877929688,44.696998596191406,24890.849609375,4.171999931335449,94.43000030517578,113349.0,137040.0,pdf,702.569929,113061.92437176226,113061.92437176226,122661.52172408169,287.0756282377406,0.2539100849670652,135233.18277157567,1806.8172284243333,0,0.0,0.1286086804186847,-0.0331006863946603,0.158708143451558,112629.0,972,0,629.9077309727581,0
2025-09-26,70.12999725341797,3775.300048828125,88.77310180664062,455.7999877929688,46.22100067138672,24654.69921875,4.186999797821045,94.22000122070312,113262.0,138100.0,pdf,700.235877,114216.66414401872,114216.66414401872,123914.30543926556,-954.6641440187086,-0.8358361287937356,139835.4684874103,-1735.4684874103114,0,0.0,1.0275936601965352,-0.0061960802444804,1.0227587196772303,114891.0,973,0,287.0756282377406,0
2025-09-29,67.97000122070312,3820.89990234375,88.67680358886719,448.2999877929688,46.61199951171875,24634.900390625,4.140999794006348,95.9000015258789,115454.0,144387.0,pdf,700.235877,115470.83176595242,115470.83176595242,125274.95899136346,-16.83176595241821,-0.0145766387017411,140865.41106692687,3521.5889330731297,0,0.0,1.2078471360118748,-0.1084767973785427,-3.07998875988772,116344.0,974,0,-954.6641440187086,0
2025-09-30,67.0199966430664,3840.800048828125,88.70449829101562,454.2999877929688,46.25299835205078,24611.099609375,4.1479997634887695,95.8499984741211,,,,700.235877,116108.4816337234,116108.4816337234,125966.74894224708,,,139824.13407077233,,0,0.0,0.5208235492420998,0.0312310559555495,-1.397682154737634,,975,0,-16.83176595241821,0
2025-10-01,65.3499984741211,3867.5,88.8406982421875,465.2999877929688,47.290000915527344,24836.30078125,4.105999946594238,97.62999725341795,,,,700.235877,,,,,,143178.5266378923,,0,0.0,0.6951663932628138,0.1535434547242919,-2.4917908871875283,,976,0,,0
2025-10-02,64.11000061035156,3839.699951171875,88.68299865722656,,46.0,,4.0879998207092285,,,,,700.235877,,,,,,139025.60851757415,,0,0.0,-0.7188118636877849,-0.1775082682612838,-1.897471909292514,,977,0,,0
2025-10-03,64.52999877929688,3880.800048828125,88.72019958496094,492.1499938964844,47.59700012207031,24894.25,4.11899995803833,97.06999969482422,,,,699.960314,,,,,,143912.55876361235,,0,0.0,1.0703986816393396,0.0419482068690024,0.6551211432643367,,978,0,,0
2025-10-06,65.47000122070312,3948.5,88.73509979248047,485.3500061035156,48.08200073242188,25077.650390625,4.162000179290772,99.22000122070312,,,,699.960314,,,,,,145403.4048003083,,0,0.0,1.744484392910639,0.0167946055004808,1.4566906232575727,,979,0,,0
2025-10-07,65.44999694824219,3976.60009765625,88.72109985351562,487.7000122070313,47.17900085449219,25108.30078125,4.126999855041504,99.66000366210938,,,,699.960314,,,,,,142650.15887435593,,0,0.0,0.7116651299544197,-0.0157772279487877,-0.0305548680127554,,980,0,,0
2025-10-08,66.25,4043.300048828125,88.74259948730469,481.9500122070313,48.65599822998047,25046.150390625,4.129000186920166,101.69000244140624,,,,699.960314,,,,,,147151.65011631657,,0,0.0,1.677311007742199,0.0242328305493977,1.2223118243847253,,981,0,,0
2025-10-09,65.22000122070312,3946.300048828125,88.7771987915039,482.9500122070313,46.84999847412109,25181.80078125,4.1479997634887695,101.47000122070312,,,,699.960314,,,,,,141744.9587857902,,0,0.0,-2.399030465921359,0.03898838257963,-1.5547151385613245,,982,0,,0
2025-10-10,62.72999954223633,3975.89990234375,88.86540222167969,484.8500061035156,46.9379997253418,25285.349609375,4.051000118255615,100.66999816894533,,,,697.78383,,,,,,142152.30049923656,,0,0.0,0.7500659643053353,0.0993536982203391,-3.81784978819716,,983,0,,0
2025-10-13,63.31999969482422,4108.60009765625,88.7573013305664,474.7999877929688,50.130001068115234,25227.349609375,4.051000118255615,102.6500015258789,,,,697.78383,,,,,,151634.63363076755,,0,0.0,3.33761408918456,-0.1216456443235536,0.940539067261814,,984,0,,0
2025-10-14,62.38999938964844,4138.7001953125,88.66510009765625,469.4500122070313,50.31399917602539,25145.5,4.021999835968018,105.08999633789062,,,,697.78383,,,,,,152033.0998006985,,0,0.0,0.7326120075161535,-0.1038801670712796,-1.468730748038527,,985,0,,0
2025-10-15,61.90999984741211,4176.89990234375,88.78250122070312,477.0,51.073001861572266,25323.55078125,4.046000003814697,105.29000091552734,,,,697.78383,,,,,,154530.910705458,,0,0.0,0.9229880210824382,0.1324096210544745,-0.7693533369643957,,986,0,,0
2025-10-16,61.060001373291016,4280.2001953125,87.80950164794922,487.1499938964844,53.02299880981445,25585.30078125,3.9760000705718994,105.37000274658205,,,,697.78383,128086.15778612578,128086.15778612578,138961.3975981553,,,158672.76954207043,,0,0.0,2.473133074383372,-1.0959362029406503,-1.3729582881861768,,987,0,,0
2025-10-17,61.290000915527344,4189.89990234375,87.9906997680664,489.8500061035156,49.86399841308594,25709.849609375,4.006999969482422,108.11000061035156,,,,702.28003,125642.63115961304,125642.63115961304,136310.40172976884,,,149527.2943693557,,0,0.0,-2.109721247796847,0.2063536595887427,0.3766779185447877,,988,0,,0
2025-10-20,61.0099983215332,4336.39990234375,88.0022964477539,494.8999938964844,51.11899948120117,25843.150390625,3.986000061035156,105.13999938964844,,,,702.28003,130052.86823199633,130052.86823199633,141095.09289320355,,,153310.8719997646,,0,0.0,3.4965035779983777,0.0131794379611305,-0.4568487352122119,,989,0,,0
2025-10-21,61.31999969482422,,87.87999725341797,492.1000061035156,47.45000076293945,25868.599609375,3.963000059127808,105.69000244140624,,,,702.28003,122423.74141517452,,,,,,,0,0.0,,-0.1389727305679433,0.5081156889355398,,990,0,,0
2025-10-22,62.59000015258789,4044.39990234375,88.00160217285156,,47.46099853515625,,3.953000068664551,,,,,702.28003,121294.54611475008,121294.54611475008,131593.13965279487,,,142339.04694089532,,0,0.0,-1.0592765943036375,0.1383761074581269,2.071103170391675,,991,0,,0
2025-10-23,65.98999786376953,4125.5,87.74030303955078,494.1499938964844,48.48199844360352,25891.400390625,3.990999937057495,101.6999969482422,,,,702.28003,123359.42173744008,123359.42173744008,133833.3349038265,,,144969.36838391467,,0,0.0,2.005244278866991,-0.2969254273206712,5.432173994077005,,992,0,,0
2025-10-24,65.94000244140625,4118.39990234375,87.77899932861328,495.2999877929688,48.37699890136719,25795.150390625,3.996999979019165,,,,,695.355368,,,,,,144719.19968262227,,0,0.0,-0.1721027186098678,0.0441032088127846,-0.0757621215058845,,993,0,,0
2025-10-27,65.62000274658203,4001.89990234375,87.8290023803711,505.8500061035156,46.5620002746582,25966.05078125,3.996999979019165,100.13999938964844,,,,695.355368,,,,,,139368.99946743174,,0,0.0,-2.828768520844726,0.0569647092587777,-0.4852891764882239,,994,0,,0
2025-10-28,64.4000015258789,3966.199951171875,88.22209930419922,504.8999938964844,47.125,25936.19921875,3.983000040054321,96.83999633789062,,,,695.355368,,,,,,141685.4828393271,,0,0.0,-0.8920750654199727,0.4475707490399383,-1.8591910540062704,,995,0,,0
2025-10-29,64.91999816894531,3983.699951171875,88.22550201416016,513.2000122070312,47.72100067138672,26053.900390625,4.058000087738037,99.9499969482422,,,,695.355368,119778.08405802544,119778.08405802544,129947.92138370682,,,143482.94549816698,,0,0.0,0.4412283852413878,0.0038569814000855,0.8074481843877823,,996,0,,0
2025-10-30,65.0,4001.300048828125,88.34559631347656,512.9000244140625,48.428001403808594,25877.849609375,4.0929999351501465,99.68000030517578,,,,695.355368,120471.03161169495,120471.03161169495,130699.70410702754,,,145806.893180083,,0,0.0,0.441802793181556,0.1361219789909773,0.1232314129869349,,997,0,,0
2025-10-31,65.06999969482422,3982.199951171875,88.6344985961914,509.7000122070313,47.99399948120117,25722.099609375,4.10099983215332,100.0199966430664,120770.0,149125.0,pdf,689.73284,120288.0427414313,120288.0427414313,130501.17844589244,481.9572585686983,0.4006692997779536,144972.73697238782,4152.263027612178,0,0.0,-0.4773472977074977,0.3270137899004322,0.107691838191104,121232.0,998,0,,1
2025-11-03,64.88999938964844,4000.300048828125,88.77539825439453,515.8499755859375,47.88800048828125,25763.349609375,4.105999946594238,100.0500030517578,120777.0,149300.0,pdf,689.73284,121026.86957098015,121026.86957098015,131302.73585530865,-249.86957098016865,-0.2064579310907686,144882.50177153814,4417.49822846186,0,0.0,0.4545250835765735,0.1589670618491911,-0.2766256431842251,121409.0,999,0,481.9572585686983,0
2025-11-04,64.44000244140625,3947.699951171875,88.72339630126953,522.5999755859375,47.130001068115234,25597.650390625,4.089000225067139,99.8000030517578,,,,689.73284,119365.5209481583,119365.5209481583,129500.32933054908,,,142505.69190581067,,0,0.0,-1.3149038075696118,-0.0585769865835805,-0.6934765795574505,,1000,0,-249.86957098016865,0
2025-11-05,63.52000045776367,3980.300048828125,88.73200225830078,,47.86299896240234,,4.1570000648498535,,,,,689.73284,120362.91494417407,120362.91494417407,130582.407722453,,,144736.07523083218,,0,0.0,0.8257997836581543,0.0096997605930626,-1.427687692096402,,1001,0,,0
2025-11-06,63.380001068115234,3979.89990234375,88.55690002441406,512.8499755859375,47.79399871826172,25509.69921875,4.0929999351501465,100.06999969482422,120670.0,148242.0,pdf,689.73284,120113.3163870859,120113.3163870859,130311.616835046,556.6836129141011,0.4634653589283073,144242.21287751157,3999.787122488429,0,0.0,-0.0100531738679521,-0.197338310226558,-0.2204020602007528,120613.0,1002,0,,0
2025-11-07,63.630001068115234,3999.39990234375,88.6729965209961,512.7999877929688,48.016998291015625,25492.30078125,4.0929999351501465,99.94000244140624,120100.0,148275.0,pdf,687.0335200000001,120860.0639941471,120860.0639941471,131121.76754081994,-760.0639941471018,-0.6288793576875066,145105.2064800546,3169.793519945408,0,0.0,0.4899620713705976,0.1310981939860456,0.3944461908912178,121067.0,1003,0,556.6836129141011,0
2025-11-10,64.05999755859375,4111.7998046875,88.65799713134766,510.3999938964844,50.17699813842773,25574.349609375,4.110000133514404,101.6999969482422,122441.0,151643.0,pdf,687.0335200000001,124235.7199048274,124235.7199048274,134784.0357458033,-1794.7199048273906,-1.444608608701477,151606.9794858246,36.020514175412245,0,0.0,2.810419190086022,-0.0169153972876978,0.6757763370429659,123970.0,1004,0,-760.0639941471018,0
2025-11-11,65.16000366210938,4106.7998046875,88.70709991455078,509.3999938964844,50.61800003051758,25694.94921875,4.119999885559082,103.29000091552734,124149.0,154760.0,pdf,687.0335200000001,124153.37136967866,124153.37136967866,134694.69535389665,-4.371369678658084,-0.0035209431934328,153024.14665078747,1735.853349212528,0,0.0,-0.1216012509728692,0.0553844941143744,1.717149774333793,123913.0,1005,0,-1794.7199048273906,0
2025-11-12,62.709999084472656,4204.39990234375,88.46649932861328,508.75,53.33200073242188,25875.80078125,4.065000057220459,102.69000244140624,123913.0,156705.0,pdf,687.0335200000001,126759.19224723586,126759.19224723586,137521.76517388795,-2846.1922472358565,-2.24535372684021,160791.58716567932,-4086.587165679317,0,0.0,2.376548706972504,-0.2712303594292531,-3.759982258965711,126465.0,1006,0,-4.371369678658084,0
2025-11-13,63.0099983215332,4186.89990234375,88.59400177001953,498.75,53.07400131225586,25879.150390625,4.111999988555908,105.37000274658205,126554.0,162730.0,pdf,687.0335200000001,126413.51307752667,126413.51307752667,137146.7358859959,140.48692247332656,0.1111328362397214,160244.36015792485,2485.63984207515,0,0.0,-0.4162306252134762,0.1441251121881093,0.4783913912300264,126751.0,1007,0,-2846.1922472358565,0
2025-11-14,64.38999938964844,4087.60009765625,88.81610107421875,495.5,50.59000015258789,25910.05078125,4.1479997634887695,103.80999755859376,124794.0,159367.0,pdf,692.57646,123724.7851945567,123724.7851945567,134229.71978654736,1069.2148054433055,0.864188047497492,153127.42813222972,6239.571867770283,0,0.0,-2.371678497303309,0.2506933875453088,2.190130304516491,123561.0,1008,0,140.48692247332656,0
2025-11-17,64.19999694824219,4068.300048828125,88.68199920654297,495.4500122070313,50.625,26013.44921875,4.132999897003174,101.94000244140624,122924.0,154933.0,pdf,692.57646,122954.67732065002,122954.67732065002,133394.2253950448,-30.67732065002201,-0.0249501046389796,153002.00242484326,1930.99757515674,0,0.0,-0.4721608857772397,-0.1509882398054385,-0.295080669680503,122927.0,1009,0,1069.2148054433055,0
2025-11-18,64.88999938964844,4061.300048828125,88.63590240478516,490.6499938964844,50.45000076293945,25910.05078125,4.123000144958496,100.91000366210938,122180.0,153706.0,pdf,692.57646,122679.31726344228,122679.31726344228,133095.48571033828,-499.3172634422663,-0.4070101420356208,152393.85357216877,1312.1464278312342,0,0.0,-0.1720620385906923,-0.0519798856253195,1.0747702090430522,122640.0,1010,0,-30.67732065002201,0
2025-11-19,63.5099983215332,4077.699951171875,88.55680084228516,499.6000061035156,50.790000915527344,26052.650390625,4.132999897003174,102.2300033569336,123884.0,158120.0,pdf,692.57646,123064.78249031624,123064.78249031624,133513.6791168525,819.2175096837746,0.6656798907910454,153283.97111602186,4836.028883978142,0,0.0,0.4038091780114161,-0.0892432528511455,-2.126677579126901,123051.0,1011,0,-499.3172634422663,0
2025-11-20,63.380001068115234,4056.5,88.48719787597656,504.1000061035156,50.24700164794922,26192.150390625,4.105999946594238,101.5500030517578,122561.0,154113.0,pdf,692.57646,122328.74669247282,122328.74669247282,132715.14971353184,232.2533075271785,0.1898599583555364,151526.0134758596,2586.986524140404,0,0.0,-0.5198997333235034,-0.0785969746496917,-0.2046878552252939,122727.0,1012,0,819.2175096837746,0
2025-11-21,62.560001373291016,4076.699951171875,88.69219970703125,496.4500122070313,49.87300109863281,26068.150390625,4.063000202178955,102.0,123146.0,151129.0,pdf,688.10427,123222.7162177502,123222.7162177502,133685.0223117101,-76.71621775020321,-0.0622581777978631,150746.6022741706,382.39772582938895,0,0.0,0.4979650233421617,0.2316740002797024,-1.293783024621531,124191.0,1013,0,232.2533075271785,0
2025-11-24,63.369998931884766,4091.89990234375,89.63400268554688,484.3999938964844,50.29499816894531,25959.5,4.038000106811523,102.2300033569336,123308.0,153650.0,pdf,688.10427,124995.50495790147,124995.50495790147,135608.33085055347,-1687.504957901474,-1.3500525146642883,153636.42422883303,13.575771166972116,0,0.0,0.3728493966671742,1.0618780249295856,1.29475310232261,123854.0,1014,0,-76.71621775020321,0
2025-11-25,62.47999954223633,4139.2001953125,89.14779663085938,482.7999877929688,50.93399810791016,25884.80078125,4.001999855041504,103.45999908447266,125119.0,156320.0,pdf,688.10427,125754.5330460238,125754.5330460238,136431.8047197428,-635.5330460238038,-0.505375854555645,154744.4154907256,1575.5845092743984,0,0.0,1.155949414638835,-0.5424348351297015,-1.4044491157481076,125225.0,1015,0,-1687.504957901474,0
2025-11-26,63.130001068115234,4165.2001953125,89.15059661865234,497.5499877929688,52.91600036621094,26205.30078125,3.997999906539917,104.18000030517578,126081.0,159025.0,pdf,688.10427,126548.42297334092,126548.42297334092,137293.1003956057,-467.4229733409156,-0.3693629382006478,160771.0573896752,-1746.057389675203,0,0.0,0.6281406738781081,0.0031408379105091,1.0403353563399165,125931.0,1016,0,-635.5330460238038,0
2025-11-27,,,89.16300201416016,493.8999938964844,,26215.55078125,,104.11000061035156,,,,688.10427,,,,,,,,0,0.0,,0.0139151009396876,,125504.0,1017,0,-467.4229733409156,0
2025-11-28,63.20000076293945,4218.2998046875,89.36479949951172,505.3500061035156,56.44599914550781,26202.94921875,4.017000198364258,104.62000274658205,126591.0,164359.0,pdf,686.22712,128469.64722658592,128469.64722658592,139377.4474628055,-1878.6472265859336,-1.46232769151495,171908.06565046348,-7549.065650463483,0,0.0,,0.2263242385216246,,129504.0,1018,0,,0
2025-12-01,63.16999816894531,4239.2998046875,89.3499984741211,506.9500122070313,58.417999267578125,26175.75,4.0960001945495605,106.72000122070312,128800.0,175180.0,pdf,686.22712,129087.82514668132,129087.82514668132,140048.11218743725,-287.825146681309,-0.2229684684471644,177884.3870993448,-2704.387099344807,0,0.0,0.4978309027884764,-0.0165624781496953,-0.047472458278408,130652.0,1019,0,-1878.6472265859336,0
2025-12-02,62.45000076293945,4186.60009765625,89.61270141601562,501.2999877929688,57.983001708984375,26032.19921875,4.085999965667725,105.62999725341795,127593.0,174650.0,pdf,686.22712,127857.92504686076,127857.92504686076,138713.78660744324,-264.9250468607497,-0.207202679664677,177078.92116683436,-2428.9211668343632,0,0.0,-1.2431229084807538,0.2940156087082757,-1.1397774685385609,129759.0,1020,0,-287.825146681309,0
2025-12-03,62.66999816894531,4199.2998046875,89.91719818115234,490.0,57.92100143432617,25986.0,4.057000160217285,106.51000213623048,128214.0,178190.0,pdf,686.22712,128681.5403815551,128681.5403815551,139607.33154602675,-467.54038155509625,-0.3633313528644333,177490.63014485128,699.3698551487178,0,0.0,0.3033417745907929,0.3397919718133746,0.3522776674430572,130462.0,1021,0,-264.9250468607497,0
2025-12-04,63.2599983215332,4211.7998046875,90.17050170898438,490.1000061035156,56.84700012207031,26033.75,4.107999801635742,105.91999816894533,127845.0,176625.0,pdf,686.22712,129428.16968368922,129428.16968368922,140417.35390211566,-1583.1696836892224,-1.2232033316690998,174690.23977871437,1934.760221285629,0,0.0,0.2976686729070144,0.281707540888565,0.9414395561291976,130078.0,1022,0,-467.54038155509625,0
2025-12-05,63.75,4212.89990234375,89.8364028930664,492.5,58.422000885009766,26186.44921875,4.138999938964844,106.88999938964844,128592.0,178210.0,pdf,687.260372,128982.29438925524,128982.29438925524,139933.6212713618,-390.294389255243,-0.3025953221745109,178865.0072784191,-655.0072784190997,0,0.0,0.026119419423165,-0.3705189719318991,0.7745837677330503,130462.0,1023,0,-1583.1696836892224,0
2025-12-08,62.4900016784668,4187.2001953125,89.93800354003906,475.0499877929688,57.77899932861328,25960.55078125,4.171999931335449,106.8499984741211,128257.0,179088.0,pdf,687.260372,128340.4541444532,128340.4541444532,139237.28515671805,-83.4541444531933,-0.0650255954052194,177096.4527119501,1991.5472880498853,0,0.0,-0.6100241550233032,0.1130951860278672,-1.976467955346206,129962.0,1024,0,-390.294389255243,0
2025-12-09,61.93999862670898,4206.7001953125,90.12999725341795,473.3500061035156,60.16899871826172,25839.650390625,4.185999870300293,106.27999877929688,127974.0,178893.0,pdf,687.260372,129213.3906706437,129213.3906706437,140184.33893513228,-1239.3906706436974,-0.959181292442686,184815.65066860343,-5922.650668603455,0,0.0,0.4657049840088856,0.213473399254882,-0.8801456824849674,130107.0,1025,0,-83.4541444531933,0
2025-12-10,62.209999084472656,4196.39990234375,89.91690063476562,460.7000122070313,60.37900161743164,25758.0,4.164000034332275,106.2300033569336,127788.0,185488.0,pdf,687.260372,128592.25149110232,128592.25149110232,139510.46152336572,-804.2514911023318,-0.6254276457380329,185022.2081178199,465.7918821801141,0,0.0,-0.2448544581386547,-0.2364325143083934,0.4359064639165799,129796.0,1026,0,-1239.3906706436974,0
2025-12-11,61.27999877929688,4285.5,89.79299926757812,470.0499877929688,63.92900085449219,25898.55078125,4.140999794006348,107.1500015258789,128596.0,188281.0,pdf,687.260372,131141.63109067417,131141.63109067417,142276.29788139177,-2545.631090674171,-1.9411311797045336,195630.695276052,-7349.695276051993,0,0.0,2.1232508752677903,-0.1377954158926941,-1.4949370179429988,132469.0,1027,0,-804.2514911023318,0
2025-12-12,61.119998931884766,4300.10009765625,90.25299835205078,479.2999877929688,61.36199951171875,26046.94921875,4.193999767303467,109.61000061035156,132710.0,195180.0,pdf,688.949389,132262.5243619105,132262.5243619105,143492.36133603496,447.4756380894978,0.3383238300102819,188737.3031092409,6442.696890759078,0,0.0,0.3406859796114769,0.5122883612584062,-0.2610963619440576,133622.0,1028,0,-2545.631090674171,0
2025-12-15,60.560001373291016,4306.7001953125,90.5770034790039,480.1000061035156,62.93999862670898,26027.30078125,4.182000160217285,110.9499969482422,133249.0,193417.0,pdf,688.949389,132941.07688468436,132941.07688468436,144228.52680885565,307.9231153156434,0.2316237558258549,194285.89911279167,-868.899112791667,0,0.0,0.1534870702160518,0.358996524070343,-0.9162263880564514,134130.0,1029,0,447.4756380894978,0
2025-12-16,58.91999816894531,4304.5,90.7769012451172,479.1000061035156,62.70000076293945,25860.099609375,4.14900016784668,109.55999755859376,131777.0,191975.0,pdf,688.949389,133166.40303958827,133166.40303958827,144472.98442974198,-1389.4030395882728,-1.043358540798932,193972.2051848086,-1997.205184808612,0,0.0,-0.0510877287184907,0.2206937284689791,-2.708063353956592,134409.0,1030,0,307.9231153156434,0
2025-12-17,59.68000030517578,4347.5,90.94889831542967,474.8500061035156,66.23699951171875,25818.55078125,4.151000022888184,109.98999786376952,132317.0,199641.0,pdf,688.949389,134751.5088501006,134751.5088501006,146192.67469586385,-2434.508850100596,-1.806665373082224,205302.7170996545,-5661.717099654459,0,0.0,0.9989545824137468,0.1894722864003384,1.2898882550051338,134894.0,1031,0,-1389.4030395882728,0
2025-12-18,59.81999969482422,4339.5,90.4136962890625,470.8500061035156,64.59200286865234,25815.55078125,4.116000175476074,109.87999725341795,132474.0,201120.0,pdf,688.949389,133712.04177959714,133712.04177959714,145064.95098729877,-1238.0417795971443,-0.9259014843538608,199025.89206593155,2094.107934068452,0,0.0,-0.1840138010350767,-0.5884645512813091,0.2345834264955604,134521.0,1032,0,-2434.508850100596,0
2025-12-19,60.470001220703125,4361.39990234375,90.25579833984376,484.8500061035156,66.84500122070312,25966.400390625,4.151000022888184,109.81999969482422,131779.0,200067.0,pdf,693.317706,134152.1461794566,134152.1461794566,145542.4227418633,-2373.146179456613,-1.7689960593563911,205608.3041205824,-5541.304120582383,0,0.0,0.5046641858220902,-0.1746394138272267,1.086595668998558,134196.0,1033,0,-1238.0417795971443,0
2025-12-22,62.06999969482422,4444.60009765625,89.56999969482422,485.2999877929688,67.90599822998047,26172.400390625,4.169000148773193,111.38999938964844,133970.0,207727.0,pdf,693.317706,135672.5124677696,135672.5124677696,147191.87673390098,-1702.512467769615,-1.2548691233045928,207284.731788392,442.268211608025,0,0.0,1.907648855308808,-0.7598388775392206,2.64593755882594,136744.0,1034,0,-2373.146179456613,0
2025-12-23,62.380001068115234,4482.7998046875,89.60389709472656,488.3500061035156,70.48500061035156,26177.150390625,4.169000148773193,113.0999984741211,136283.0,211000.0,pdf,693.317706,136890.35392775986,136890.35392775986,148513.11982728663,-607.3539277598611,-0.443679127369614,215238.62542467503,-4238.625424675061,0,0.0,0.8594633081026481,0.0378445908427282,0.4994383354522069,137885.0,1035,0,-1702.512467769615,0
2025-12-24,62.2400016784668,4480.60009765625,89.50789642333984,487.2000122070313,71.03099822998047,26142.099609375,4.136000156402588,113.20999908447266,,,,693.317706,136676.59100189607,136676.59100189607,148281.20721903816,,,216673.53662322435,,0,0.0,-0.0490699368048908,-0.1071389465183925,-0.2244299250581338,,1036,0,-607.3539277598611,0
2025-12-26,60.63999938964844,4529.10009765625,90.10590362548828,491.1499938964844,76.48600006103516,26042.30078125,4.136000156402588,114.30999755859376,137956.0,228107.0,pdf,696.610434,139079.0670902567,139079.0670902567,150887.66712622184,-1123.0670902566926,-0.8075026053545984,234872.2992335476,-6765.299233547616,0,0.0,1.0824442919012078,0.6681055259304403,-2.5706976954853022,139873.0,1037,0,,0
2025-12-29,61.93999862670898,4325.10009765625,89.82929992675781,486.2999877929688,69.85600280761719,25942.099609375,4.116000175476074,113.02999877929688,136781.0,235440.0,pdf,696.610434,132406.9499312777,132406.9499312777,143649.04945374464,4374.05006872231,3.303489787350697,213854.47867806748,21585.521321932523,0,0.0,-4.504206036549451,-0.3069762219800043,2.1437982357276564,134942.0,1038,0,-1123.0670902566926,0
2025-12-30,61.91999816894531,4370.10009765625,89.9000015258789,481.8500061035156,77.3740005493164,25938.849609375,4.130000114440918,111.16999816894533,134599.0,232329.0,pdf,696.610434,133889.8599110688,133889.8599110688,145257.8668846501,709.1400889311917,0.5296443579836522,237056.2198303636,-4727.2198303636105,0,0.0,1.0404383478751278,0.0787066126294533,-0.0322900519972635,136666.0,1039,0,4374.05006872231,0
2025-12-31,60.84999847412109,4325.60009765625,89.76940155029297,485.3500061035156,70.13400268554688,26129.599609375,4.163000106811523,110.11000061035156,133195.0,230420.0,pdf,696.610434,132333.95728430556,132333.95728430556,143569.85931787867,861.0427156944352,0.6506589339307488,214562.37067766243,15857.629322337569,0,0.0,-1.0182833117224457,-0.1452724954051798,-1.7280357339559127,135447.0,1040,0,709.1400889311917,0
2026-01-01,,,,484.2000122070313,,26146.55078125,,110.5199966430664,133461.0,229250.0,pdf,696.610434,,,,,,,,0,0.0,,,,135804.0,1041,0,861.0427156944352,0
2026-01-02,60.75,4314.39990234375,89.96189880371094,495.7000122070313,70.55599975585938,26328.55078125,4.186999797821045,111.81999969482422,134782.0,234550.0,pdf,686.8009840000001,132274.34335627573,132274.34335627573,143505.18382992176,2507.6566437242727,1.8957997296346416,216316.2606341136,18233.73936588643,0,0.0,,,,135761.0,1042,0,,0
2026-01-05,61.7599983215332,4436.89990234375,90.00700378417969,504.2000122070313,76.16400146484375,26250.30078125,4.164999961853027,112.91999816894533,136168.0,237063.0,pdf,686.8009840000001,136098.2494826297,136098.2494826297,147653.76123115484,69.75051737029571,0.0512501208762409,233626.8002684047,3436.1997315952904,0,0.0,2.8393288237711367,0.0501378706636357,1.6625486774209053,138120.0,1043,0,2507.6566437242727,0
2026-01-06,60.70000076293945,4482.2001953125,90.23300170898438,500.1499938964844,80.52999877929688,26178.69921875,4.178999900817871,113.13999938964844,,,,686.8009840000001,137833.0157559958,137833.0157559958,149535.81898056145,,,247639.37590706552,,0,0.0,1.0209897443217208,0.2510892656160335,-1.7163173371139373,,1044,0,69.75051737029571,0
2026-01-07,59.959999084472656,4449.2998046875,90.16609954833984,520.75,77.13500213623047,26140.75,4.138000011444092,112.91000366210938,136675.0,248000.0,pdf,686.8009840000001,136719.84492306458,136719.84492306458,148328.1336429474,-44.844923064578325,-0.0328005953267527,237023.48668649409,10976.513313505917,0,0.0,-0.734023229471259,-0.0741437826265567,-1.2191131287738075,138009.0,1045,0,,0
2026-01-08,61.9900016784668,4449.7001953125,89.8644027709961,511.7999877929688,74.71600341796875,25876.849609375,4.183000087738037,112.29000091552734,135773.0,235826.0,pdf,686.8009840000001,136274.64098749243,136274.64098749243,147845.1293732229,-501.6409874924284,-0.3681102983338404,228822.08002530108,7003.919974698918,0,0.0,0.0089989580962512,-0.3346011182196129,3.3855947714979795,137742.0,1046,0,-44.844923064578325,0
2026-01-09,63.34000015258789,4490.2998046875,89.90540313720703,506.8999938964844,78.88400268554688,25683.30078125,4.171000003814697,113.61000061035156,137122.0,242808.0,pdf,687.1925699999999,137580.7696870747,137580.7696870747,149262.15579258103,-458.76968707470223,-0.3334548048525725,241697.04201365923,1110.9579863407707,0,0.0,0.9124122433634918,0.0456247022699418,2.177768087704446,138819.0,1047,0,-501.6409874924284,0
2026-01-12,63.869998931884766,4604.2998046875,90.23600006103516,501.3999938964844,84.61000061035156,25790.25,4.186999797821045,116.76000213623048,140449.0,256776.0,pdf,687.1925699999999,141592.42956715927,141592.42956715927,153614.4283039935,-1143.42956715927,-0.8075499309212187,260194.51513348208,-3418.515133482084,0,0.0,2.538805980861092,0.3677164133546018,0.8367520966531261,142032.0,1048,0,-458.76968707470223,0
2026-01-13,65.47000122070312,4589.2001953125,90.13269805908205,495.4500122070313,85.87699890136719,25732.30078125,4.171000003814697,116.37000274658205,140284.0,263032.0,pdf,687.1925699999999,140966.51993151533,140966.51993151533,152935.3753973987,-682.5199315153295,-0.4841716542672067,263788.4851842677,-756.4851842676871,0,0.0,-0.3279458335799012,-0.1144798105891742,2.505092086387406,142241.0,1049,0,-1143.42956715927,0
2026-01-14,66.5199966430664,4626.2998046875,90.27300262451172,480.3999938964844,90.86900329589844,25665.599609375,4.139999866485596,118.01000213623048,,,,687.1925699999999,142327.31778576455,142327.31778576455,154411.71269210303,,,279556.92572856584,,0,0.0,0.808411221913885,0.1556644463674095,1.6037809726376695,,1050,0,-682.5199315153295,0
2026-01-15,63.7599983215332,4616.2998046875,90.18319702148438,480.3999938964844,91.8759994506836,,4.159999847412109,118.01000213623048,142015.0,277512.0,pdf,687.1925699999999,141878.38516056232,141878.38516056232,153924.66314589305,136.61483943767962,0.0962901003440897,282373.740627492,-4861.740627491963,0,0.0,-0.2161554681317401,-0.0994822376750748,-4.149125767914308,143121.0,1051,0,,0
2026-01-16,64.12999725341797,4588.39990234375,90.36160278320312,467.5,88.09100341796875,25694.349609375,4.230999946594238,117.77999877929688,141593.0,281890.0,pdf,701.360032,141299.87928986718,141299.87928986718,153297.03885221438,293.1207101328182,0.2074458319468913,271276.4452619794,10613.554738020584,0,0.0,-0.604378041378939,0.1978259449775921,0.580299469298784,142517.0,1052,0,136.61483943767962,0
2026-01-19,,,90.7020034790039,458.8500061035156,,25585.5,,121.0999984741211,143946.0,293975.0,pdf,701.360032,,,,,,,,0,0.0,,0.3767094488324574,,145639.0,1053,0,293.1207101328182,0
2026-01-20,64.91999816894531,4759.60009765625,90.90450286865234,451.4500122070313,94.20600128173828,25232.5,4.295000076293945,125.86000061035156,147409.0,309345.0,pdf,701.360032,147452.61001973812,147452.61001973812,159972.17124782907,-43.61001973811653,-0.0295756173676945,291850.5858371453,17494.414162854722,0,0.0,,0.2232579015691849,,150565.0,1054,0,,0
2026-01-21,65.23999786376953,4831.7998046875,91.11840057373048,396.5499877929688,92.20999908447266,25157.5,4.252999782562256,134.97000122070312,154227.0,319097.0,pdf,701.360032,150041.5780543423,150041.5780543423,162780.9573231072,4185.4219456576975,2.789508081647752,286339.1351935067,32757.86480649328,0,0.0,1.516928009704066,0.2352993507782397,0.4929138999533844,152862.0,1055,0,-43.61001973811653,0
2026-01-22,64.05999755859375,4908.7998046875,91.53690338134766,373.5499877929688,95.97599792480467,25289.900390625,4.249000072479248,124.33999633789062,151128.0,299711.0,pdf,701.360032,153132.77073205955,153132.77073205955,166134.60975647968,-2004.770732059551,-1.3091715917341764,299402.52344300627,308.4765569937299,0,0.0,1.5936090714126827,0.4592956032832829,-1.8087068421427488,156341.0,1056,0,4185.4219456576975,0
2026-01-23,65.87999725341797,4976.2001953125,91.55829620361328,367.2000122070313,100.9250030517578,25048.650390625,4.238999843597412,127.41999816894533,,,,709.41307,155271.64342853831,155271.64342853831,168455.0848517161,,,314914.8039027511,,0,0.0,1.3730523408316264,0.0233707078515665,2.8410861133104426,,1057,0,-2004.770732059551,0
2026-01-26,65.58999633789062,5079.7001953125,91.5009994506836,,115.08000183105467,,4.2129998207092285,,,,,709.41307,158401.94944870577,158401.94944870577,171851.17157170907,,,358857.7264741165,,0,0.0,2.079900243914934,-0.0625795316267829,-0.4401957006947121,,1058,0,,0
2026-01-27,67.56999969482422,5079.89990234375,91.71309661865234,368.8999938964844,105.52300262451172,25175.400390625,4.2230000495910645,131.4499969482422,158901.0,344564.0,pdf,709.41307,158775.36341252242,158775.36341252242,172256.2904947177,125.63658747758018,0.0791285151407005,329818.5675343186,14745.4324656814,0,0.0,0.0039314727950712,0.2317976516563291,3.0187581452718604,157699.0,1059,0,,0
2026-01-28,68.4000015258789,5301.60009765625,91.5343017578125,367.9500122070313,113.11100006103516,25342.75,4.250999927520752,135.82000732421875,164635.0,358267.0,pdf,709.41307,165381.69624846155,165381.69624846155,179423.53838276485,-746.6962484615506,-0.4514987241029078,352846.09759087,5420.902409130009,0,0.0,4.364263067668173,-0.1949501951540089,1.2283584946031434,165915.0,1060,0,125.63658747758018,0
2026-01-29,70.70999908447266,5318.39990234375,92.04080200195312,368.3999938964844,114.03700256347656,25418.900390625,4.227000236511231,146.52999877929688,175340.0,379988.0,pdf,709.41307,166823.79150949497,166823.79150949497,180988.0756942634,8516.208490505029,5.104912442911549,357703.17180611944,22284.82819388056,0,0.0,0.3168817786714406,0.5533447400743352,3.3771893378098383,169403.0,1061,0,-746.6962484615506,0
2026-01-30,70.69000244140625,,91.78189849853516,361.6499938964844,78.29000091552734,25320.650390625,4.241000175476074,131.1199951171875,165795.0,339350.0,pdf,723.77446,147446.33990107835,,,,,,,0,0.0,,-0.2812920984896161,-0.0282797953971347,147753.0,1062,0,8516.208490505029,0
2026-02-02,66.30000305175781,4622.5,91.68699645996094,365.5,76.77799987792969,25088.400390625,4.275000095367432,118.66999816894533,148746.0,259500.0,pdf,723.77446,144437.93451037334,144437.93451037334,156701.5327235182,4308.065489626664,2.9826413014215905,239906.01878217107,19593.98121782893,0,0.0,-1.9389444883695093,-0.1033995157288414,-6.210212530813298,147753.0,1063,0,,0
2026-02-03,67.33000183105469,,90.24559783935548,383.9500122070313,83.04199981689453,25727.55078125,4.27400016784668,125.1999969482422,151529.0,263965.0,pdf,723.77446,150815.69504910934,,,,,,,0,0.0,,-1.5720862022510662,1.5535425820309534,153809.0,1064,0,4308.065489626664,0
2026-02-04,69.45999908447266,4920.39990234375,90.4228973388672,387.2000122070313,84.16500091552734,25776.0,4.275000095367432,129.60000610351562,156625.0,282462.0,pdf,723.77446,151626.60927225204,151626.60927225204,164500.5666632923,4998.390727747959,3.296512895551952,259362.12424804328,23099.875751956715,0,0.0,0.3405531815997564,0.1964633220418399,3.163518781363739,153046.0,1065,0,,0
2026-02-05,67.55000305175781,4861.39990234375,90.125,376.1499938964844,76.52899932861328,25642.80078125,4.210000038146973,125.22000122070312,152502.0,254339.0,pdf,723.77446,149314.9279568712,149314.9279568712,161992.61051924704,3187.0720431288064,2.13446310207468,235054.14594372813,19284.85405627187,0,0.0,-1.19908952871689,-0.329449008640803,-2.7497783730057845,152071.0,1066,0,4998.390727747959,0
2026-02-06,68.05000305175781,4951.2001953125,90.3147964477539,380.25,76.73500061035156,25693.69921875,4.205999851226807,125.04000091552734,,,,717.063829,152393.3435402548,152393.3435402548,165332.4010106538,,,236183.20504685017,,0,0.0,1.8472105725236831,0.2105924524315128,0.7401924165967744,,1067,0,3187.0720431288064,0
2026-02-09,69.04000091552734,5050.89990234375,90.58799743652344,437.3500061035156,82.06500244140625,25867.30078125,4.197999954223633,127.9800033569336,,,,717.063829,155932.27831272726,155932.27831272726,169171.8113770154,,,253352.5321792668,,0,0.0,2.0136472592168664,0.3024985932704505,1.4548094333170836,,1068,0,,0
2026-02-10,68.80000305175781,5003.7998046875,90.8227996826172,433.8999938964844,80.21800231933594,25935.150390625,4.146999835968018,128.33999633789062,,,,717.063829,154878.6000777517,154878.6000777517,168028.669895674,,,248292.34552137527,,0,0.0,-0.9325090294185824,0.2591979652252218,-0.3476214666670918,,1069,0,,0
2026-02-11,69.4000015258789,5071.60009765625,90.58789825439452,426.9500122070313,83.75399780273438,25953.849609375,4.171999931335449,128.6999969482422,157322.0,266449.0,pdf,717.063829,156571.1669913256,156571.1669913256,169864.94532077774,750.8330086744099,0.4795474307961235,258566.545540986,7882.454459014058,0,0.0,1.3549761304446184,-0.2586370702549634,0.8720907667252753,158755.0,1070,0,,1
2026-02-12,67.5199966430664,4923.7001953125,90.73570251464844,432.5,75.5459976196289,25807.19921875,4.104000091552734,128.52000427246094,155650.0,259133.0,pdf,717.063829,152253.19335919846,152253.19335919846,165180.35128592284,3396.806640801544,2.2310248907474386,233607.2247868634,25525.7752131366,0,0.0,-2.9162374693560533,0.1631611540857669,-2.708940693771389,152836.0,1071,0,750.8330086744099,0
2026-02-13,67.75,5022.0,90.56410217285156,418.0499877929688,77.85099792480469,25471.099609375,4.056000232696533,126.0999984741211,152765.0,242433.0,pdf,725.7269640000001,154999.17899232698,154999.17899232698,168159.48664261887,-2234.1789923269826,-1.441413436414126,240279.58506726555,2153.4149327344494,0,0.0,1.996462026284296,-0.1891210813837807,0.3406447991244343,155895.0,1072,0,3396.806640801544,0
2026-02-16,,,90.57119750976562,427.0499877929688,,25682.75,,126.91999816894533,154098.0,240947.0,pdf,725.7269640000001,,,,,,,,0,0.0,,0.0078346019491526,,154760.0,1073,0,-2234.1789923269826,0
2026-02-17,67.41999816894531,4882.89990234375,90.78299713134766,420.8500061035156,73.4469985961914,25725.400390625,4.052000045776367,124.58000183105467,151865.0,232955.0,pdf,725.7269640000001,151070.24775242602,151070.24775242602,163896.9669012169,794.7522475739825,0.526081249880799,227234.97299776511,5720.027002234885,0,0.0,,0.2338487592141946,,151418.0,1074,0,,0
2026-02-18,70.3499984741211,4986.5,90.6261978149414,418.3999938964844,77.50900268554688,25819.349609375,4.078999996185303,124.63999938964844,151584.0,236798.0,pdf,725.7269640000001,154009.0303433561,154009.0303433561,167085.26876873538,-2425.0303433561057,-1.5746026956663588,239388.07473140795,-2590.074731407949,0,0.0,2.1216920217128177,-0.1727188144927449,4.345891997554796,155761.0,1075,0,794.7522475739825,0
2026-02-19,71.66000366210938,4975.89990234375,90.7935028076172,404.75,77.56500244140625,25454.349609375,4.074999809265137,127.08999633789062,154570.0,244772.0,pdf,725.7269640000001,153965.35587927455,153965.35587927455,167037.88609543935,604.6441207254538,0.3927143981660134,240003.28461275584,4768.715387244156,0,0.0,-0.2125759080768063,0.1846099656717559,1.8621253964492768,154819.0,1076,0,-2425.0303433561057,0
2026-02-20,71.76000213623047,5059.2998046875,91.04109954833984,401.2000122070313,82.28299713134766,25571.25,4.085999965667725,127.54000091552734,155066.0,250314.0,pdf,723.60838,156972.839131692,156972.839131692,170300.72169947712,-1906.839131691988,-1.2147573696442158,255296.11152921795,-4982.111529217946,0,0.0,1.6760767696405443,0.2727031484260456,0.1395457284548928,156876.0,1077,0,604.6441207254538,0
2026-02-23,71.48999786376953,5204.7001953125,90.72660064697266,402.1499938964844,86.52300262451172,25713.0,4.02899980545044,130.0,158220.0,264075.0,pdf,723.60838,160926.27565186494,160926.27565186494,174589.82735815534,-2706.2756518649403,-1.6816866238298342,267524.04649780586,-3449.046497805859,0,0.0,2.8739231956620648,-0.3454471693855154,-0.376260123220673,161598.0,1078,0,-1906.839131691988,0
2026-02-24,70.7699966430664,5155.7998046875,91.02010345458984,406.8999938964844,87.45700073242188,25424.650390625,4.0329999923706055,131.22000122070312,159241.0,262912.0,pdf,723.60838,159930.01350672403,159930.01350672403,173508.97691767226,-689.0135067240335,-0.4308218899106545,271286.7030965251,-8374.703096525103,0,0.0,-0.939542889887124,0.3235024849649548,-1.0071356024868638,159969.0,1079,0,-2706.2756518649403,0
2026-02-25,70.8499984741211,5206.39990234375,90.91799926757812,405.7000122070313,90.93900299072266,25482.5,4.047999858856201,131.69000244140625,159008.0,265417.0,pdf,723.60838,161318.43369990142,161318.43369990142,175015.28184423267,-2310.4336999014195,-1.4322192739606494,281771.23924134247,-16354.239241342468,0,0.0,0.981420915727682,-0.1121776213566461,0.1130448422347329,161145.0,1080,0,-689.0135067240335,0
2026-02-26,70.75,5176.5,90.95099639892578,407.1000061035156,86.99800109863281,25496.55078125,4.017000198364258,130.47999572753906,158022.0,260667.0,pdf,723.60838,160450.20747844508,160450.20747844508,174073.33830208663,-2428.207478445081,-1.5133713546436438,269658.0184774583,-8991.018477458274,0,0.0,-0.5742913127032345,0.0362932880326072,-0.1411411097738013,159709.0,1081,0,-2310.4336999014195,0
2026-02-27,72.4800033569336,5230.5,91.00740051269533,410.1000061035156,92.68199920654295,25178.650390625,3.961999893188477,131.60000610351562,159097.0,266700.0,pdf,728.493828,162224.52807065187,162224.52807065187,175998.30875589585,-3127.528070651868,-1.927900859289152,287454.2315634444,-20754.231563444424,0,0.0,1.0431758910460776,0.0620159382555218,2.445234426761256,162104.0,1082,0,-2428.207478445081,0
2026-03-02,77.73999786376953,5294.39990234375,91.07959747314452,401.75,88.28399658203125,24865.69921875,4.047999858856201,138.32000732421875,,,,728.493828,164336.6568667076,164336.6568667076,178289.76924218275,,,274030.9972939568,,0,0.0,1.2216786606203955,0.0793308676464654,7.2571664779493394,,1083,0,-3127.528070651868,0
2026-03-03,81.4000015258789,5107.39990234375,91.56340026855467,,82.9229965209961,,4.056000232696533,,,,,728.493828,159374.33269094172,159374.33269094172,172906.11565526694,,,258757.8315377732,,0,0.0,-3.532033912232768,0.5311867957616068,4.708005869157739,,1084,0,,0
2026-03-04,81.4000015258789,5120.2001953125,92.00859832763672,393.7999877929688,82.63300323486328,24480.5,4.079999923706055,133.9600067138672,162548.0,271347.0,pdf,728.493828,160550.6099684121,160550.6099684121,174182.26553176783,1997.3900315878848,1.2440874762050835,259106.647529616,12240.352470384008,0,0.0,0.2506224931178025,0.486218355561574,0.0,161525.0,1085,0,,0
2026-03-05,85.41000366210938,5065.2998046875,92.1230010986328,399.7999877929688,81.68699645996094,24765.900390625,4.145999908447266,132.24000549316406,160586.0,264212.0,pdf,728.493828,159026.622933258,159026.622933258,172528.88337098743,1559.3770667419883,0.9805761060501452,256458.8017587248,7753.198241275211,0,0.0,-1.0722313294558417,0.1243392172856738,4.926292458306159,159673.0,1086,0,1997.3900315878848,0
2026-03-06,92.69000244140624,5146.10009765625,91.78690338134766,395.5499877929688,83.81600189208984,24450.44921875,4.132999897003174,130.82000732421875,158751.0,260723.0,pdf,716.810466,160973.93155161868,160973.93155161868,174641.52951354854,-2222.931551618676,-1.3809264209378276,262182.83934376866,-1459.839343768661,0,0.0,1.5951729627923683,-0.3648358317433708,8.523590290544059,161634.0,1087,0,1559.3770667419883,0
2026-03-09,98.95999908447266,5091.5,91.93620300292967,389.0,84.03199768066406,24028.05078125,4.136000156402588,131.35000610351562,158674.0,260056.0,pdf,716.810466,159525.0593164054,159525.0593164054,173069.63982440205,-851.0593164053862,-0.5334956903024102,263286.0535104385,-3230.053510438476,0,0.0,-1.0609995262454652,0.1626589590475013,6.764479963230086,160299.0,1088,0,-2222.931551618676,0
2026-03-10,87.80000305175781,5229.7001953125,91.220703125,392.8500061035156,89.08300018310547,24261.599609375,4.136000156402588,132.1999969482422,160188.0,270944.0,pdf,716.810466,162579.88479956193,162579.88479956193,176383.83728254357,-2391.884799561929,-1.4712058644344506,276939.46816205984,-5995.468162059842,0,0.0,2.714331637287626,-0.778256937484012,-11.277279846363609,163303.0,1089,0,-851.0593164053862,0
2026-03-11,91.9800033569336,5167.39990234375,92.16510009765624,390.5,85.06500244140625,23866.849609375,4.208000183105469,132.7100067138672,160230.0,266010.0,pdf,716.810466,162306.2243795003,162306.2243795003,176086.94154379747,-2076.224379500287,-1.2792019452351449,267186.19874640333,-1176.19874640333,0,0.0,-1.1912784794927855,1.0352879777325796,4.760820227661822,161789.0,1090,0,-2391.884799561929,0
2026-03-12,100.45999908447266,5115.7998046875,92.22879791259766,389.9500122070313,84.66999816894531,23639.150390625,4.2729997634887695,132.42999267578125,160303.0,268301.0,pdf,716.810466,160796.5374728567,160796.5374728567,174449.07367338223,-493.5374728566967,-0.3069328983156795,266129.30632908485,2171.6936709151487,0,0.0,-0.9985698539191068,0.069112727999987,9.219390539302296,160271.0,1091,0,-2076.224379500287,0
2026-03-13,103.13999938964844,5052.5,92.38990020751952,379.0,80.91400146484375,23151.099609375,4.284999847412109,130.32000732421875,158399.0,260488.0,pdf,709.75896,159084.33746890287,159084.33746890287,172591.4981973946,-685.3374689028715,-0.430801347138802,254767.94289940628,5720.057100593724,0,0.0,-1.2373393624492413,0.1746767805371973,2.667728777224343,158466.0,1092,0,-493.5374728566967,0
2026-03-16,100.20999908447266,4994.0,92.5635986328125,381.6000061035156,80.26300048828125,23408.80078125,4.21999979019165,127.22000122070312,155714.0,248711.0,pdf,709.75896,157538.01606462346,157538.01606462346,170913.88535312918,-1824.016064623458,-1.157825971272376,253193.30917736745,-4482.309177367453,0,0.0,-1.1578426521523966,0.1880058587603317,-2.840799226793333,155736.0,1093,0,-685.3374689028715,0
2026-03-17,103.41999816894533,5001.0,92.28269958496094,383.7000122070313,79.52999877929688,23581.150390625,4.202000141143799,128.22000122070312,155668.0,252340.0,pdf,709.75896,157280.08984900513,157280.08984900513,170634.05974184515,-1612.0898490051331,-1.0249802441954357,250119.6831373541,2220.3168626459083,0,0.0,0.1401682018422168,-0.3034659974336717,3.203272242091093,155985.0,1094,0,-1824.016064623458,0
2026-03-18,107.37999725341795,4889.89990234375,92.39129638671876,389.6000061035156,77.23799896240234,23777.80078125,4.258999824523926,127.91000366210938,154879.0,249907.0,pdf,709.75896,153966.9949200438,153966.9949200438,167039.6643000475,912.0050799562014,0.5923380399999444,243197.2602993082,6709.739700691804,0,0.0,-2.221557641596683,0.1176783971927886,3.829045788613983,153025.0,1095,0,-1612.0898490051331,0
2026-03-19,108.6500015258789,,93.24659729003906,373.6000061035156,70.9020004272461,23002.150390625,4.281000137329102,121.31999969482422,147889.0,229873.0,pdf,709.75896,146202.07264982373,,,,,,,0,0.0,,0.925737528067927,1.1827195985707697,144954.0,1096,0,912.0050799562014,0
2026-03-20,112.19000244140624,4570.39990234375,93.0822982788086,382.7000122070313,69.36000061035156,23114.5,4.390999794006348,121.05999755859376,147218.0,232364.0,pdf,698.345912,144983.2740949419,144983.2740949419,157293.1747256445,2234.7259050580906,1.5413680778064691,220025.3849681533,12338.615031846712,0,0.0,-0.6586017710874081,-0.1761983986605209,3.2581692276222984,144492.0,1097,0,,0
2026-03-23,99.94000244140624,4404.10009765625,93.89530181884766,362.7000122070313,69.04900360107422,22512.650390625,4.334000110626221,110.72000122070312,139569.0,219260.0,pdf,698.345912,140928.11625201057,140928.11625201057,152893.71102812467,-1359.1162520105718,-0.964403901901429,220951.97181726736,-1691.9718172673602,0,0.0,-3.6386269963426976,0.8734244373767908,-10.918976498282762,139260.0,1098,0,2234.7259050580906,0
2026-03-24,104.48999786376952,4399.2998046875,93.2436981201172,371.7000122070313,69.27400207519531,22912.400390625,4.392000198364258,115.48999786376952,140420.0,224545.0,pdf,698.345912,139797.57966269457,139797.57966269457,151667.18548311203,622.4203373054333,0.4452296948253448,220133.6179303357,4411.382069664309,0,0.0,-0.1089960005973611,-0.6939683733991342,4.552726947381158,138912.0,1099,0,-1359.1162520105718,0
2026-03-25,102.22000122070312,4549.7998046875,94.29969787597656,391.8500061035156,72.36100006103516,23306.44921875,4.328000068664551,119.29000091552734,,,,698.345912,146217.4455597926,146217.4455597926,158632.13433373725,,,232547.38760540404,,0,0.0,3.420998947142473,1.1325159524443462,-2.1724535261508526,,1100,0,622.4203373054333,0
2026-03-26,108.01000213623048,4375.5,94.6937026977539,,67.6709976196289,,4.415999889373779,,146205.0,234814.0,pdf,698.345912,141203.4767544693,141203.4767544693,153192.45119588648,5001.523245530698,3.54206805702636,218383.730758428,16430.26924157201,0,0.0,-3.830933495313904,0.4178219343772937,5.664254398731772,142514.0,1101,0,,0
2026-03-27,112.56999969482422,4492.0,94.30950164794922,388.3500061035156,69.54499816894531,22819.599609375,4.440000057220459,117.52999877929688,142942.0,221647.0,pdf,688.058133,144374.93474584637,144374.93474584637,156633.18392238044,-1432.934745846345,-0.9925093634631552,223520.8052658389,-1873.8052658388624,0,0.0,2.6625528511027285,-0.405730306091201,4.221828968063845,147255.0,1102,0,5001.523245530698,0
2026-03-30,112.77999877929688,4526.0,94.78179931640624,375.8999938964844,70.3239974975586,22331.400390625,4.3420000076293945,121.19000244140624,,,,688.058133,146196.20593451476,146196.20593451476,158609.09134404903,,,227156.4653179712,,0,0.0,0.756901157613532,0.5007954237952417,0.1865497779532487,,1103,0,-1432.934745846345,0
2026-03-31,118.3499984741211,4647.60009765625,94.35590362548828,,74.69000244140625,,4.310999870300293,,146733.0,230135.0,pdf,688.058133,149449.48874516337,149449.48874516337,162138.59628013003,-2716.488745163369,-1.8176634580499915,240175.19676170647,-10040.196761706582,0,0.0,2.686701229700628,-0.4493433275055469,4.93881872239097,150761.0,1104,0,,0
2026-04-01,101.16000366210938,4783.2001953125,93.48429870605467,387.1000061035156,75.86699676513672,22679.400390625,4.318999767303467,123.37000274658205,150853.0,239836.0,pdf,688.058133,152389.07607800412,152389.07607800412,165327.77121670256,-1536.0760780041164,-1.007996188137421,241706.41139340345,-1870.411393403454,0,0.0,2.917636948252756,-0.9237417966904472,-14.524710632565451,153708.0,1105,1,-2716.488745163369,0
2026-04-02,109.02999877929688,4651.5,92.6426010131836,394.3500061035156,72.73500061035156,22713.099609375,4.313000202178955,120.58000183105467,,,,688.058133,146858.93295918236,146858.93295918236,159328.08764439594,,,229641.71941140937,,0,0.0,-2.753390824861668,-0.9003626325717717,7.7797497353544465,,1106,1,-1536.0760780041164,0
2026-04-03,,,92.97360229492188,,,,,,146608.0,227813.0,pdf,697.120693,,,,,,,,0,0.0,,0.3572884160400136,,149680.0,1107,1,,0
2026-04-06,109.7699966430664,4656.7998046875,92.97100067138672,420.3500061035156,72.66100311279297,22968.25,4.335000038146973,122.80999755859376,148899.0,234043.0,pdf,697.120693,147547.43936669573,147547.43936669573,160075.05214311328,1351.560633304267,0.9160176815710568,230221.2979032615,3821.7020967385033,0,0.0,,-0.0027982389312009,,149981.0,1108,1,,0
2026-04-07,109.2699966430664,4657.10009765625,92.81659698486328,414.3500061035156,71.82599639892578,23123.650390625,4.3429999351501465,121.77999877929688,147786.0,230881.0,pdf,697.120693,147311.89539931752,147311.89539931752,159819.50915963692,474.1046006824763,0.3218372823167631,227197.68625534285,3683.313744657149,0,0.0,0.0064484835368583,-0.166077255712449,-0.4554978730898829,150289.0,1109,1,1351.560633304267,0
2026-04-08,94.75,4749.5,92.86019897460938,445.5499877929688,75.2239990234375,23997.349609375,4.290999889373779,124.38999938964844,151121.0,244041.0,pdf,697.120693,150305.2344371861,150305.2344371861,163066.99962524904,815.7655628139037,0.5427392903969818,238057.9178549412,5983.08214505887,0,0.0,1.9840651995058467,0.0469765011458012,-13.288182565335294,151776.0,1110,1,474.1046006824763,0
2026-04-09,95.91999816894533,4792.2001953125,92.2748031616211,446.1000061035156,76.2770004272461,23775.099609375,4.293000221252441,123.20999908447266,149937.0,236158.0,pdf,697.120693,150700.49657355464,150700.49657355464,163495.82175432812,-763.496573554643,-0.5066317569710141,239868.5650230361,-3710.565023036092,0,0.0,0.8990461166964892,-0.6304055122134167,1.2348265635306666,153434.0,1111,1,815.7655628139037,0
2026-04-10,95.1999969482422,4761.89990234375,92.46980285644533,449.1499938964844,76.3239974975586,24050.599609375,4.316999912261963,123.48999786376952,150327.0,239934.0,pdf,700.945596,150064.0962924957,150064.0962924957,162805.38748714153,262.9037075043016,0.1751942763123471,240523.5713641221,-589.5713641220937,0,0.0,-0.6322835385380698,0.2113249642837766,-0.7506268082230094,152652.0,1112,1,-763.496573554643,0
2026-04-13,99.36000061035156,4742.39990234375,94.50879669189452,441.6499938964844,75.52300262451172,23842.650390625,4.296999931335449,123.76000213623048,,,,700.945596,152745.00255418263,152745.00255418263,165713.9178653868,,,243247.3318641786,,0,0.0,-0.4095004178983785,2.205037506800634,4.369751885991202,,1113,1,262.9037075043016,0
2026-04-14,94.79000091552734,4825.0,94.9468002319336,,79.39099884033203,,4.25600004196167,,150011.0,236981.0,pdf,700.945596,156125.6481702138,156125.6481702138,169381.5994299489,-6114.648170213797,-3.916491775616129,256890.593840985,-19909.59384098501,0,0.0,1.7417362381318302,0.4634526682917972,-4.599436057519613,154817.0,1114,1,,0
2026-04-15,94.93000030517578,4800.0,93.16539764404295,442.5,79.49099731445312,24231.30078125,4.2820000648498535,125.05999755859376,152865.0,249019.0,pdf,700.945596,152402.63739221974,152402.63739221974,165342.48396325723,462.3626077802619,0.3033822876636555,252388.284159594,-3369.284159594012,0,0.0,-0.5181347150259086,-1.8762112925754804,0.1476942592006036,153948.0,1115,1,-6114.648170213797,0
2026-04-16,99.38999938964844,4785.39990234375,93.38680267333984,440.2999877929688,78.60600280761719,24196.75,4.309000015258789,125.61000061035156,153106.0,251292.0,pdf,700.945596,152300.15534482853,152300.15534482853,165231.30060995545,805.8446551714733,0.5291161084812619,250171.49418949767,1120.5058105023345,0,0.0,-0.3041687011718696,0.2376472755934555,4.698197693179074,153152.0,1116,1,462.3626077802619,0
2026-04-17,90.37999725341795,4857.60009765625,93.0478973388672,426.8500061035156,81.73799896240234,24353.55078125,4.245999813079834,124.8000030517578,151655.0,249940.0,pdf,703.307512,154036.95523397348,154036.95523397348,167115.56464063158,-2381.95523397348,-1.5463531010174951,259195.32760963647,-9255.327609636472,0,0.0,1.5087599111024863,-0.3629049552730912,-9.06530052476172,154609.0,1117,1,805.8446551714733,0
2026-04-20,95.4800033569336,4806.60009765625,92.60330200195312,417.5,79.95099639892578,24364.849609375,4.25,125.0,152096.0,250675.0,pdf,703.307512,151691.43757861073,151691.43757861073,164570.8992598135,404.56242138927337,0.2667008948211845,252317.25821145525,-1642.2582114552497,0,0.0,-1.0499011646637355,-0.4778134161322445,5.642848261231559,153943.0,1118,1,-2381.95523397348,0
2026-04-21,98.4800033569336,4698.39990234375,93.12359619140624,415.1000061035156,76.41100311279297,24576.599609375,4.291999816894531,125.22000122070312,152355.0,250513.0,pdf,703.307512,149109.84582657838,149109.84582657838,161770.11575525012,3245.154173421616,2.1763513706505195,242500.27946576368,8012.720534236345,0,0.0,-2.2510754611198003,0.5618527398106643,3.142019160582854,151671.0,1119,1,404.56242138927337,0
2026-04-22,101.91000366210938,4732.5,93.622802734375,414.25,77.89299774169922,24378.099609375,4.294000148773193,124.98999786376952,152116.0,248682.0,pdf,703.307512,150997.18963359605,150997.18963359605,163817.70573456175,1118.8103664039518,0.7409478077829222,248528.7638908109,153.23610918910708,0,0.0,0.7257810821773569,0.5360687982266965,3.482940889780428,152657.0,1120,1,3245.154173421616,0
2026-04-23,105.06999969482422,4705.10009765625,93.80049896240234,412.8500061035156,75.46499633789062,24173.05078125,4.322999954223633,124.08000183105467,151059.0,240596.0,pdf,703.307512,150407.8901210142,150407.8901210142,163178.37135770408,651.1098789857933,0.4328960923937751,241238.88209787983,-642.8820978798321,0,0.0,-0.5789731081616512,0.1898001585484365,3.1007711894428525,151761.0,1121,1,1118.8103664039518,0
2026-04-24,105.33000183105467,4722.2998046875,94.11289978027344,405.2999877929688,76.38300323486328,23897.94921875,4.309999942779541,123.94000244140624,151479.0,243825.0,pdf,698.48709,151460.47484881672,151460.47484881672,164320.3264869238,18.52515118327574,0.0122310135378665,244986.68908838325,-1161.689088383253,0,0.0,0.3655545402704074,0.3330481408167163,0.2474561121020624,152699.0,1122,1,651.1098789857933,0
2026-04-27,108.2300033569336,4675.39990234375,94.25029754638672,413.6499938964844,75.00299835205078,24092.69921875,4.335999965667725,124.25,151186.0,243720.0,pdf,698.48709,150175.15773494964,150175.15773494964,162925.8786747095,1010.8422650503636,0.6731088418994311,240911.7368220636,2808.263177936402,0,0.0,-0.9931580857529544,0.145992490332425,2.753253085982465,151721.0,1123,1,18.52515118327574,0
2026-04-28,111.26000213623048,4591.5,94.2584991455078,412.6499938964844,73.20500183105469,23995.69921875,4.354000091552734,122.68000030517578,148782.0,236541.0,pdf,698.48709,147493.1029486055,147493.1029486055,160016.10225556255,1288.8970513945096,0.8738693712638418,235156.98293413047,1384.017065869528,0,0.0,-1.794496815164226,0.0087019344602756,2.799592243662952,150027.0,1124,1,1010.8422650503636,0
2026-04-29,118.02999877929688,4545.2001953125,94.64550018310548,412.3999938964844,71.56900024414062,24177.650390625,4.418000221252441,121.58000183105467,147973.0,236300.0,pdf,698.48709,146605.27293480223,146605.27293480223,159052.8904481345,1367.727065197745,0.9329317000801162,230845.55935036813,5454.44064963187,0,0.0,-1.0083808055646348,0.4105741562893339,6.08484317192175,149050.0,1125,1,1288.8970513945096,0
2026-04-30,114.01000213623048,4614.7001953125,94.9166030883789,412.75,73.53399658203125,23997.55078125,4.389999866485596,123.43000030517578,,,,698.48709,149273.35085085657,149273.35085085657,161947.50328158966,,,237863.03782865603,,0,0.0,1.529085563088639,0.2864403534758031,-3.4059109418304367,,1126,1,1367.727065197745,0
2026-05-01,108.16999816894533,4629.89990234375,94.75910186767578,412.75,75.95099639892578,,4.377999782562256,123.43000030517578,150263.0,240331.0,pdf,690.69291,149516.50646143797,149516.50646143797,162211.30417986194,746.4935385620338,0.4992716565074125,245273.718295379,-4942.718295378989,0,0.0,0.3293758291533111,-0.1659364279571584,-5.122361071712756,151111.0,1127,1,,0
2026-05-04,114.44000244140624,4519.5,94.90299987792967,413.2999877929688,73.0719985961914,24119.30078125,4.446000099182129,122.37999725341795,148100.0,240120.0,pdf,690.69291,146172.92408417107,146172.92408417107,158583.83273282708,1927.0759158289293,1.3183535377039164,236334.72073193363,3785.2792680663697,0,0.0,-2.384498686199743,0.1518566632837448,5.796435590826321,149339.0,1128,1,746.4935385620338,0
2026-05-05,109.87000274658205,4555.7998046875,95.2593994140625,406.6000061035156,73.10800170898438,24032.80078125,4.415999889373779,122.16000366210938,147636.0,240465.0,pdf,690.69291,147900.30653783292,147900.30653783292,160457.87973444135,-264.3065378329193,-0.1787058756131175,237339.13531498745,3125.8646850125515,0,0.0,0.8031818716119021,0.3755408539152904,-3.99335861353558,149753.0,1129,1,1927.0759158289293,0
2026-05-06,101.2699966430664,4681.89990234375,95.18299865722656,415.6499938964844,76.81099700927734,24330.94921875,4.355999946594238,124.0199966430664,150860.0,249067.0,pdf,690.69291,151872.13929144235,151872.13929144235,164766.9435709044,-1012.1392914423486,-0.6664417161465377,249160.61172234427,-93.61172234427067,0,0.0,2.7679025212324904,-0.0802028537927768,-7.827437779674728,152132.0,1130,1,-264.3065378329193,0
2026-05-07,100.05999755859376,4699.7998046875,94.60800170898438,411.1499938964844,79.70099639892578,24326.650390625,4.392000198364258,124.47000122070312,151149.0,254798.0,pdf,690.69291,151531.81732955616,151531.81732955616,164397.72634810337,-382.81732955615735,-0.2526316494466599,256973.43140573788,-2175.43140573788,0,0.0,0.3823213378566503,-0.6040962738659506,-1.1948248489998314,152261.0,1131,1,-1012.1392914423486,0
2026-05-08,101.29000091552734,4720.39990234375,94.25299835205078,424.5499877929688,80.3949966430664,24176.150390625,4.363999843597412,124.30999755859376,151078.0,255600.0,pdf,696.988363,151624.91516055225,151624.91516055225,164498.7287119199,-546.9151605522493,-0.3607026984800836,258238.38652495024,-2638.386524950241,0,0.0,0.4383186202038702,-0.3752360799518683,1.2292658274484891,152530.0,1132,1,-382.81732955615735,0
2026-05-11,104.20999908447266,4718.7001953125,94.42530059814452,385.2000122070313,85.48500061035156,23815.849609375,4.409999847412109,123.2300033569336,150362.0,256200.0,pdf,696.988363,151847.4015584743,151847.4015584743,164740.10546438248,-1485.4015584742883,-0.978219938720704,275090.0603475787,-18890.06034757872,0,0.0,-0.0360076914332263,0.1828082385773699,2.8828098949080783,153663.0,1133,1,-546.9151605522493,0
2026-05-12,107.7699966430664,4677.60009765625,95.3914031982422,361.7999877929688,85.12999725341797,23379.55078125,4.4629998207092285,124.61000061035156,151632.0,264867.0,pdf,696.988363,152064.88245072236,152064.88245072236,164976.0517154063,-432.8824507223617,-0.284669572452167,276750.52922667883,-11883.529226678833,0,0.0,-0.8710046401565918,1.0231395547356523,3.416176556827355,153442.0,1134,1,-1485.4015584742883,0
2026-05-13,105.62999725341795,4697.7001953125,95.63300323486328,355.3999938964844,88.88800048828125,23412.599609375,4.480999946594238,131.74000549316406,160977.0,287720.0,pdf,696.988363,166104.6038776822,153105.11313942884,166104.6038776822,7871.886860571161,5.141491815105116,289699.359381758,-1979.359381757968,1,0.0,0.4297096211008044,0.2532723374652601,-1.985709804497915,162186.0,1135,0,-432.8824507223617,0
2026-05-14,105.72000122070312,4678.10009765625,95.69580078125,361.0,84.91200256347656,23689.599609375,4.460999965667725,131.77999877929688,161159.0,287193.0,pdf,696.988363,165520.1875117165,152566.43370645176,165520.1875117165,8592.56629354824,5.632016220606509,276922.70664479973,10270.293355200263,1,1.0,-0.417227512215601,0.0656651409686404,0.0852068253577975,161978.0,1136,0,7871.886860571161,0
2026-05-15,109.26000213623048,4555.7998046875,95.70989990234376,353.04998779296875,77.16100311279297,23643.5,4.59499979019165,129.41000366210938,158210.0,268500.0,pdf,688.8943939999999,161216.71669555566,148599.75625851218,161216.71669555566,9610.243741487822,6.467200205072558,251681.5212869047,16818.478713095305,1,2.0,-2.614315436089598,0.0147332704033553,3.3484684777265183,158547.0,1137,0,8592.56629354824,0
2026-05-18,112.0999984741211,4552.5,95.97029876708984,346.1000061035156,77.072998046875,23649.94921875,4.623000144958496,129.6999969482422,158210.0,268500.0,pdf,688.8943939999999,161538.25225706206,148896.12816737895,161538.25225706206,9313.871832621053,6.255281414806856,252078.4403170049,16421.55968299514,1,3.0,-0.0724308536144358,0.2720709822200184,2.5993010089360835,159401.0,1138,0,9610.243741487822,0
2026-05-19,111.27999877929688,4506.2998046875,96.27020263671876,344.1499938964844,74.8280029296875,23618.0,4.666999816894531,130.63999938964844,159077.0,268713.0,pdf,688.8943939999999,160398.59007505022,147845.65693874197,160398.59007505022,11231.343061258029,7.596667561165896,245500.6486484968,23212.351351503225,1,4.0,-1.014831308347064,0.3124965468292773,-0.7314894790239612,159080.0,1139,0,9313.871832621053,0
2026-05-20,105.0199966430664,4531.2998046875,96.56580352783205,343.54998779296875,75.85099792480469,23659.0,4.572000026702881,130.1999969482422,158555.0,267302.0,pdf,688.8943939999999,161783.6891876896,149122.35699039217,161783.6891876896,9432.643009607857,6.325438519064981,249621.08176817675,17680.91823182325,1,5.0,0.5547788891896444,0.3070533592089308,-5.6254512984368565,160006.0,1140,0,11231.343061258029,0
2026-05-21,102.58000183105467,4539.7998046875,96.5282974243164,353.0,76.41400146484375,23654.69921875,4.585999965667725,130.74000549316406,158538.0,264679.0,pdf,688.8943939999999,162024.21517282227,149344.05920277533,162024.21517282227,9193.94079722467,6.15621461362677,251376.2203104931,13302.77968950689,1,6.0,0.1875841450880599,-0.0388399434845587,-2.323362111983851,159606.0,1141,0,9432.643009607857,0
2026-05-22,103.54000091552734,4521.0,96.17389678955078,352.3999938964844,75.89299774169922,23719.30078125,4.558000087738037,130.5,158117.0,266000.0,pdf,681.3835,160760.8518312707,148179.56777491042,160760.8518312707,9937.432225089578,6.706344453767649,248745.6669433144,17254.33305668563,1,7.0,-0.41411087484714,-0.3671468825434232,0.9358540332780718,158679.0,1142,0,9193.94079722467,0
2026-05-25,,,95.71949768066406,357.8500061035156,,24031.69921875,,130.50999450683594,158857.0,271100.0,pdf,681.3835,,,,,,,,1,8.0,,-0.4724765493084315,,159081.0,1143,0,9937.432225089578,0
2026-05-26,99.58000183105467,4500.39990234375,95.25279998779295,355.45001220703125,76.30500030517578,23913.69921875,4.493000030517578,129.5800018310547,157611.0,266213.0,pdf,681.3835,158495.6823275474,146091.6724062611,158495.6823275474,11519.327593738912,7.884999469172498,247700.7676970641,18512.23230293594,1,9.0,,-0.4875680547635874,,157616.0,1144,0,,0
2026-05-27,94.29000091552734,4447.5,95.90499877929688,354.75,74.5989990234375,23907.150390625,4.480999946594238,129.0399932861328,,,,681.3835,157705.11498113113,145362.97554782525,157705.11498113113,,,243820.8537591048,,1,10.0,-1.175448926576517,0.6847030130216591,-5.3123125308857215,,1145,0,11519.327593738912,0
2026-05-28,93.70999908447266,4499.2998046875,96.04889678955078,354.75,75.6449966430664,,4.454999923706055,129.0399932861328,156072.0,260917.0,pdf,681.3835,159781.2786183314,147276.65681341852,159781.2786183314,8795.343186581478,5.97198726321178,247610.5770645988,13306.422935401237,1,11.0,1.1646948777403132,0.1500422418909019,-0.6151254909566695,156925.0,1146,0,,0
2026-05-29,92.0500030517578,4560.5,96.04820251464844,355.04998779296875,75.61599731445312,23547.75,4.453000068664551,128.64999389648438,156463.0,263350.0,pdf,682.32118,161953.47845202705,149278.85839925974,161953.47845202705,7184.141600740259,4.81256467109738,247513.86373913047,15836.136260869418,1,12.0,1.3602159884686935,-0.0007228348534393,-1.7714182573179582,160911.0,1147,0,8795.343186581478,0
2026-06-01,94.9800033569336,4475.2001953125,95.00299835205078,343.95001220703125,75.00700378417969,23382.599609375,4.474999904632568,127.48999786376952,155536.0,263250.0,pdf,682.32118,157194.86626824195,144892.6593429013,157194.86626824195,10643.340657098714,7.345672793478314,242848.6720888237,20401.327911176224,1,13.0,-1.8704046636881968,-1.0882079364663233,3.183052914760154,159241.0,1148,0,7184.141600740259,0
2026-06-02,96.0,4489.10009765625,95.55139923095705,353.1000061035156,75.31099700927734,23483.55078125,4.454999923706055,128.6699981689453,156294.0,265300.0,pdf,682.32118,158593.33032028956,146181.67838217996,158593.33032028956,10112.321617820038,6.917639563134722,245240.42021694544,20059.579783054563,1,14.0,0.3105984478260826,0.5772458642558265,1.073906724590512,159346.0,1149,0,10643.340657098714,0
2026-06-03,97.80999755859376,4436.7001953125,95.26300048828124,353.0,73.47599792480469,23405.599609375,4.491000175476074,127.63999938964844,155036.0,261575.0,pdf,682.32118,156269.03043171152,144039.2802240124,156269.03043171152,10996.719775987614,7.63452841397522,238542.82211837504,23032.17788162496,1,15.0,-1.1672696354244283,-0.3018257660243106,1.885414123535156,158519.0,1150,0,10112.321617820038,0
2026-06-04,95.02999877929688,4475.7998046875,96.16449737548828,362.1000061035156,73.77899932861328,23416.55078125,4.477000236511231,128.5,156086.0,261088.0,pdf,682.32118,159138.0373130819,146683.75613205813,159138.0373130819,9402.24386794187,6.409873946421928,241793.2261816432,19294.77381835683,1,16.0,0.8812767970283408,0.9463242629208723,-2.8422439921149123,159547.0,1151,0,10996.719775987614,0
2026-06-05,93.08999633789062,4337.10009765625,95.79029846191406,371.8500061035156,68.94300079345703,23366.69921875,4.535999774932861,127.77999877929688,154238.0,256908.0,pdf,682.32118,153606.48471578507,141585.10765107148,153606.48471578507,12652.892348928524,8.936598318031345,225065.1810965692,31842.8189034308,1,17.0,-3.0988809393572514,-0.389123765825039,-2.041463186705728,155594.0,1152,0,9402.24386794187,0
2026-06-08,94.25,4335.89990234375,94.95030212402344,354.20001220703125,68.42500305175781,23123.0,4.552000045776367,124.16000366210938,151489.0,244300.0,pdf,682.32118,152217.35707014392,140304.6943429153,152217.35707014392,11184.305657084711,7.971440805643624,221415.3775413612,22884.622458638827,1,18.0,-0.027672760265518,-0.8769117033543883,1.2461099019693611,154784.0,1153,0,12652.892348928524,0
2026-06-09,91.4499969482422,4260.0,95.68830108642578,355.04998779296875,65.09400177001953,23242.099609375,4.527999877929688,125.38999938964844,152519.0,245938.0,pdf,682.32118,150715.1886515665,138920.08693100914,150715.1886515665,13598.913068990863,9.789018542541218,212273.8118445628,33664.18815543721,1,19.0,-1.7504994131142817,0.7772476189052746,-2.9708255191064348,152443.0,1154,0,11184.305657084711,0
2026-06-10,93.0999984741211,4108.2001953125,95.36029815673828,338.70001220703125,64.5989990234375,23214.94921875,4.541999816894531,121.1500015258789,147146.0,233283.0,pdf,682.32118,144846.42398426414,133510.61688984348,144846.42398426414,13635.383110156516,10.21295791135978,209937.4860048533,23345.5139951467,1,20.0,-3.56337569688967,-0.3427826870823547,1.8042663542271689,148017.0,1155,0,13598.913068990863,0
2026-06-11,90.37999725341795,4090.300048828125,95.64450073242188,330.79998779296875,63.8849983215332,23161.599609375,4.4629998207092285,119.27999877929688,144782.0,232591.0,pdf,682.32118,144645.10808055743,133325.0561438182,144645.10808055743,11456.94385618181,8.593241351290462,208235.8478910712,24355.15210892883,1,21.0,-0.4357174829210941,0.2980302926658851,-2.921591047565053,148932.0,1156,0,13635.383110156516,0
2026-06-12,87.33000183105469,4238.7998046875,95.76010131835938,344.75,67.9739990234375,23622.900390625,4.486999988555908,121.91999816894533,,,,682.32118,150077.6708665856,138332.4618422441,150077.6708665856,,,221831.9113768013,,1,22.0,3.630534535037855,0.120864853757685,-3.3746354448444427,,1157,0,11456.94385618181,0
