date,Gold_INR_AM,Gold_INR_PM,Silver_INR_AM,Silver_INR_PM,Gold_London_AM_Fix_USD,Gold_London_PM_Fix_USD,Silver_London_Fix_USD,Gold_COMEX_close_USD,Silver_COMEX_close_USD,Gold_CFTC_Net,Silver_CFTC_Net,DXY_close,US_10Y,India_10Y,USDINR_ibja,EURUSD_ibja,MCX_Gold_open,MCX_Gold_high,MCX_Gold_low,MCX_Gold_close,MCX_Gold_volume,MCX_Gold_OI,MCX_Silver_open,MCX_Silver_high,MCX_Silver_low,MCX_Silver_close,MCX_Silver_volume,MCX_Silver_OI,USDINR_Futures_close,Gold_Silver_Ratio,Gold_Crude_Ratio,SPDR_Gold_tonnes,iShares_Silver_tonnes
2022-01-03,,,,,,,,,,,,,,,,,,,,,,,,,,,,,,,,,
2022-01-04,,,,,,,,,,,,,,,,,,,,,,,,,,,,,,,,,
2022-01-05,,,,,,,,,,,,,,,,,,,,,,,,,,,,,,,,,
2022-01-06,,,,,,,,,,,,,,,,,,,,,,,,,,,,,,,,,
2022-01-07,,,,,,,,,,,,,,,,,,,,,,,,,,,,,,,,,
2022-01-10,,,,,,,,,,,,,,,,,,,,,,,,,,,,,,,,,
2022-01-11,,,,,,,,,,,,,,,,,,,,,,,,,,,,,,,,,
2022-01-12,,,,,,,,,,,,,,,,,,,,,,,,,,,,,,,,,
2022-01-13,,,,,,,,,,,,,,,,,,,,,,,,,,,,,,,,,
2022-01-14,,,,,,,,,,,,,,,,,,,,,,,,,,,,,,,,,
2022-01-17,,,,,,,,,,,,,,,,,,,,,,,,,,,,,,,,,
2022-01-18,,,,,,,,,,,,,,,,,,,,,,,,,,,,,,,,,
2022-01-19,,,,,,,,,,,,,,,,,,,,,,,,,,,,,,,,,
2022-01-20,,,,,,,,,,,,,,,,,,,,,,,,,,,,,,,,,
2022-01-21,,,,,,,,,,,,,,,,,,,,,,,,,,,,,,,,,
2022-01-24,,,,,,,,,,,,,,,,,,,,,,,,,,,,,,,,,
2022-01-25,,,,,,,,,,,,,,,,,,,,,,,,,,,,,,,,,
2022-01-26,,,,,,,,,,,,,,,,,,,,,,,,,,,,,,,,,
2022-01-27,,,,,,,,,,,,,,,,,,,,,,,,,,,,,,,,,
2022-01-28,,,,,,,,,,,,,,,,,,,,,,,,,,,,,,,,,
2022-01-31,,,,,,,,,,,,,,,,,,,,,,,,,,,,,,,,,
2022-02-01,,,,,,,,,,,,,,,,,,,,,,,,,,,,,,,,,
2022-02-02,,,,,,,,,,,,,,,,,,,,,,,,,,,,,,,,,
2022-02-03,,,,,,,,,,,,,,,,,,,,,,,,,,,,,,,,,
2022-02-04,,,,,,,,,,,,,,,,,,,,,,,,,,,,,,,,,
2022-02-07,,,,,,,,,,,,,,,,,,,,,,,,,,,,,,,,,
2022-02-08,,,,,,,,,,,,,,,,,,,,,,,,,,,,,,,,,
2022-02-09,,,,,,,,,,,,,,,,,,,,,,,,,,,,,,,,,
2022-02-10,,,,,,,,,,,,,,,,,,,,,,,,,,,,,,,,,
2022-02-11,,,,,,,,,,,,,,,,,,,,,,,,,,,,,,,,,
2022-02-14,,,,,,,,,,,,,,,,,,,,,,,,,,,,,,,,,
2022-02-15,,,,,,,,,,,,,,,,,,,,,,,,,,,,,,,,,
2022-02-16,,,,,,,,,,,,,,,,,,,,,,,,,,,,,,,,,
2022-02-17,,,,,,,,,,,,,,,,,,,,,,,,,,,,,,,,,
2022-02-18,,,,,,,,,,,,,,,,,,,,,,,,,,,,,,,,,
2022-02-21,,,,,,,,,,,,,,,,,,,,,,,,,,,,,,,,,
2022-02-22,,,,,,,,,,,,,,,,,,,,,,,,,,,,,,,,,
2022-02-23,,,,,,,,,,,,,,,,,,,,,,,,,,,,,,,,,
2022-02-24,,,,,,,,,,,,,,,,,,,,,,,,,,,,,,,,,
2022-02-25,,,,,,,,,,,,,,,,,,,,,,,,,,,,,,,,,
2022-02-28,,,,,,,,,,,,,,,,,,,,,,,,,,,,,,,,,
2022-03-01,,,,,,,,,,,,,,,,,,,,,,,,,,,,,,,,,
2022-03-02,,,,,,,,,,,,,,,,,,,,,,,,,,,,,,,,,
2022-03-03,,,,,,,,,,,,,,,,,,,,,,,,,,,,,,,,,
2022-03-04,,,,,,,,,,,,,,,,,,,,,,,,,,,,,,,,,
2022-03-07,,,,,,,,,,,,,,,,,,,,,,,,,,,,,,,,,
2022-03-08,,,,,,,,,,,,,,,,,,,,,,,,,,,,,,,,,
2022-03-09,,,,,,,,,,,,,,,,,,,,,,,,,,,,,,,,,
2022-03-10,,,,,,,,,,,,,,,,,,,,,,,,,,,,,,,,,
2022-03-11,,,,,,,,,,,,,,,,,,,,,,,,,,,,,,,,,
2022-03-14,,,,,,,,,,,,,,,,,,,,,,,,,,,,,,,,,
2022-03-15,,,,,,,,,,,,,,,,,,,,,,,,,,,,,,,,,
2022-03-16,,,,,,,,,,,,,,,,,,,,,,,,,,,,,,,,,
2022-03-17,,,,,,,,,,,,,,,,,,,,,,,,,,,,,,,,,
2022-03-18,,,,,,,,,,,,,,,,,,,,,,,,,,,,,,,,,
2022-03-21,,,,,,,,,,,,,,,,,,,,,,,,,,,,,,,,,
2022-03-22,,,,,,,,,,,,,,,,,,,,,,,,,,,,,,,,,
2022-03-23,,,,,,,,,,,,,,,,,,,,,,,,,,,,,,,,,
2022-03-24,,,,,,,,,,,,,,,,,,,,,,,,,,,,,,,,,
2022-03-25,,,,,,,,,,,,,,,,,,,,,,,,,,,,,,,,,
2022-03-28,,,,,,,,,,,,,,,,,,,,,,,,,,,,,,,,,
2022-03-29,,,,,,,,,,,,,,,,,,,,,,,,,,,,,,,,,
2022-03-30,,,,,,,,,,,,,,,,,,,,,,,,,,,,,,,,,
2022-03-31,,,,,,,,,,,,,,,,,,,,,,,,,,,,,,,,,
2022-04-01,,,,,,,,,,,,,,,,,,,,,,,,,,,,,,,,,
2022-04-04,,,,,,,,,,,,,,,,,,,,,,,,,,,,,,,,,
2022-04-05,,,,,,,,,,,,,,,,,,,,,,,,,,,,,,,,,
2022-04-06,,,,,,,,,,,,,,,,,,,,,,,,,,,,,,,,,
2022-04-07,,,,,,,,,,,,,,,,,,,,,,,,,,,,,,,,,
2022-04-08,,,,,,,,,,,,,,,,,,,,,,,,,,,,,,,,,
2022-04-11,,,,,,,,,,,,,,,,,,,,,,,,,,,,,,,,,
2022-04-12,,,,,,,,,,,,,,,,,,,,,,,,,,,,,,,,,
2022-04-13,,,,,,,,,,,,,,,,,,,,,,,,,,,,,,,,,
2022-04-14,,,,,,,,,,,,,,,,,,,,,,,,,,,,,,,,,
2022-04-15,,,,,,,,,,,,,,,,,,,,,,,,,,,,,,,,,
2022-04-18,,,,,,,,,,,,,,,,,,,,,,,,,,,,,,,,,
2022-04-19,,,,,,,,,,,,,,,,,,,,,,,,,,,,,,,,,
2022-04-20,,,,,,,,,,,,,,,,,,,,,,,,,,,,,,,,,
2022-04-21,,,,,,,,,,,,,,,,,,,,,,,,,,,,,,,,,
2022-04-22,,,,,,,,,,,,,,,,,,,,,,,,,,,,,,,,,
2022-04-25,,,,,,,,,,,,,,,,,,,,,,,,,,,,,,,,,
2022-04-26,,,,,,,,,,,,,,,,,,,,,,,,,,,,,,,,,
2022-04-27,,,,,,,,,,,,,,,,,,,,,,,,,,,,,,,,,
2022-04-28,,,,,,,,,,,,,,,,,,,,,,,,,,,,,,,,,
2022-04-29,,,,,,,,,,,,,,,,,,,,,,,,,,,,,,,,,
2022-05-02,,,,,,,,,,,,,,,,,,,,,,,,,,,,,,,,,
2022-05-03,,,,,,,,,,,,,,,,,,,,,,,,,,,,,,,,,
2022-05-04,,,,,,,,,,,,,,,,,,,,,,,,,,,,,,,,,
2022-05-05,,,,,,,,,,,,,,,,,,,,,,,,,,,,,,,,,
2022-05-06,,,,,,,,,,,,,,,,,,,,,,,,,,,,,,,,,
2022-05-09,,,,,,,,,,,,,,,,,,,,,,,,,,,,,,,,,
2022-05-10,51699.0,51479.0,62352.0,61361.0,1865.4,1860.9,21.87,1858.6,21.82,82936.0,15261.0,103.65,3.0338,7.468,77.665,1.0549,51259.0,51386.0,50901.0,50959.0,5772.0,8625.0,62450.0,62649.0,61163.0,61497.0,16255.0,16149.0,77.665,,,,
2022-05-11,51486.0,51496.0,61967.0,61473.0,1862.25,1857.35,21.87,1841.0,21.42,82936.0,15261.0,103.92,2.9908,7.301,77.4475,1.0564,50971.0,51118.0,50511.0,50586.0,6388.0,8419.0,61793.0,61999.0,60390.0,60618.0,14811.0,16335.0,77.4475,,,,
2022-05-12,51045.0,51205.0,60733.0,61450.0,1851.75,1851.95,21.79,1853.7,21.58,82936.0,15261.0,103.85,2.9207,7.215,77.4125,1.0559,50449.0,50888.0,50322.0,50822.0,6725.0,7832.0,60525.0,61574.0,60224.0,60752.0,16384.0,15762.0,77.4125,,,,
2022-05-13,51284.0,51118.0,60460.0,59796.0,1850.75,1837.05,20.99,1824.6,20.77,82936.0,15261.0,104.85,2.8479,7.244,77.5375,1.0449,50939.0,50946.0,50140.0,50174.0,7242.0,7482.0,60550.0,60655.0,58611.0,58751.0,19791.0,18289.0,77.5375,,,,
2022-05-16,50387.0,50465.0,59207.0,59106.0,1824.2,1811.55,20.84,1808.2,21.0,73891.0,1704.0,104.56,2.9185,7.318,77.5475,1.0405,50067.0,50249.0,49670.0,49873.0,7464.0,7066.0,58954.0,59481.0,58192.0,59332.0,14650.0,16986.0,77.5475,,,,
2022-05-17,50367.0,50305.0,59683.0,60042.0,1805.8,1809.5,21.17,1814.0,21.55,73891.0,1704.0,104.19,2.8822,7.318,77.5475,1.0405,49930.0,50297.0,49572.0,50248.0,5432.0,6503.0,59437.0,60999.0,59300.0,60926.0,13837.0,15104.0,77.5475,,,,
2022-05-18,50752.0,50593.0,61239.0,61302.0,1828.05,1825.0,21.78,1818.9,21.75,73891.0,1704.0,103.36,2.986,7.366,77.545,1.0536,50399.0,50580.0,50130.0,50173.0,5248.0,6327.0,60985.0,61560.0,60815.0,61156.0,9415.0,15265.0,77.545,,,,
2022-05-19,50297.0,50283.0,60961.0,61149.0,1818.5,1810.65,21.67,1822.4,21.54,73891.0,1704.0,103.81,2.884,7.353,77.6775,1.0522,50120.0,50366.0,49863.0,50218.0,6974.0,5850.0,60752.0,61320.0,60510.0,60778.0,11486.0,15072.0,77.6775,,,,
2022-05-20,50395.0,50682.0,61149.0,61087.0,1825.55,1844.0,21.56,1847.8,21.91,73891.0,1704.0,102.72,2.837,7.321,77.6925,1.0527,50280.0,50760.0,50058.0,50544.0,6354.0,5711.0,60700.0,61750.0,60175.0,61564.0,15405.0,13996.0,77.6925,,,,
2022-05-23,51012.0,51027.0,61855.0,62004.0,1846.3,1834.2,22.03,1848.4,21.67,54569.0,670.0,103.15,2.7811,7.359,77.705,1.0585,50471.0,50860.0,50471.0,50829.0,6148.0,5453.0,61500.0,61999.0,61145.0,61407.0,10611.0,14620.0,77.705,,,,
2022-05-24,51248.0,51317.0,61759.0,62206.0,1864.3,1856.2,22.09,1853.9,21.72,54569.0,670.0,102.08,2.8514,7.386,77.5675,1.068,50897.0,51156.0,50808.0,50907.0,4248.0,5173.0,61700.0,62273.0,61104.0,61303.0,14073.0,14592.0,77.5675,,,,
2022-05-25,51000.0,51292.0,61200.0,61711.0,1858.6,1867.1,21.93,1871.4,22.06,54569.0,670.0,101.86,2.7506,7.357,77.6075,1.0713,50940.0,51246.0,50880.0,51157.0,5015.0,4791.0,61349.0,62235.0,61060.0,61976.0,13601.0,12803.0,77.6075,,,,
2022-05-26,51217.0,51172.0,61757.0,61448.0,1859.05,1847.2,21.83,1852.5,21.87,54569.0,670.0,102.06,2.7452,7.301,77.64,1.0665,51109.0,51132.0,50705.0,50819.0,6202.0,4197.0,61996.0,62070.0,61230.0,61534.0,10005.0,13692.0,77.64,,,,
2022-05-27,50989.0,50945.0,61339.0,61605.0,1845.15,1848.25,21.89,1853.9,21.97,54569.0,670.0,101.83,2.7469,7.293,77.5875,1.0718,50840.0,50920.0,50580.0,50871.0,5008.0,2681.0,61526.0,61998.0,61240.0,61793.0,10138.0,13392.0,77.5875,,,,
2022-05-30,51163.0,51204.0,62173.0,62538.0,1858.95,1851.8,22.275,1857.3,22.096,77493.0,-541.0,101.67,2.7378,7.35,77.8275,1.0718,50952.0,51066.0,50850.0,50913.0,4381.0,1382.0,61980.0,62887.0,61980.0,62116.0,15760.0,12332.0,77.8275,,,,
2022-05-31,51295.0,51184.0,62462.0,62073.0,1857.25,1854.95,22.04,1857.3,22.1,77493.0,-541.0,101.67,2.7378,7.408,77.77,1.0791,50974.0,51112.0,50920.0,50930.0,999.0,661.0,62277.0,62585.0,62030.0,62049.0,3663.0,12981.0,77.7725,,,,
2022-06-01,51192.0,51125.0,61501.0,61321.0,1854.4,1838.7,21.77,1848.4,21.69,77493.0,-541.0,101.75,2.8441,7.416,77.89,1.0717,50959.0,51180.0,50903.0,50990.0,282.0,419.0,61597.0,61874.0,61183.0,61255.0,5752.0,14441.0,77.8925,,,,
2022-06-02,50702.0,50606.0,60765.0,60811.0,1829.7,1844.9,21.61,1848.7,21.92,77493.0,-541.0,102.5,2.9058,7.415,77.7375,1.0731,50700.0,50700.0,50415.0,50480.0,2676.0,13967.0,60752.0,60950.0,60502.0,60798.0,5828.0,15477.0,77.735,,,,
2022-06-03,,,,,,,,,,,,,,,,,,,,,,,,,,,,,,,,,
2022-06-06,51469.0,51455.0,62699.0,62788.0,1829.7,1844.9,21.61,1850.2,21.91,62668.0,3197.0,102.14,2.9332,7.457,77.7875,1.0751,51340.0,51390.0,50900.0,50970.0,5068.0,14191.0,62666.0,62936.0,61577.0,61669.0,16044.0,12227.0,77.7875,84.45,15.56,,
2022-06-07,51167.0,51112.0,62471.0,62592.0,1844.5,50890.0,22.12,1843.7,22.09,62668.0,3197.0,102.44,3.0399,7.498,77.795,1.0738,51126.0,51133.0,50815.0,50870.0,5767.0,14268.0,62199.0,63029.0,62056.0,62299.0,15152.0,10747.0,77.795,83.46,15.56,,
2022-06-08,50850.0,51089.0,61668.0,62052.0,1856.6,50988.0,22.28,1852.1,22.18,62668.0,3197.0,102.32,2.9736,7.517,77.95,1.0686,50787.0,51070.0,50681.0,50968.0,4856.0,14388.0,61951.0,62355.0,61542.0,62243.0,13386.0,11056.0,77.95,83.51,15.51,,
2022-06-09,51038.0,51038.0,62287.0,61685.0,1848.35,1852.95,21.92,1856.5,22.09,62668.0,3197.0,102.54,3.0215,7.494,77.8275,1.0734,50900.0,50990.0,50851.0,50939.0,1282.0,14417.0,62120.0,62375.0,61925.0,61953.0,3456.0,11744.0,77.91,84.03,15.2,,
2022-06-10,51136.0,51029.0,62048.0,61806.0,1849.25,1844.85,21.93,1852.8,21.82,62668.0,3197.0,103.22,3.0418,7.496,77.87,1.0731,51046.0,51135.0,50805.0,51005.0,4575.0,14212.0,62056.0,62240.0,60929.0,61411.0,17187.0,13900.0,77.87,84.92,15.25,,
2022-06-13,50984.0,50935.0,61203.0,60881.0,1843.35,1830.0,21.59,1875.5,21.93,69768.0,7620.0,104.15,3.1555,7.519,77.965,1.0603,50900.0,51797.0,50420.0,51701.0,11971.0,14446.0,61147.0,62080.0,60250.0,61929.0,27823.0,12032.0,77.965,85.52,15.54,,
2022-06-14,51657.0,51435.0,61325.0,60912.0,1855.95,1830.85,21.56,1831.8,21.26,69768.0,7620.0,105.08,3.3598,7.602,78.125,1.05,51530.0,51660.0,50551.0,50664.0,9024.0,13443.0,61700.0,61700.0,59702.0,60311.0,23737.0,15040.0,78.125,86.18,15.15,,
2022-06-15,50725.0,50647.0,60164.0,60881.0,1823.65,1818.3,21.24,1813.5,20.95,69768.0,7620.0,105.52,3.4733,7.581,78.105,1.0456,50537.0,50667.0,50151.0,50195.0,6593.0,13080.0,60280.0,60450.0,59358.0,59501.0,16124.0,15969.0,78.105,86.55,15.25,,
2022-06-16,50619.0,50954.0,60193.0,60750.0,1823.15,1823.75,21.46,1819.6,21.5,69768.0,7620.0,105.16,3.2839,7.592,78.2425,1.0499,50261.0,50861.0,50211.0,50438.0,7082.0,12888.0,59800.0,61180.0,59800.0,60697.0,20694.0,12520.0,78.2425,84.62,15.78,,
2022-06-17,50861.0,50614.0,61074.0,60550.0,1831.55,1826.5,21.44,1849.9,21.98,69768.0,7620.0,103.63,3.1952,7.617,78.155,1.0427,50650.0,51092.0,50295.0,50986.0,7777.0,13121.0,61223.0,61645.0,60289.0,61527.0,17709.0,10598.0,78.155,84.18,15.73,,
2022-06-20,51185.0,51169.0,61673.0,61576.0,1849.85,1841.55,21.85,1840.6,21.68,49561.0,1802.0,104.7,3.2256,7.544,78.135,1.053,50977.0,51179.0,50815.0,50834.0,5166.0,12681.0,61415.0,61720.0,60849.0,60937.0,12600.0,11377.0,78.135,84.89,16.8,,
2022-06-21,51064.0,51005.0,61067.0,60979.0,1841.2,1836.5,21.66,1840.6,21.68,49561.0,1802.0,104.7,3.2256,7.427,78.025,1.0537,50985.0,50985.0,50713.0,50735.0,2751.0,12585.0,61057.0,61160.0,60670.0,60744.0,8138.0,11570.0,78.025,84.89,16.8,,
2022-06-22,50943.0,50914.0,60773.0,61077.0,1836.5,1840.25,21.67,1838.8,21.85,49561.0,1802.0,104.44,3.2749,7.482,78.1475,1.0561,50827.0,50950.0,50650.0,50760.0,4652.0,12524.0,60962.0,61690.0,60573.0,61271.0,13675.0,9496.0,78.1475,84.15,16.79,,
2022-06-23,50764.0,51155.0,60383.0,60744.0,1827.3,1841.85,21.42,1838.4,21.5,49561.0,1802.0,104.2,3.1561,7.395,78.3575,1.0532,50691.0,51146.0,50522.0,50904.0,6314.0,12448.0,61101.0,61101.0,60113.0,60648.0,13972.0,9787.0,78.3575,85.52,17.31,,
2022-06-24,50994.0,50853.0,60409.0,59999.0,1831.4,1841.9,21.19,1829.8,21.09,49561.0,1802.0,104.43,3.087,7.419,78.3125,1.0513,50800.0,51060.0,50560.0,50594.0,7219.0,12110.0,60374.0,60618.0,59444.0,59504.0,19050.0,9477.0,78.3125,86.76,17.55,,
2022-06-27,50776.0,50829.0,59666.0,59350.0,1826.5,1825.45,20.86,1830.3,21.16,61816.0,7809.0,104.19,3.1301,7.444,78.3475,1.0538,50549.0,50741.0,50410.0,50623.0,4976.0,11824.0,59513.0,59889.0,58605.0,59749.0,18755.0,7966.0,78.3475,86.5,17.01,,
2022-06-28,51021.0,51094.0,60507.0,60832.0,1838.05,1826.3,21.46,1824.8,21.19,61816.0,7809.0,103.94,3.1997,7.411,78.4225,1.0573,50730.0,50980.0,50575.0,50649.0,6283.0,11770.0,60250.0,60729.0,59900.0,59946.0,12188.0,5849.0,78.4225,86.13,16.65,,
2022-06-29,51039.0,51029.0,60488.0,60518.0,1827.0,1819.05,21.24,1821.2,20.87,61816.0,7809.0,104.51,3.1715,7.466,79.065,1.06,50604.0,50960.0,50604.0,50822.0,5102.0,11497.0,59760.0,60535.0,59481.0,59539.0,11219.0,2917.0,79.065,87.26,16.3,,
2022-06-30,51025.0,51159.0,59691.0,59853.0,1811.85,1817.75,20.98,1817.5,20.74,61816.0,7809.0,105.11,3.0891,7.459,79.1625,1.0548,50779.0,51146.0,50640.0,50729.0,7291.0,11172.0,60050.0,60529.0,59575.0,59791.0,18386.0,16069.0,79.1625,87.64,16.56,,
2022-07-01,,,,,,,,,,,,,,,,,,,,,,,,,,,,,,,,,
2022-07-04,51849.0,51791.0,58400.0,57773.0,1795.65,1797.45,19.73,1801.5,19.67,46637.0,993.0,105.14,2.8803,7.424,79.0975,1.047,51000.0,52032.0,50727.0,51917.0,13273.0,11142.0,58320.0,59800.0,57537.0,58175.0,29755.0,20106.0,79.0975,91.6,16.61,,
2022-07-05,52339.0,52218.0,58013.0,58123.0,1807.05,1808.4,19.86,1801.5,19.67,46637.0,993.0,105.14,2.8803,7.374,79.0975,1.0475,52050.0,52300.0,52000.0,52122.0,4385.0,10967.0,58400.0,58626.0,58122.0,58488.0,8309.0,19764.0,79.0975,91.6,16.61,,
2022-07-06,52411.0,52304.0,58661.0,58153.0,1804.4,1772.0,19.84,1763.9,19.12,46637.0,993.0,106.54,2.8054,7.391,79.49,1.0315,52199.0,52279.0,51250.0,51302.0,7773.0,10222.0,58798.0,58978.0,56750.0,56865.0,19003.0,22477.0,79.49,92.25,17.73,,
2022-07-07,51581.0,51298.0,56081.0,56449.0,1766.65,1754.3,19.22,1736.5,19.16,46637.0,993.0,107.1,2.928,7.294,79.1975,1.0216,51382.0,51520.0,50450.0,50500.0,8879.0,9819.0,56900.0,57278.0,56100.0,56726.0,18992.0,21897.0,79.1975,90.64,17.62,,
2022-07-08,50871.0,50883.0,56583.0,56881.0,1743.45,1747.95,19.43,1739.7,19.19,46637.0,993.0,107.13,2.9945,7.354,79.285,1.0213,50661.0,50830.0,50562.0,50621.0,4894.0,9561.0,56900.0,57433.0,56850.0,56939.0,13405.0,21348.0,79.285,90.67,16.93,,
2022-07-11,50877.0,50853.0,56526.0,56427.0,1737.05,1738.2,19.2,1742.3,19.24,26806.0,-8309.0,107.01,3.0803,7.418,79.405,1.0156,50670.0,50973.0,50366.0,50779.0,5555.0,9153.0,56851.0,57389.0,56461.0,57131.0,13210.0,20832.0,79.405,90.57,16.63,,
2022-07-12,50924.0,50877.0,56466.0,56745.0,1737.4,1740.0,19.21,1731.7,19.13,26806.0,-8309.0,108.02,2.9928,7.427,79.5825,1.013,50709.0,50869.0,50616.0,50644.0,3271.0,8866.0,57069.0,57289.0,56879.0,56925.0,9888.0,21240.0,79.5825,90.51,16.64,,
2022-07-13,50770.0,50878.0,56046.0,56097.0,1734.35,1730.7,18.87,1724.8,18.96,26806.0,-8309.0,108.07,2.9687,7.394,79.685,1.0078,50680.0,50794.0,50438.0,50457.0,5627.0,8506.0,56777.0,56780.0,56020.0,56466.0,17061.0,22029.0,79.685,90.98,18.0,,
2022-07-14,50656.0,50800.0,55888.0,56074.0,1728.9,1724.6,18.96,1735.5,19.19,26806.0,-8309.0,107.96,2.9336,7.339,79.7175,1.0074,50431.0,50946.0,50160.0,50802.0,7583.0,8008.0,56475.0,57374.0,56302.0,57127.0,18119.0,20560.0,79.7175,90.42,18.02,,
2022-07-15,50804.0,50565.0,56317.0,55685.0,1716.15,1700.7,18.76,1705.8,18.23,26806.0,-8309.0,108.54,2.9595,7.384,80.105,1.0025,50725.0,50729.0,50067.0,50228.0,7111.0,7593.0,56950.0,56988.0,54506.0,55035.0,33043.0,25084.0,80.105,93.6,17.81,,
2022-07-18,50386.0,50403.0,54560.0,54767.0,1702.55,1706.15,18.46,1703.6,18.59,2748.0,-9942.0,108.06,2.9152,7.438,79.9275,1.0065,50262.0,50280.0,49957.0,50107.0,6191.0,6820.0,55174.0,55800.0,54533.0,55587.0,18538.0,22312.0,79.9275,91.62,17.46,,
2022-07-19,50629.0,50667.0,54574.0,55614.0,1723.65,1719.05,18.88,1710.2,18.84,2748.0,-9942.0,107.37,2.9855,7.437,80.0475,1.0164,50150.0,50620.0,50150.0,50361.0,5352.0,6168.0,56120.0,56370.0,55866.0,56091.0,11615.0,21269.0,80.0475,90.77,16.67,,
2022-07-20,50493.0,50678.0,55204.0,55563.0,1712.95,1713.05,18.9,1728.1,18.71,2748.0,-9942.0,106.68,3.0209,7.434,80.0275,1.027,50300.0,50489.0,50211.0,50320.0,4608.0,5898.0,55681.0,56000.0,55501.0,55727.0,9802.0,21843.0,80.0275,92.35,16.58,,
2022-07-21,50477.0,50553.0,55230.0,55367.0,1712.65,1709.3,18.78,1717.7,18.67,2748.0,-9942.0,107.08,3.0265,7.448,80.0925,1.0206,50275.0,50465.0,50191.0,50225.0,4973.0,5560.0,55849.0,56280.0,55550.0,55619.0,13729.0,22048.0,80.0925,92.01,17.2,,
2022-07-22,50182.0,49972.0,54737.0,53907.0,1686.55,1705.1,18.27,1731.3,18.72,2748.0,-9942.0,106.91,2.8747,7.441,79.9325,1.0185,50000.0,50480.0,49703.0,50375.0,7868.0,5075.0,55450.0,55499.0,54151.0,55411.0,26441.0,22117.0,79.9325,92.49,17.97,,
2022-07-25,50677.0,50816.0,55085.0,55009.0,1725.0,1736.95,18.81,1745.3,18.62,-9721.0,-13489.0,106.73,2.7504,7.415,79.9475,1.0171,50385.0,50870.0,50315.0,50644.0,5026.0,4752.0,55435.0,55755.0,55088.0,55131.0,13988.0,22767.0,79.9475,93.75,18.43,,
2022-07-26,50803.0,50911.0,54402.0,54727.0,1731.95,1718.9,18.76,1737.1,18.33,-9721.0,-13489.0,106.48,2.7959,7.391,79.81,1.0249,50673.0,50793.0,50446.0,50536.0,4706.0,3808.0,54976.0,55180.0,54160.0,54407.0,15416.0,24481.0,79.81,94.78,17.96,,
2022-07-27,50822.0,50760.0,54106.0,54155.0,1719.85,1720.05,18.54,1735.7,18.54,-9721.0,-13489.0,107.19,2.8068,7.367,79.795,1.0141,50598.0,50705.0,50465.0,50584.0,4806.0,2932.0,54610.0,54854.0,54320.0,54715.0,13321.0,23217.0,79.795,93.64,18.27,,
2022-07-28,50780.0,50842.0,54411.0,54840.0,1723.95,1714.05,18.77,1737.5,18.6,-9721.0,-13489.0,106.45,2.7849,7.339,80.135,1.0192,50568.0,50753.0,50505.0,50720.0,4913.0,1935.0,54605.0,55125.0,54331.0,54844.0,16055.0,22834.0,80.135,93.41,17.86,,
2022-07-29,51174.0,51222.0,55844.0,55972.0,1746.6,1753.5,19.33,1769.2,19.87,-9721.0,-13489.0,106.35,2.6759,7.332,79.895,1.0158,50760.0,51391.0,50760.0,51304.0,3699.0,935.0,55345.0,57734.0,55345.0,57619.0,31204.0,16407.0,79.895,89.05,18.35,,
2022-08-01,51623.0,51466.0,57912.0,57553.0,1758.9,1753.4,20.07,1781.8,20.2,-10474.0,-17493.0,105.9,2.6487,7.317,79.465,1.0248,51521.0,51694.0,51311.0,51626.0,4489.0,15635.0,57830.0,58435.0,57404.0,58370.0,18283.0,15461.0,79.465,88.22,18.07,,
2022-08-02,51405.0,51668.0,57912.0,58379.0,1766.75,1772.4,20.41,1787.7,20.36,-10474.0,-17493.0,105.45,2.5732,7.239,79.2775,1.027,51468.0,51715.0,51332.0,51517.0,6881.0,15732.0,58032.0,58835.0,57936.0,58326.0,13856.0,15514.0,79.2775,87.8,19.04,,
2022-08-03,51437.0,51549.0,57622.0,57904.0,1772.9,1779.75,20.34,1789.7,20.14,-10474.0,-17493.0,106.24,2.7483,7.195,78.83,1.026,51601.0,51739.0,51320.0,51382.0,7405.0,15573.0,58261.0,58438.0,57480.0,57586.0,20776.0,17327.0,78.83,88.87,18.95,,
2022-08-04,51486.0,51566.0,57057.0,57309.0,1766.6,1761.25,19.92,1776.4,19.89,-10474.0,-17493.0,106.51,2.7046,7.237,79.3675,1.0217,51319.0,51680.0,51275.0,51389.0,6000.0,15464.0,57472.0,57945.0,57170.0,57554.0,16024.0,17545.0,79.3675,89.29,19.59,,
2022-08-05,51815.0,52039.0,57598.0,58057.0,1777.9,1783.2,20.27,1806.9,20.12,-10474.0,-17493.0,105.69,2.6883,7.155,79.535,1.0195,51632.0,52191.0,51622.0,52165.0,8853.0,16063.0,57601.0,58500.0,57548.0,57982.0,19565.0,16591.0,79.535,89.8,20.41,,
2022-08-08,52140.0,52019.0,57838.0,57362.0,1786.75,1773.25,20.06,1791.2,19.84,27899.0,-8396.0,106.62,2.8268,7.301,79.375,1.0247,52525.0,52525.0,51669.0,51874.0,5925.0,15492.0,58161.0,58232.0,56609.0,57364.0,20717.0,17950.0,79.375,90.27,20.12,,
2022-08-09,,,,,,,,,,,,,,,,,,,,,,,,,,,,,,,,,
2022-08-10,51968.0,52184.0,57380.0,58106.0,1790.6,1795.25,20.6,1812.3,20.48,27899.0,-8396.0,106.37,2.7773,7.348,79.74,1.0207,52350.0,52600.0,52279.0,52489.0,2648.0,16474.0,59119.0,59312.0,58621.0,58791.0,7409.0,14840.0,79.74,88.48,20.03,,
2022-08-11,52297.0,52348.0,58291.0,58444.0,1793.5,1795.05,20.44,1813.7,20.74,27899.0,-8396.0,105.2,2.7809,7.309,79.6325,1.0254,52450.0,52620.0,52207.0,52241.0,5865.0,15953.0,58791.0,59355.0,58392.0,58960.0,13360.0,14549.0,79.6325,87.44,19.73,,
2022-08-12,52224.0,52460.0,58436.0,58700.0,1789.7,1796.7,20.54,1807.2,20.35,27899.0,-8396.0,105.09,2.8876,7.268,79.74,1.0338,52144.0,52520.0,52014.0,52336.0,4918.0,16135.0,58437.0,59045.0,58199.0,58377.0,13519.0,15512.0,79.74,88.81,19.16,,
2022-08-15,,,,,,,,,,,,,,,,,,,,,,,,,,,,,,,,,
2022-08-16,52481.0,52461.0,58490.0,58352.0,1781.45,1776.6,20.33,1798.1,20.41,52797.0,-6229.0,106.55,2.7878,7.289,79.815,1.0293,52382.0,52610.0,52263.0,52585.0,4565.0,16418.0,58498.0,59420.0,58308.0,59276.0,14664.0,13066.0,79.815,88.09,20.11,,
2022-08-17,52180.0,52061.0,57905.0,57721.0,1781.4,51857.0,20.1,1789.7,20.2,52797.0,-6229.0,106.5,2.8041,7.289,79.815,1.0293,52265.0,52265.0,51770.0,51837.0,6952.0,15196.0,58501.0,58501.0,57265.0,57665.0,16385.0,15103.0,79.815,88.58,20.68,,
2022-08-18,52147.0,52034.0,58005.0,57821.0,1773.65,1767.2,19.91,1776.7,19.85,52797.0,-6229.0,106.57,2.8968,7.186,79.5325,1.0176,51843.0,51965.0,51801.0,51830.0,1514.0,15329.0,57776.0,57990.0,57353.0,57373.0,3886.0,15277.0,79.55,89.53,20.16,,
2022-08-19,51974.0,52081.0,56650.0,57100.0,1765.6,1765.55,19.83,1771.2,19.57,52797.0,-6229.0,107.48,2.8822,7.241,79.675,1.0177,51644.0,51870.0,51565.0,51603.0,4432.0,14787.0,56655.0,57295.0,56385.0,56443.0,14757.0,16632.0,79.675,90.51,19.57,,
2022-08-22,51868.0,51802.0,56064.0,55881.0,1752.9,1750.75,19.23,1762.9,19.18,46236.0,-5766.0,108.17,2.9721,7.264,79.935,1.0062,51524.0,51671.0,51435.0,51479.0,3950.0,14436.0,56037.0,56205.0,55256.0,55496.0,12422.0,17599.0,79.935,91.93,19.42,,
2022-08-23,51550.0,51396.0,55166.0,55110.0,1732.8,1733.25,18.9,1748.4,18.98,46236.0,-5766.0,109.05,3.0146,7.266,79.88,1.0011,51409.0,51409.0,50971.0,51163.0,5089.0,14112.0,55237.0,55428.0,54470.0,54992.0,13496.0,17249.0,79.88,92.12,19.35,,
2022-08-24,51430.0,51421.0,54829.0,55000.0,1739.45,1746.55,18.99,1761.2,19.12,46236.0,-5766.0,108.62,3.0461,7.279,79.91,0.9936,51211.0,51520.0,51051.0,51417.0,5176.0,13949.0,54870.0,55565.0,54541.0,55207.0,14557.0,15734.0,79.91,92.11,18.79,,
2022-08-25,51578.0,51630.0,55166.0,55224.0,1752.0,1745.65,19.0,1761.5,18.97,46236.0,-5766.0,108.68,3.1039,7.286,79.9025,0.994,51350.0,51569.0,51290.0,51439.0,3791.0,13982.0,55079.0,55346.0,54847.0,54937.0,13015.0,14443.0,79.9025,92.84,18.56,,
2022-08-26,51958.0,52094.0,55785.0,55883.0,1762.4,1753.55,19.33,1771.4,19.16,46236.0,-5766.0,108.47,3.0258,7.293,79.9125,0.9994,51497.0,51846.0,51497.0,51702.0,5444.0,13815.0,55240.0,55740.0,55143.0,55389.0,12199.0,12962.0,79.9125,92.45,19.15,,
2022-08-29,51908.0,51668.0,55697.0,55607.0,1752.1,1751.25,19.22,1749.8,18.83,30326.0,-15634.0,108.8,3.0409,7.217,80.0825,1.0033,51636.0,51685.0,51120.0,51238.0,6791.0,13414.0,55450.0,55865.0,54645.0,54780.0,18667.0,10770.0,80.0825,92.95,18.8,,
2022-08-30,51231.0,51265.0,54205.0,54316.0,1752.1,1751.25,19.22,1749.7,18.67,30326.0,-15634.0,108.84,3.1024,7.251,80.1375,1.0,51100.0,51369.0,50830.0,51250.0,5727.0,13356.0,54230.0,54549.0,53644.0,54329.0,14267.0,5008.0,80.1375,93.72,18.04,,
2022-08-31,,,,,,,,,,,,,,,,,,,,,,,,,,,,,,,,,
2022-09-01,51325.0,51188.0,54365.0,54350.0,1712.4,1715.9,17.95,1726.2,17.88,30326.0,-15634.0,108.7,3.1926,7.19,79.7325,1.0056,50500.0,50661.0,50333.0,50414.0,3015.0,13008.0,54001.0,54001.0,52935.0,53151.0,10123.0,27802.0,79.7325,96.53,19.28,,
2022-09-02,50401.0,50409.0,51850.0,52022.0,1706.0,1694.3,17.77,1709.3,17.67,30326.0,-15634.0,109.69,3.2533,7.215,79.7725,1.0027,50202.0,50293.0,49876.0,50070.0,7255.0,12486.0,53000.0,53000.0,51857.0,52602.0,23306.0,28297.0,79.7725,96.76,19.74,,
2022-09-05,50470.0,50584.0,52382.0,52472.0,1706.9,1712.5,17.92,1722.6,17.88,20726.0,-21059.0,109.53,3.1894,7.232,80.0375,1.0004,50050.0,50587.0,50050.0,50368.0,4330.0,12120.0,52547.0,53666.0,52547.0,53022.0,18640.0,27661.0,80.0375,96.34,19.83,,
2022-09-06,50784.0,50770.0,53082.0,53363.0,1711.95,1710.95,18.23,1722.6,17.88,20726.0,-21059.0,109.53,3.1894,7.218,79.9625,0.9937,50410.0,50522.0,50404.0,50433.0,2944.0,11970.0,53177.0,53585.0,53123.0,53390.0,8637.0,27382.0,79.9625,96.34,19.83,,
2022-09-07,50865.0,50761.0,53627.0,53696.0,1712.5,1702.6,18.4,1712.9,17.91,20726.0,-21059.0,110.21,3.3492,7.178,79.9525,0.9954,50555.0,50693.0,50230.0,50281.0,4575.0,11659.0,54345.0,53101.0,53146.0,-244.0,27836.0,1.63,79.9525,95.65,19.72,,
2022-09-08,50422.0,50553.0,52816.0,53396.0,1705.05,1702.65,18.17,1727.8,18.26,20726.0,-21059.0,109.84,3.2635,7.184,80.0775,0.9912,50207.0,50535.0,50007.0,50506.0,5629.0,10910.0,52872.0,54099.0,52637.0,54027.0,16442.0,25960.0,80.0775,94.62,21.09,,
2022-09-09,50770.0,50902.0,54134.0,54320.0,1720.25,1709.35,18.63,1720.2,18.44,20726.0,-21059.0,109.71,3.317,7.079,79.815,1.0027,50470.0,50743.0,50201.0,50356.0,5424.0,10604.0,54165.0,54761.0,53856.0,54281.0,17956.0,25954.0,79.815,93.28,20.59,,
2022-09-12,50779.0,50877.0,54639.0,54700.0,1726.95,1713.4,18.77,1728.6,18.77,1217.0,-24632.0,109.0,3.3097,7.113,79.7,1.007,50386.0,50739.0,50350.0,50529.0,5419.0,9917.0,54693.0,55192.0,54412.0,55050.0,17811.0,24451.0,79.7,92.11,19.92,,
2022-09-13,50658.0,50863.0,55076.0,55937.0,1726.5,1726.4,19.22,1740.6,19.86,1217.0,-24632.0,108.33,3.3578,7.136,79.625,1.0142,50505.0,50780.0,50378.0,50631.0,7043.0,9643.0,55140.0,58350.0,55059.0,57491.0,39604.0,17436.0,79.625,87.64,19.83,,
2022-09-14,50566.0,50676.0,56776.0,57270.0,1727.05,1704.85,19.93,1717.4,19.49,1217.0,-24632.0,109.82,3.408,7.078,79.255,1.0189,50525.0,50573.0,49972.0,50138.0,9983.0,9882.0,57099.0,57649.0,56543.0,56811.0,27550.0,18432.0,79.255,88.11,19.67,,
2022-09-15,50296.0,50300.0,56055.0,56350.0,1703.8,1703.9,19.51,1709.1,19.57,1217.0,-24632.0,109.66,3.4043,7.123,79.6,1.0013,50069.0,50148.0,50000.0,50018.0,5420.0,9874.0,56475.0,57235.0,56314.0,56986.0,15519.0,17986.0,79.6,87.34,19.32,,
2022-09-16,49918.0,49926.0,56256.0,56330.0,1689.0,1689.1,19.37,1677.3,19.27,1217.0,-24632.0,109.74,3.4489,7.2,79.8625,0.9991,49942.0,49942.0,49170.0,49312.0,8698.0,10238.0,56890.0,57210.0,56138.0,56417.0,20182.0,18884.0,79.8625,87.05,19.71,,
2022-09-19,49374.0,49341.0,55570.0,55144.0,1664.3,1664.65,19.0,1683.5,19.38,-10132.0,-7459.0,109.76,3.4494,7.231,79.82,0.9966,49220.0,49504.0,48951.0,49380.0,7551.0,9395.0,56295.0,57000.0,55331.0,56720.0,23255.0,17752.0,79.82,86.86,19.78,,
2022-09-20,49328.0,49320.0,56350.0,56354.0,1664.3,1664.65,19.0,1678.2,19.36,-10132.0,-7459.0,109.74,3.4905,7.236,79.8225,1.0002,49257.0,49410.0,49044.0,49302.0,5380.0,8873.0,56864.0,57043.0,56435.0,56684.0,13983.0,18107.0,79.8225,86.69,19.58,,
2022-09-21,49460.0,49368.0,56450.0,56354.0,1667.9,1664.15,19.32,1671.1,19.18,-10132.0,-7459.0,110.22,3.563,7.264,79.7725,1.0016,49400.0,49457.0,49100.0,49175.0,4399.0,8787.0,57002.0,57138.0,56105.0,56343.0,15283.0,19554.0,79.7725,87.11,19.91,,
2022-09-22,49578.0,49606.0,56318.0,56667.0,1674.45,1671.75,19.51,1675.7,19.48,-10132.0,-7459.0,110.64,3.5299,7.234,80.005,0.9926,49189.0,49569.0,49114.0,49443.0,5546.0,7688.0,56578.0,57733.0,56481.0,57298.0,21742.0,16451.0,80.005,86.02,20.2,,
2022-09-23,49654.0,49894.0,56450.0,56343.0,1671.85,1671.85,19.59,1681.1,19.62,-10132.0,-7459.0,111.35,3.7138,7.312,80.9425,0.988,49314.0,50175.0,49314.0,50000.0,8732.0,6673.0,56961.0,58497.0,56961.0,58027.0,22870.0,15671.0,80.9425,85.7,20.14,,
2022-09-26,50078.0,49432.0,57622.0,56100.0,1661.45,1643.55,19.0,1655.6,18.91,-32966.0,-7095.0,113.19,3.6846,7.393,81.115,0.9765,50005.0,50057.0,49250.0,49401.0,8074.0,5937.0,58050.0,58250.0,56023.0,56233.0,25736.0,18788.0,81.115,87.55,21.03,,
2022-09-27,49492.0,49590.0,55084.0,55374.0,1647.0,1643.35,18.64,1633.4,18.48,-32966.0,-7095.0,114.1,3.9244,7.359,81.6975,0.9636,49350.0,49688.0,49105.0,49150.0,7096.0,4740.0,55800.0,56811.0,55250.0,55352.0,21694.0,19606.0,81.6975,88.39,21.29,,
2022-09-28,49351.0,49529.0,55066.0,55391.0,1632.6,1634.3,18.68,1636.2,18.34,-32966.0,-7095.0,114.11,3.9451,7.292,81.57,0.9638,49190.0,49499.0,49082.0,49319.0,7051.0,2429.0,55577.0,56177.0,55209.0,55379.0,20989.0,20297.0,81.57,89.23,20.84,,
2022-09-29,49368.0,49505.0,54193.0,54524.0,1618.2,1652.15,18.26,1670.0,18.88,-32966.0,-7095.0,112.6,3.7312,7.334,82.2275,0.9583,49160.0,49890.0,48980.0,49750.0,4715.0,719.0,55200.0,56599.0,54355.0,56528.0,32623.0,18180.0,82.2275,88.45,20.33,,
2022-09-30,50010.0,50003.0,55445.0,55658.0,1646.6,1654.8,18.67,1668.6,18.71,-32966.0,-7095.0,112.25,3.7856,7.337,82.0175,0.9746,50062.0,50292.0,49881.0,50187.0,7017.0,17510.0,56037.0,56480.0,55700.0,56160.0,20217.0,19232.0,82.0175,89.17,20.54,,
2022-10-03,50362.0,50302.0,56039.0,56338.0,1672.75,1671.75,19.02,1672.0,19.04,-41300.0,-8087.0,112.12,3.8286,7.399,81.72,0.9778,50283.0,50565.0,50151.0,50194.0,6880.0,17531.0,56500.0,57346.0,56292.0,56858.0,27078.0,16696.0,81.72,87.82,21.03,,
2022-10-04,50391.0,50378.0,57268.0,57317.0,1660.8,1668.4,19.42,1702.0,20.59,-41300.0,-8087.0,111.75,3.6387,7.465,82.0075,0.9791,50300.0,51200.0,50286.0,51160.0,9769.0,17987.0,57162.0,60983.0,55280.0,60911.0,41624.0,12417.0,82.0075,82.67,20.35,,
2022-10-05,,,,,,,,,,,,,,,,,,,,,,,,,,,,,,,,,
2022-10-06,51169.0,51286.0,61144.0,61034.0,1712.15,1700.5,20.44,1720.8,20.54,-41300.0,-8087.0,111.21,3.7528,7.362,81.8075,0.9899,51573.0,51692.0,51362.0,51646.0,3497.0,18624.0,60390.0,60912.0,59408.0,60767.0,17765.0,11077.0,81.8075,83.76,19.61,,
2022-10-07,51792.0,51838.0,60894.0,60670.0,1716.0,1714.2,20.54,1720.8,20.66,-41300.0,-8087.0,112.26,3.8236,7.452,82.33,0.9897,51836.0,52093.0,51790.0,51972.0,7453.0,19120.0,61100.0,61675.0,60768.0,61346.0,16586.0,11180.0,82.33,83.29,19.46,,
2022-10-10,51908.0,51765.0,61154.0,60848.0,1711.5,1696.15,20.63,1709.3,20.26,4941.0,7159.0,112.8,3.8814,7.455,82.405,0.9811,51904.0,52120.0,51637.0,51960.0,7675.0,18741.0,61450.0,61940.0,60327.0,60785.0,21767.0,12249.0,82.405,84.39,18.45,,
2022-10-11,51317.0,51120.0,58774.0,58949.0,1680.05,1676.55,19.83,1675.2,19.62,4941.0,7159.0,113.14,3.8814,7.477,82.5825,0.971,51685.0,51685.0,50901.0,51023.0,10821.0,16996.0,60000.0,60000.0,58806.0,59102.0,21374.0,14628.0,82.5825,85.4,18.38,,
2022-10-12,50771.0,50736.0,57881.0,57614.0,1664.15,1664.7,19.4,1686.0,19.49,4941.0,7159.0,113.22,3.947,7.425,82.4075,0.9742,50915.0,51218.0,50710.0,51096.0,7869.0,16675.0,58800.0,58860.0,58019.0,58535.0,17381.0,15921.0,82.4075,86.52,18.87,,
2022-10-13,50731.0,50755.0,57186.0,57104.0,1672.3,1670.65,19.19,1677.5,18.94,4941.0,7159.0,113.32,3.8962,7.435,82.4325,0.9728,50814.0,51049.0,50762.0,50905.0,6023.0,16211.0,58000.0,58120.0,57156.0,57325.0,19584.0,18798.0,82.4325,88.58,19.22,,
2022-10-14,50774.0,50869.0,56750.0,57086.0,1676.4,1648.1,19.18,1677.0,18.92,4941.0,7159.0,113.32,3.9435,7.422,82.42,0.9748,50891.0,51160.0,50400.0,50884.0,11082.0,15652.0,57374.0,57977.0,56194.0,57140.0,25862.0,19492.0,82.42,88.65,18.82,,
2022-10-17,50763.0,50438.0,56710.0,56042.0,1655.15,1649.3,18.77,1648.9,18.07,1290.0,1123.0,113.31,4.0184,7.47,82.36,0.974,50794.0,50974.0,50174.0,50260.0,10508.0,14863.0,57226.0,57517.0,54911.0,55226.0,26627.0,24093.0,82.36,91.25,19.26,,
2022-10-18,50315.0,50430.0,55452.0,55643.0,1658.0,1664.75,18.6,1664.0,18.72,1290.0,1123.0,112.04,4.0104,7.41,82.42,0.9757,50382.0,50747.0,50334.0,50473.0,6903.0,14658.0,55697.0,56869.0,55551.0,56307.0,17506.0,21173.0,82.42,88.89,19.47,,
2022-10-19,50339.0,50362.0,56105.0,56010.0,1652.25,1653.0,18.7,1655.8,18.6,1290.0,1123.0,112.13,4.0066,7.422,82.45,0.9835,50364.0,50545.0,50310.0,50414.0,6462.0,13928.0,56239.0,56820.0,55893.0,56354.0,14327.0,21156.0,82.45,89.02,19.99,,
2022-10-20,50135.0,50236.0,55765.0,55606.0,1640.7,1631.7,18.44,1634.2,18.36,1290.0,1123.0,112.98,4.1335,7.449,83.15,0.9776,50397.0,50480.0,50069.0,50199.0,7781.0,13579.0,56400.0,56487.0,55910.0,56014.0,11198.0,21913.0,83.15,89.01,19.1,,
2022-10-21,50247.0,50228.0,55778.0,56267.0,1633.2,1635.3,18.79,1636.8,18.69,1290.0,1123.0,112.88,4.2283,7.477,82.775,0.9818,50100.0,50410.0,50065.0,50143.0,7141.0,13171.0,55614.0,57240.0,55604.0,56653.0,21105.0,20229.0,82.775,87.58,19.37,,
2022-10-24,,,,,,,,,,,,,,,,,,,,,,,,,,,,,,,,,
2022-10-25,49855.0,50062.0,55800.0,55555.0,1646.35,1649.15,19.22,1654.1,19.19,-20633.0,-7599.0,111.99,4.2424,7.511,82.8325,0.9839,50700.0,50700.0,50517.0,50580.0,1038.0,11589.0,57700.0,58060.0,57520.0,57748.0,3220.0,17835.0,82.8325,86.2,19.56,,
2022-10-26,,,,,,,,,,,,,,,,,,,,,,,,,,,,,,,,,
2022-10-27,0.0,50751.0,0.0,57851.0,1646.35,1649.15,19.22,1654.1,19.19,-20633.0,-7599.0,111.99,4.2424,7.511,82.8325,0.9839,50700.0,50700.0,50517.0,50580.0,1038.0,11589.0,57700.0,58060.0,57520.0,57748.0,3220.0,17835.0,82.8325,86.2,19.56,,
2022-10-28,50791.0,50779.0,57966.0,57640.0,1663.3,1659.75,19.37,1665.6,19.49,-20633.0,-7599.0,110.59,3.9187,7.412,82.655,1.0061,50715.0,50875.0,50576.0,50737.0,6279.0,11034.0,58033.0,58520.0,57793.0,58278.0,19254.0,16544.0,82.655,85.44,18.7,,
2022-10-31,50654.0,50502.0,57800.0,57419.0,1649.25,1648.05,19.23,1644.8,19.15,-33134.0,-6062.0,110.75,4.0123,7.416,82.655,0.9973,50765.0,50795.0,50165.0,50230.0,7889.0,11090.0,58389.0,58464.0,57049.0,57480.0,21724.0,18334.0,82.655,85.9,18.71,,
2022-11-01,50301.0,50480.0,57042.0,57350.0,1638.85,1639.0,19.17,1640.7,19.12,-33134.0,-6062.0,111.53,4.0478,7.445,82.9875,0.9948,50266.0,50447.0,50161.0,50322.0,4804.0,10603.0,57307.0,57840.0,57097.0,57678.0,15437.0,17610.0,82.9875,85.82,18.96,,
2022-11-02,50462.0,50691.0,58200.0,59048.0,1652.55,1645.25,20.0,1649.7,19.67,-33134.0,-6062.0,111.48,4.0419,7.399,82.865,0.9948,50351.0,50698.0,50277.0,50502.0,7223.0,9784.0,57960.0,59589.0,57960.0,58846.0,31548.0,14660.0,82.865,83.88,18.67,,
2022-11-03,50690.0,50824.0,58532.0,58627.0,1656.45,1649.55,19.78,1650.0,19.59,-33134.0,-6062.0,111.35,4.1005,7.404,82.9325,0.9913,50560.0,50833.0,50535.0,50606.0,5832.0,9182.0,58999.0,59350.0,58630.0,58790.0,14059.0,14802.0,82.9325,84.21,18.33,,
2022-11-04,50401.0,50114.0,57673.0,57049.0,1620.65,1628.75,18.92,1630.9,19.43,-33134.0,-6062.0,112.93,4.1469,7.481,83.0325,0.9765,50500.0,50500.0,50000.0,50184.0,10453.0,11019.0,58441.0,58441.0,57049.0,58326.0,33292.0,15452.0,83.0325,83.94,18.5,,
2022-11-07,,,,,,,,,,,,,,,,,,,,,,,,,,,,,,,,,
2022-11-08,,,,,,,,,,,,,,,,,,,,,,,,,,,,,,,,,
2022-11-09,50960.0,50958.0,60019.0,60245.0,1670.8,1678.65,20.75,1716.0,21.5,-38878.0,-3468.0,109.64,4.1234,7.434,82.06,0.9999,50710.0,51212.0,50606.0,51177.0,2697.0,8381.0,60511.0,61828.0,60363.0,61736.0,9020.0,16227.0,82.06,79.81,19.3,,
2022-11-10,51502.0,51514.0,61389.0,61550.0,1705.15,1715.25,21.32,1713.7,21.33,-38878.0,-3468.0,110.55,4.0923,7.387,81.61,1.0068,51450.0,51725.0,51315.0,51506.0,6326.0,7639.0,61766.0,62214.0,61215.0,61561.0,20771.0,15863.0,81.61,80.35,19.97,,
2022-11-11,51619.0,51514.0,61248.0,61200.0,1705.65,1744.75,21.09,1753.7,21.7,-38878.0,-3468.0,108.21,3.8125,7.349,81.8575,0.996,51541.0,52210.0,51481.0,52109.0,7832.0,8035.0,61360.0,62778.0,61136.0,61911.0,22145.0,15493.0,81.8575,80.81,20.28,,
2022-11-14,52277.0,52281.0,62200.0,61354.0,1764.75,1759.35,21.48,1769.4,21.67,-38878.0,-3468.0,106.29,3.8125,7.308,80.8975,1.0272,52050.0,52534.0,52050.0,52334.0,6155.0,7459.0,62005.0,62766.0,61160.0,61571.0,22606.0,14712.0,80.8975,81.66,19.89,,
2022-11-15,52560.0,52430.0,61500.0,61583.0,1757.35,1768.9,21.47,1776.9,22.11,-8219.0,12493.0,106.66,3.8536,7.287,81.3225,1.0291,52318.0,52786.0,52300.0,52718.0,5636.0,7185.0,61619.0,62569.0,61466.0,62470.0,19095.0,15799.0,81.3225,80.36,20.69,,
2022-11-16,52877.0,52823.0,62467.0,62270.0,1775.1,1771.35,21.94,1776.8,21.52,-8219.0,12493.0,106.4,3.7696,7.262,81.0575,1.0429,52743.0,53051.0,52675.0,52745.0,6591.0,6764.0,62550.0,63045.0,61500.0,61590.0,22409.0,13605.0,81.0575,82.57,20.44,,
2022-11-17,52952.0,53094.0,61784.0,62594.0,1783.2,1773.0,21.95,1775.8,21.73,-8219.0,12493.0,106.28,3.6899,7.272,81.335,1.0428,52992.0,53200.0,52942.0,53062.0,5883.0,6454.0,61800.0,62950.0,61727.0,61997.0,22257.0,13865.0,81.335,81.74,20.75,,
2022-11-18,52893.0,52894.0,61300.0,61253.0,1764.55,1758.6,21.08,1777.8,21.16,-8219.0,12493.0,106.69,3.7657,7.281,81.6975,1.0342,52950.0,52993.0,52777.0,52843.0,5383.0,5913.0,61760.0,61810.0,60712.0,60978.0,22108.0,12502.0,81.6975,84.0,21.78,,
2022-11-21,52918.0,52953.0,61200.0,61320.0,1764.75,1751.6,21.1,1769.0,21.2,40726.0,15894.0,106.93,3.8288,7.307,81.73,1.0376,52843.0,52990.0,52547.0,52588.0,4828.0,5282.0,61262.0,61588.0,60551.0,60875.0,15930.0,11585.0,81.73,83.46,22.09,,
2022-11-22,52558.0,52406.0,60600.0,60442.0,1739.65,1740.4,20.64,1754.6,21.06,40726.0,15894.0,107.84,3.8269,7.32,81.775,1.0243,52508.0,52590.0,52136.0,52292.0,5397.0,4649.0,60580.0,60814.0,60164.0,60635.0,13972.0,11186.0,81.775,83.31,21.92,,
2022-11-23,52465.0,52513.0,61291.0,61551.0,1747.0,1742.95,21.27,1754.8,21.23,40726.0,15894.0,107.22,3.7559,7.287,81.695,1.0288,52475.0,52495.0,52237.0,52289.0,4456.0,4351.0,61134.0,61615.0,60865.0,60986.0,14146.0,10820.0,81.695,82.66,21.68,,
2022-11-24,52350.0,52418.0,61243.0,61700.0,1735.75,1740.15,21.27,1760.4,21.53,40726.0,15894.0,106.08,3.6927,7.291,81.94,1.0339,52349.0,52475.0,52068.0,52451.0,5004.0,4056.0,61125.0,61821.0,60855.0,61630.0,16950.0,10395.0,81.94,81.78,22.59,,
2022-11-25,52729.0,52713.0,62379.0,62266.0,1755.25,1755.4,21.56,1760.4,21.53,40726.0,15894.0,106.08,3.6927,7.257,81.6875,1.0386,52500.0,52748.0,52500.0,52671.0,3251.0,3909.0,62099.0,62460.0,61850.0,61993.0,8273.0,10153.0,81.6875,81.78,22.59,,
2022-11-28,52662.0,52660.0,61777.0,61829.0,1753.55,1751.85,21.34,1768.8,21.61,40726.0,15894.0,105.96,3.6776,7.301,81.665,1.0405,52665.0,52750.0,52405.0,52544.0,4168.0,3430.0,62027.0,62126.0,61270.0,61676.0,10475.0,8473.0,81.665,81.85,23.19,,
2022-11-29,52673.0,52852.0,61445.0,62110.0,1762.9,1746.55,21.48,1768.8,21.61,31919.0,12626.0,106.68,3.6812,7.273,81.705,1.0486,52421.0,52510.0,52410.0,52492.0,1530.0,2699.0,61429.0,61489.0,61180.0,61470.0,3362.0,7593.0,81.76,83.09,22.73,,
2022-11-30,52715.0,52775.0,61590.0,61685.0,1755.35,1752.7,21.37,1763.7,21.44,31919.0,12626.0,106.82,3.7441,7.279,81.8125,1.0393,52247.0,52564.0,52247.0,52497.0,388.0,935.0,61200.0,61560.0,61165.0,61400.0,1413.0,3334.0,81.8225,82.28,22.55,,
2022-12-01,52751.0,52777.0,61600.0,61900.0,1759.65,1753.5,21.56,1759.9,21.78,31919.0,12626.0,105.95,3.6054,7.28,81.5,1.0371,53057.0,53080.0,52990.0,53061.0,1394.0,15322.0,62880.0,63028.0,62725.0,62971.0,3425.0,14482.0,81.5625,80.8,21.85,,
2022-12-02,53120.0,53181.0,63683.0,63203.0,1779.6,1803.15,22.14,1815.2,22.84,31919.0,12626.0,104.73,3.5048,7.21,81.36,1.0446,53040.0,53488.0,53040.0,53409.0,2421.0,15656.0,64380.0,64981.0,64371.0,64450.0,7626.0,17883.0,81.3575,79.47,22.35,,
2022-12-05,53611.0,53656.0,64686.0,64434.0,1800.75,1784.75,22.61,1809.6,23.25,28009.0,14695.0,104.55,3.4862,7.221,81.43,1.054,53810.0,53968.0,53555.0,53850.0,5502.0,16511.0,65379.0,66750.0,65040.0,66449.0,24212.0,20753.0,81.43,77.83,22.63,,
2022-12-06,53972.0,53854.0,64434.0,65764.0,1794.35,1776.8,22.99,1781.3,22.42,28009.0,14695.0,105.29,3.5736,7.225,81.9575,1.055,53949.0,54228.0,53461.0,53505.0,5630.0,15851.0,67022.0,67394.0,65070.0,65186.0,21093.0,17660.0,81.9575,79.46,23.15,,
2022-12-07,53461.0,53629.0,64538.0,64648.0,1773.35,1773.8,22.54,1782.4,22.34,28009.0,14695.0,105.58,3.5314,7.247,82.5225,1.051,53561.0,53935.0,53513.0,53760.0,4655.0,16002.0,65552.0,66110.0,65228.0,65414.0,15361.0,17673.0,82.5225,79.8,24.01,,
2022-12-08,53594.0,53583.0,64479.0,64718.0,1771.85,1782.2,22.39,1798.0,22.92,28009.0,14695.0,105.1,3.4169,7.271,82.53,1.0506,53810.0,54033.0,53701.0,53987.0,4270.0,16075.0,65500.0,66405.0,65411.0,66267.0,14804.0,19106.0,82.53,78.44,24.97,,
2022-12-09,53792.0,53780.0,65025.0,65358.0,1782.45,1790.15,22.7,1801.5,23.25,28009.0,14695.0,104.77,3.4819,7.288,82.495,1.0513,53999.0,54201.0,53937.0,54051.0,3479.0,15845.0,66143.0,67299.0,66012.0,67034.0,12977.0,20160.0,82.495,77.5,25.21,,
2022-12-12,53914.0,53937.0,66315.0,66131.0,1793.0,1796.15,23.11,1810.7,23.72,37618.0,14657.0,104.81,3.5783,7.298,82.3675,1.057,54262.0,54400.0,54030.0,54295.0,4343.0,15752.0,67362.0,68270.0,66892.0,68038.0,18339.0,21269.0,82.3675,76.35,25.5,,
2022-12-13,53898.0,53908.0,66770.0,67022.0,1790.6,1786.6,23.39,1792.3,23.4,37618.0,14657.0,105.13,3.6113,7.291,82.6,1.0568,54109.0,54294.0,54061.0,54132.0,4273.0,15521.0,67490.0,68334.0,67482.0,67786.0,12004.0,20606.0,82.6,76.58,24.5,,
2022-12-14,53864.0,54030.0,67040.0,67161.0,1785.15,1823.55,23.4,1825.5,23.99,37618.0,14657.0,103.98,3.5012,7.266,82.905,1.0546,54132.0,55047.0,54132.0,54743.0,6174.0,15993.0,68085.0,69575.0,67989.0,68775.0,22085.0,21339.0,82.905,76.09,24.21,,
2022-12-15,54462.0,54386.0,67976.0,67642.0,1808.2,1808.05,23.61,1818.7,24.14,37618.0,14657.0,103.77,3.4774,7.223,82.5475,1.0656,54770.0,54890.0,54580.0,54674.0,3851.0,15761.0,68866.0,69390.0,68725.0,69302.0,11594.0,21841.0,82.5475,75.35,23.53,,
2022-12-16,54046.0,53894.0,66846.0,66568.0,1775.95,1783.55,23.17,1787.8,23.31,37618.0,14657.0,104.56,3.4463,7.265,82.79,1.0622,54481.0,54481.0,53882.0,54107.0,6784.0,14982.0,68210.0,68327.0,67412.0,67818.0,23772.0,19754.0,82.5475,76.71,23.49,,
2022-12-19,53885.0,53998.0,66307.0,66307.0,1780.15,1792.55,22.83,1800.2,23.33,56554.0,22034.0,104.7,3.4822,7.278,82.8,1.0633,54157.0,54414.0,54005.0,54300.0,4985.0,15073.0,67673.0,67859.0,66736.0,67650.0,21703.0,19637.0,82.8,77.17,24.23,,
2022-12-20,54126.0,54248.0,66495.0,66898.0,1796.5,1790.8,23.24,1797.7,23.2,56554.0,22034.0,104.72,3.5846,7.297,82.71,1.0621,54354.0,54490.0,54182.0,54260.0,4046.0,14744.0,67849.0,68267.0,67159.0,67512.0,15813.0,19157.0,82.71,77.49,23.91,,
2022-12-21,54180.0,54505.0,66444.0,67849.0,1806.35,1813.9,23.74,1825.4,24.27,56554.0,22034.0,103.97,3.6825,7.3,82.795,1.0627,54429.0,54995.0,54350.0,54898.0,8122.0,15064.0,67776.0,69775.0,67358.0,69642.0,27269.0,22827.0,82.795,75.21,23.95,,
2022-12-22,54704.0,54700.0,68471.0,68177.0,1813.5,1817.55,23.89,1825.4,24.19,56554.0,22034.0,104.16,3.662,7.287,82.8175,1.0617,54900.0,55220.0,54863.0,55071.0,4250.0,15038.0,69592.0,70062.0,69330.0,69709.0,13691.0,23033.0,82.8175,75.45,23.32,,
2022-12-23,54763.0,54699.0,68229.0,67605.0,1815.2,1800.7,23.74,1795.3,23.62,56554.0,22034.0,104.43,3.6786,7.312,82.785,1.0626,55069.0,55117.0,54445.0,54521.0,5737.0,14153.0,69758.0,69840.0,68443.0,68520.0,17031.0,21035.0,82.785,76.0,23.17,,
2022-12-26,54284.0,54336.0,67416.0,67822.0,1797.4,,23.74,1804.2,23.92,58452.0,29995.0,104.31,3.7472,7.319,82.85,1.0622,54517.0,54745.0,54441.0,54574.0,3383.0,13769.0,68821.0,69277.0,68657.0,69033.0,11650.0,21900.0,82.85,75.43,22.68,,
2022-12-27,54476.0,54386.0,67706.0,67753.0,,,,1804.2,23.92,58452.0,29995.0,104.31,3.7472,7.321,82.6925,1.0647,54525.0,54748.0,54520.0,54677.0,2128.0,13712.0,68201.0,69247.0,68201.0,69075.0,3684.0,22102.0,82.6925,75.43,22.68,,
2022-12-28,54550.0,54639.0,68470.0,68768.0,,,,1823.1,24.22,58452.0,29995.0,104.18,3.8411,7.308,82.8575,1.0673,54764.0,55365.0,54692.0,54997.0,5264.0,13949.0,69279.0,70335.0,69238.0,69801.0,17582.0,22613.0,82.8575,75.28,22.92,,
2022-12-29,54687.0,54571.0,68256.0,67848.0,1802.65,1803.35,23.86,1815.8,23.84,58452.0,29995.0,104.46,3.8827,7.314,82.9825,1.0658,54923.0,54950.0,54530.0,54761.0,4116.0,13582.0,69659.0,69860.0,68629.0,69013.0,17137.0,20678.0,82.9825,76.17,23.0,,
2022-12-30,,,,,,,,,,,,,,,,,,,,,,,,,,,,,,,,,
2023-01-02,54935.0,54867.0,68520.0,68092.0,1812.35,,23.95,1826.2,24.04,67332.0,30187.0,103.52,3.8748,7.325,82.84,1.0693,54975.0,55125.0,54860.0,55017.0,4363.0,13921.0,69604.0,70000.0,68710.0,69413.0,21860.0,21172.0,82.84,75.97,22.75,,
2023-01-03,55113.0,55163.0,68092.0,68349.0,,,,1826.2,24.04,67332.0,30187.0,103.52,3.8748,7.34,82.93,1.0701,55052.0,55200.0,55040.0,55178.0,1606.0,13850.0,69503.0,69680.0,69433.0,69571.0,3784.0,21424.0,82.93,75.97,22.75,,
2023-01-04,55702.0,55581.0,69659.0,69227.0,1835.05,1843.25,24.3,1846.1,24.24,67332.0,30187.0,104.52,3.7389,7.32,83.1175,1.0542,55280.0,55800.0,55280.0,55530.0,5420.0,13763.0,69850.0,71120.0,69850.0,69917.0,19538.0,21493.0,83.1175,76.17,24.0,,
2023-01-05,55905.0,56142.0,68880.0,69371.0,1857.55,1857.3,24.29,1859.0,23.96,67332.0,30187.0,104.25,3.6827,7.321,82.9225,1.0629,55620.0,56010.0,55620.0,55767.0,6968.0,14060.0,70076.0,70784.0,69117.0,69318.0,19210.0,21025.0,82.9225,77.57,25.52,,
2023-01-06,55957.0,55796.0,68200.0,67678.0,1850.25,1834.0,23.41,1840.6,23.42,67332.0,30187.0,105.04,3.7181,7.327,82.56,1.0623,55794.0,55920.0,55051.0,55290.0,6417.0,12941.0,69330.0,69409.0,67830.0,68078.0,22085.0,19563.0,82.56,78.58,24.98,,
2023-01-09,55584.0,55587.0,67591.0,67888.0,1834.5,1852.2,23.46,1869.7,23.98,72805.0,29385.0,103.88,3.558,7.374,82.775,1.0521,55382.0,55790.0,55291.0,55743.0,5063.0,12963.0,68389.0,69289.0,68242.0,69155.0,15014.0,20266.0,82.56,77.96,25.34,,
2023-01-10,56336.0,56259.0,69074.0,68791.0,1873.8,1878.85,23.85,1877.8,23.87,72805.0,29385.0,103.0,3.5321,7.341,82.4525,1.0692,55800.0,56175.0,55800.0,55864.0,4571.0,13059.0,69500.0,69835.0,68789.0,68900.0,10113.0,19793.0,82.4525,78.66,25.16,,
2023-01-11,56148.0,55974.0,67964.0,67629.0,1875.2,1878.65,23.52,1876.5,23.67,72805.0,29385.0,103.24,3.6188,7.313,81.83,1.0758,55920.0,55950.0,55640.0,55712.0,3759.0,12437.0,68671.0,68694.0,68081.0,68363.0,11216.0,19141.0,81.83,79.29,24.98,,
2023-01-12,56084.0,56115.0,68304.0,68363.0,1884.25,1872.35,23.87,1878.9,23.48,72805.0,29385.0,103.19,3.5392,7.292,81.7075,1.0758,55819.0,55930.0,55522.0,55693.0,5191.0,12033.0,68501.0,69224.0,67631.0,67973.0,16175.0,18563.0,81.7075,80.02,24.27,,
2023-01-13,56110.0,56097.0,68025.0,67963.0,1883.1,1882.55,23.7,1898.8,24.0,72805.0,29385.0,102.25,3.44,7.286,81.625,1.0771,55792.0,55990.0,55610.0,55875.0,5521.0,12013.0,68349.0,69267.0,68024.0,68643.0,17987.0,19043.0,81.625,79.1,24.22,,
2023-01-16,56254.0,56462.0,67848.0,68115.0,1904.05,1907.15,23.68,1921.7,24.37,82574.0,24610.0,102.2,3.5035,7.3,81.4575,1.0823,55915.0,56370.0,55900.0,56324.0,5890.0,12595.0,68717.0,69460.0,68111.0,69427.0,17612.0,20541.0,81.4575,78.85,24.06,,
2023-01-17,56814.0,56883.0,69236.0,69167.0,1915.1,1917.0,24.17,1921.7,24.37,82574.0,24610.0,102.2,3.5035,7.327,81.64,1.0833,56467.0,56562.0,56330.0,56482.0,3950.0,12280.0,69500.0,70077.0,69210.0,69786.0,9285.0,20850.0,81.64,78.85,24.06,,
2023-01-18,56825.0,56752.0,69049.0,68661.0,1904.95,1913.8,24.1,1909.9,24.07,82574.0,24610.0,102.39,3.5476,7.333,81.825,1.0823,56479.0,56521.0,56305.0,56352.0,4929.0,11409.0,69686.0,69849.0,69036.0,69186.0,11183.0,19862.0,81.825,79.35,23.82,,
2023-01-19,56605.0,56755.0,68661.0,68993.0,1911.55,1920.7,24.19,1907.0,23.65,82574.0,24610.0,102.36,3.3698,7.324,81.335,1.0844,56303.0,56550.0,56122.0,56286.0,5918.0,10672.0,69369.0,69767.0,68114.0,68227.0,19466.0,18457.0,81.335,80.64,23.99,,
2023-01-20,56642.0,56670.0,67264.0,67444.0,1907.5,1918.6,23.45,1923.9,23.87,82574.0,24610.0,102.06,3.3915,7.313,81.4375,1.0824,56305.0,56588.0,56245.0,56546.0,4721.0,10205.0,68015.0,68470.0,67425.0,68359.0,16716.0,17900.0,81.4375,80.6,23.95,,
2023-01-23,56990.0,57050.0,68509.0,68453.0,1928.75,1924.9,23.87,1944.9,23.94,82574.0,24610.0,102.01,3.4787,7.348,81.205,1.0841,56641.0,56850.0,56560.0,56658.0,4923.0,9574.0,68654.0,69144.0,68340.0,68547.0,13230.0,18075.0,81.205,81.26,23.82,,
2023-01-24,,,,,,,,,,,,,,,,,,,,,,,,,,,,,,,,,
2023-01-25,57362.0,57322.0,68006.0,68137.0,1936.5,1920.75,23.71,1952.2,23.75,93357.0,28042.0,101.92,3.4527,7.345,81.665,1.0868,56986.0,57125.0,56775.0,56969.0,6284.0,7467.0,68212.0,68700.0,67800.0,68542.0,20057.0,17361.0,81.665,82.2,24.36,,
2023-01-26,,,,,,,,,,,,,,,,,,,,,,,,,,,,,,,,,
2023-01-27,57138.0,57138.0,67947.0,67894.0,1936.45,1932.45,23.71,1946.7,24.02,93357.0,28042.0,101.84,3.4947,7.349,81.615,1.0866,56940.0,57021.0,56702.0,56962.0,5172.0,4818.0,68497.0,68745.0,67943.0,68676.0,16434.0,18375.0,81.615,81.04,24.03,,
2023-01-30,57062.0,57189.0,68350.0,68192.0,1928.25,1923.05,23.73,1945.6,23.62,106631.0,20923.0,101.93,3.5035,7.387,81.6725,1.0898,56760.0,56985.0,56640.0,56857.0,6946.0,1892.0,68589.0,68926.0,67976.0,68329.0,14721.0,17442.0,81.6725,82.36,24.42,,
2023-01-31,57288.0,57079.0,68334.0,68149.0,1926.75,1924.1,23.64,1939.2,23.73,106631.0,20923.0,102.28,3.5366,7.399,81.6275,1.0914,56900.0,57149.0,56720.0,56782.0,2096.0,387.0,68438.0,68810.0,68360.0,68589.0,11054.0,18433.0,81.6275,81.71,24.89,,
2023-02-01,57041.0,56865.0,67949.0,67671.0,1905.2,1923.9,23.0,1945.3,23.84,106631.0,20923.0,102.1,3.5069,7.344,82.0175,1.0841,57150.0,57200.0,56627.0,57190.0,7255.0,19405.0,68604.0,68890.0,67613.0,68829.0,21362.0,18177.0,82.0175,81.61,24.66,,
2023-02-02,57426.0,57910.0,68794.0,69445.0,1925.6,1925.9,23.5,1942.8,23.61,106631.0,20923.0,101.22,3.4166,7.276,81.9975,1.0905,57150.0,57950.0,57094.0,57885.0,11170.0,20193.0,68754.0,70152.0,68613.0,69841.0,25181.0,20314.0,81.9975,82.29,25.43,,
2023-02-03,58689.0,58882.0,71250.0,71576.0,1954.9,1921.65,24.44,1930.8,23.62,106631.0,20923.0,101.75,3.3927,7.294,82.2775,1.1,57939.0,58847.0,57625.0,57695.0,8677.0,19167.0,70000.0,72769.0,69970.0,70204.0,32573.0,18003.0,82.2775,81.76,25.45,,
2023-02-06,58013.0,57788.0,69745.0,69539.0,1910.0,1875.35,23.49,1876.6,22.41,106631.0,20923.0,102.92,3.5246,7.278,82.015,1.0937,57799.0,57900.0,56544.0,56585.0,10868.0,17179.0,70116.0,70557.0,67406.0,67576.0,32581.0,14359.0,82.015,83.76,25.57,,
2023-02-07,57432.0,57455.0,67599.0,67606.0,1873.5,1873.25,22.38,1879.5,22.24,106631.0,20923.0,103.62,3.6399,7.32,82.8375,1.077,56638.0,57195.0,56638.0,56955.0,5467.0,17210.0,67776.0,68185.0,67300.0,67399.0,13473.0,14352.0,82.8375,84.52,25.36,,
2023-02-08,57476.0,57365.0,67494.0,67134.0,1873.8,1870.7,22.21,1884.8,22.18,106631.0,20923.0,103.43,3.6735,7.311,82.815,1.0714,57000.0,57380.0,56950.0,57257.0,7130.0,16808.0,67635.0,67845.0,67152.0,67529.0,14249.0,14180.0,82.815,84.99,24.43,,
2023-02-09,57542.0,57538.0,67363.0,67516.0,1880.75,1872.65,22.45,1890.7,22.42,106631.0,20923.0,103.41,3.6098,7.344,82.635,1.0748,57220.0,57384.0,56986.0,57215.0,6034.0,16415.0,67677.0,67891.0,67213.0,67633.0,13026.0,14345.0,82.635,84.33,24.09,,
2023-02-10,57555.0,57597.0,67422.0,67483.0,1882.1,1879.1,22.47,1878.5,22.14,106631.0,20923.0,103.22,3.6579,7.344,82.61,1.0774,57238.0,57419.0,56750.0,56852.0,6617.0,15818.0,67619.0,67933.0,66780.0,67030.0,17972.0,14266.0,82.61,84.83,24.06,,
2023-02-13,56983.0,57038.0,66425.0,66740.0,1864.1,1859.7,22.12,1874.5,22.08,106631.0,20923.0,103.63,3.732,7.363,82.65,1.0703,56760.0,56865.0,56496.0,56741.0,8489.0,15184.0,66755.0,67169.0,66258.0,66664.0,15244.0,14104.0,82.65,84.92,23.51,,
2023-02-14,57076.0,57060.0,66307.0,66371.0,1858.5,1856.05,21.99,1863.5,21.85,106631.0,20923.0,103.35,3.7016,7.365,82.76,1.0686,56762.0,56920.0,56470.0,56497.0,4936.0,14625.0,66275.0,66625.0,66049.0,66144.0,13669.0,14363.0,82.76,85.28,23.25,,
2023-02-15,57025.0,57018.0,66387.0,65842.0,1860.5,1863.7,21.71,1865.4,21.87,106631.0,20923.0,103.23,3.7435,7.369,82.83,1.0763,56611.0,56999.0,56478.0,56750.0,9679.0,14204.0,66415.0,66674.0,65660.0,66251.0,22994.0,14087.0,82.83,85.28,23.59,,
2023-02-16,56770.0,56478.0,66055.0,65411.0,1835.45,1831.2,21.47,1845.3,21.57,106631.0,20923.0,103.92,3.8049,7.348,82.885,1.072,56666.0,56674.0,56078.0,56126.0,8238.0,13466.0,66086.0,66086.0,65150.0,65421.0,16993.0,14490.0,82.885,85.54,23.48,,
2023-02-17,56343.0,56428.0,65474.0,65389.0,1837.3,1828.95,21.57,1851.8,21.71,106631.0,20923.0,103.86,3.8608,7.32,82.72,1.0707,56225.0,56279.0,55910.0,56228.0,6835.0,13184.0,65651.0,65780.0,65007.0,65633.0,15919.0,14097.0,82.72,85.3,23.59,,
2023-02-20,56204.0,56175.0,65164.0,64500.0,1824.5,1833.95,21.22,1850.2,21.86,106631.0,20923.0,103.86,3.8148,7.371,82.8575,1.0639,55975.0,56287.0,55691.0,56257.0,7485.0,12450.0,65228.0,65682.0,64400.0,65631.0,21318.0,13695.0,82.8575,84.63,24.24,,
2023-02-21,56587.0,56601.0,65712.0,65760.0,1844.2,1845.8,21.71,1850.2,21.86,106631.0,20923.0,103.86,3.8148,7.354,82.7425,1.0696,56209.0,56345.0,56188.0,56213.0,3295.0,12310.0,65933.0,65950.0,65501.0,65749.0,7617.0,13696.0,82.7425,84.63,24.24,,
2023-02-22,56447.0,56384.0,65639.0,65770.0,1833.2,1836.85,21.78,1842.5,22.03,106631.0,20923.0,104.18,3.9525,7.363,82.825,1.0658,56191.0,56310.0,56003.0,56168.0,5384.0,12074.0,65628.0,66200.0,65390.0,66052.0,13255.0,13288.0,82.825,83.65,24.13,,
2023-02-23,56456.0,56496.0,65850.0,65986.0,1833.45,1835.75,21.86,1841.5,21.82,106631.0,20923.0,104.59,3.9156,7.403,82.9125,1.0641,56169.0,56395.0,56027.0,56083.0,4424.0,11871.0,65976.0,66133.0,65222.0,65438.0,11565.0,12584.0,82.9125,84.41,24.9,,
2023-02-24,56197.0,56080.0,65293.0,65182.0,1826.95,1826.05,21.52,1826.8,21.44,106631.0,20923.0,104.6,3.8768,7.368,82.74,1.0601,55954.0,56010.0,55511.0,55587.0,6623.0,11454.0,65511.0,65511.0,64310.0,64351.0,11975.0,10540.0,82.74,85.21,24.23,,
2023-02-27,56038.0,55957.0,64549.0,64331.0,1824.1,1810.95,21.09,1817.1,20.94,111540.0,24846.0,105.21,3.9432,7.388,82.89,1.0602,55707.0,55790.0,55380.0,55432.0,5411.0,11194.0,64389.0,64450.0,63201.0,63433.0,13929.0,6438.0,82.89,86.79,23.81,,
2023-02-28,55712.0,55666.0,63104.0,63446.0,1809.05,1818.65,20.73,1824.9,20.79,111540.0,24846.0,104.67,3.9141,7.422,82.925,1.0581,55397.0,55497.0,55290.0,55476.0,4261.0,11177.0,62725.0,63337.0,62550.0,62964.0,4753.0,3966.0,82.925,87.77,24.11,,
2023-03-01,,,,,,,,,,,,,,,,,,,,,,,,,,,,,,,,,
2023-03-02,56085.0,56140.0,64407.0,64246.0,1833.5,1841.25,21.0,1845.4,21.1,111540.0,24846.0,104.48,3.9925,7.394,82.615,1.0682,55760.0,56020.0,55627.0,55830.0,4575.0,11207.0,64740.0,65066.0,64404.0,64541.0,14135.0,13961.0,82.615,87.48,23.75,,
2023-03-03,56066.0,56087.0,63911.0,63706.0,1831.75,1836.2,20.8,1840.5,20.9,111540.0,24846.0,105.03,4.0556,7.416,82.705,1.0641,55777.0,55925.0,55705.0,55739.0,4549.0,10844.0,64446.0,64532.0,63884.0,64034.0,11394.0,15006.0,82.705,87.48,23.75,,
2023-03-06,56091.0,56103.0,64043.0,64139.0,1845.55,1841.15,21.09,1854.6,21.24,78839.0,6064.0,104.52,3.9517,7.397,82.0725,1.0625,55899.0,55899.0,55580.0,55721.0,4593.0,10377.0,64322.0,64645.0,63820.0,64401.0,11350.0,14173.0,82.0725,87.32,23.28,,
2023-03-07,,,,,,,,,,,,,,,,,,,,,,,,,,,,,,,,,
2023-03-08,56108.0,56089.0,64293.0,64266.0,1843.05,1826.55,20.91,1820.0,20.2,78839.0,6064.0,105.62,3.9637,7.406,82.025,1.0644,55700.0,55700.0,55000.0,55022.0,4559.0,9968.0,64357.0,65000.0,62138.0,62206.0,16832.0,17879.0,82.025,90.1,23.46,,
2023-03-09,55309.0,55245.0,61745.0,61883.0,1813.35,1816.3,20.11,1818.6,20.15,57353.0,5524.0,105.66,3.9913,7.436,82.1175,1.0555,54935.0,55112.0,54850.0,54911.0,4239.0,9754.0,61703.0,62242.0,61586.0,61817.0,14244.0,18118.0,82.1175,90.25,23.72,,
2023-03-10,55121.0,55286.0,61497.0,61793.0,1817.5,1831.4,20.12,1834.6,20.17,57353.0,5524.0,105.31,3.9032,7.426,82.0975,1.0591,54855.0,55401.0,54771.0,55301.0,5789.0,9385.0,61900.0,62390.0,61500.0,61984.0,11535.0,17725.0,82.0975,90.98,24.23,,
2023-03-13,55607.0,55669.0,61557.0,61791.0,1834.95,1861.25,20.09,1867.2,20.51,52457.0,5564.0,104.58,3.6987,7.417,82.1425,1.0609,55325.0,56190.0,55270.0,56150.0,7084.0,9440.0,61750.0,63629.0,61353.0,62890.0,23883.0,15345.0,82.1425,91.06,24.35,,
2023-03-14,56748.0,56968.0,63430.0,63666.0,1882.1,1911.3,21.1,1916.5,21.92,52457.0,5564.0,103.6,3.5732,7.357,82.225,1.0672,56667.0,57680.0,56353.0,57642.0,10611.0,9674.0,63623.0,66770.0,63348.0,66652.0,36713.0,13338.0,82.225,87.42,25.62,,
2023-03-15,57772.0,57605.0,66621.0,66176.0,1901.45,1907.55,21.64,1910.9,22.04,39908.0,-7093.0,103.6,3.6892,7.369,82.5225,1.0728,57483.0,57738.0,57231.0,57483.0,6119.0,9245.0,66411.0,67125.0,65890.0,66956.0,18951.0,13103.0,82.5225,86.7,26.79,,
2023-03-16,57501.0,57902.0,66364.0,66861.0,1906.0,1923.4,22.1,1931.3,21.88,39908.0,-7093.0,104.65,3.4548,7.342,82.8575,1.0625,57380.0,58661.0,57068.0,58336.0,10022.0,9312.0,66749.0,68720.0,66200.0,67299.0,25938.0,12568.0,82.8575,88.26,28.57,,
2023-03-17,58115.0,58341.0,66500.0,67311.0,1919.4,1922.75,22.01,1939.7,21.69,24106.0,-18205.0,104.42,3.577,7.335,82.85,1.0616,57955.0,58525.0,57845.0,58006.0,7272.0,8689.0,67080.0,67833.0,66210.0,66531.0,18572.0,11608.0,82.85,89.42,28.38,,
2023-03-20,58159.0,58220.0,66937.0,66773.0,1930.9,1962.1,21.89,1990.2,22.46,24106.0,-18205.0,103.71,3.4286,7.34,82.615,1.0639,58269.0,59461.0,58143.0,59383.0,7736.0,8926.0,67140.0,68710.0,67003.0,68501.0,19147.0,13417.0,82.615,88.6,29.82,,
2023-03-21,59671.0,59479.0,68250.0,68472.0,1981.95,1969.35,22.5,1999.7,22.65,24106.0,-18205.0,103.28,3.4847,7.325,82.62,1.07,59418.0,60455.0,59232.0,59506.0,9992.0,8557.0,67140.0,68710.0,67003.0,68501.0,19147.0,13417.0,82.62,88.3,29.56,,
2023-03-22,59487.0,59188.0,68409.0,68499.0,1965.95,1952.5,22.47,1958.3,22.43,85362.0,-3762.0,103.26,3.6094,7.334,82.675,1.0762,59594.0,59705.0,58534.0,58579.0,8269.0,7960.0,69008.0,69260.0,68127.0,68394.0,13875.0,12523.0,82.62,87.33,28.11,,
2023-03-23,58614.0,58637.0,68250.0,68221.0,1941.85,1949.35,22.35,1966.6,22.79,85362.0,-3762.0,102.35,3.4341,7.334,82.675,1.0762,58563.0,58810.0,58462.0,58756.0,5165.0,7736.0,68566.0,69498.0,68409.0,69309.0,13044.0,13028.0,82.675,86.31,27.74,,
2023-03-24,59192.0,59086.0,69368.0,69136.0,1977.55,1977.95,22.9,2013.3,23.26,85362.0,-3762.0,102.53,3.4266,7.327,82.2475,1.0872,59231.0,59618.0,58930.0,59565.0,8241.0,7125.0,69725.0,70262.0,69400.0,70212.0,15780.0,13911.0,82.2475,86.57,28.78,,
2023-03-27,59370.0,59653.0,69528.0,69756.0,1996.15,1993.8,23.17,2001.7,23.34,106955.0,886.0,103.12,3.3762,7.306,82.45,1.0729,59490.0,59975.0,59190.0,59273.0,7931.0,5918.0,70093.0,71481.0,69911.0,70411.0,20427.0,13850.0,82.45,85.77,28.9,,
2023-03-28,59003.0,58892.0,69580.0,69369.0,1960.25,1946.25,22.89,1971.5,23.15,106955.0,886.0,102.86,3.5299,7.296,82.375,1.0775,59300.0,59310.0,58405.0,58526.0,7510.0,4811.0,70251.0,70408.0,69670.0,69926.0,11830.0,13505.0,82.375,85.77,28.9,,
2023-03-29,58897.0,58965.0,69400.0,69500.0,1949.85,1962.85,23.05,1990.4,23.42,106955.0,886.0,102.43,3.5696,7.313,82.3225,1.0864,58718.0,59232.0,58500.0,59042.0,5064.0,3262.0,70190.0,70667.0,69555.0,70584.0,12723.0,14164.0,82.3225,84.99,27.19,,
2023-03-30,,,,,,,,,,,,,,,,,,,,,,,,,,,,,,,,,
2023-03-31,59106.0,59335.0,69620.0,70000.0,1968.1,1965.8,23.71,1997.7,23.99,106955.0,886.0,102.14,3.5488,7.285,82.43,1.0826,59687.0,59968.0,59460.0,59895.0,4106.0,18537.0,70999.0,72100.0,70912.0,71774.0,13736.0,14914.0,82.43,83.28,26.86,,
2023-04-03,,,,,,,,,,,,,,,,,,,,,,,,,,,,,,,,,
2023-04-04,,,,,,,,,,,,,,,,,,,,,,,,,,,,,,,,,
2023-04-05,59251.0,59715.0,71173.0,71700.0,1982.25,2009.6,24.02,2038.2,25.1,130314.0,10832.0,101.59,3.3387,7.306,82.42,1.0855,59886.0,61145.0,59858.0,60954.0,4712.0,19361.0,72149.0,74700.0,72015.0,74618.0,17531.0,17525.0,82.42,81.2,25.25,,
2023-04-06,60977.0,60781.0,74522.0,73834.0,2022.3,2030.85,24.74,2035.6,25.04,130314.0,10832.0,101.85,3.3108,7.267,82.125,1.0947,61024.0,61181.0,60550.0,60856.0,5637.0,19201.0,74950.0,75175.0,73907.0,74555.0,19520.0,16313.0,82.125,81.3,25.25,,
2023-04-07,,,,,,,,,,,,,,,,,,,,,,,,,,,,,,,,,
2023-04-10,60575.0,60623.0,73965.0,74164.0,,,,2026.4,25.09,144986.0,19493.0,102.09,3.3906,7.204,81.99,1.0924,60679.0,60836.0,60330.0,60511.0,5742.0,18810.0,74339.0,74820.0,73726.0,74570.0,14262.0,16159.0,81.99,80.76,25.11,,
2023-04-11,60068.0,60355.0,73856.0,74556.0,,,,2003.8,24.91,144986.0,19493.0,102.58,3.4168,7.22,82.065,1.0903,60402.0,60417.0,59912.0,60063.0,4678.0,18426.0,74057.0,75024.0,74057.0,74323.0,13078.0,14975.0,82.065,80.44,25.13,,
2023-04-12,60324.0,60390.0,74519.0,74416.0,2001.5,2002.7,25.06,2019.0,25.19,144986.0,19493.0,102.2,3.4262,7.206,82.1675,1.0919,60170.0,60599.0,60170.0,60505.0,3991.0,18534.0,74725.0,75160.0,74519.0,75040.0,13229.0,15179.0,82.1675,80.16,24.76,,
2023-04-13,,,,,,,,,,,,,,,,,,,,,,,,,,,,,,,,,
2023-04-14,,,,,,,,,,,,,,,,,,,,,,,,,,,,,,,,,
2023-04-17,60743.0,60880.0,75621.0,75869.0,2035.65,2019.4,26.03,2015.8,25.46,137563.0,19231.0,101.55,3.5128,7.215,81.905,1.101,61038.0,61170.0,60088.0,60329.0,6885.0,17658.0,77199.0,77549.0,75230.0,75677.0,17243.0,13065.0,81.905,79.18,24.43,,
2023-04-18,60709.0,60629.0,75570.0,75530.0,2009.8,1995.55,25.39,2007.0,25.09,137563.0,19231.0,102.1,3.6004,7.23,82.0375,1.0979,60351.0,60625.0,59871.0,60180.0,5816.0,17558.0,75506.0,76300.0,74402.0,74812.0,17391.0,11847.0,82.0375,80.0,24.83,,
2023-04-19,60479.0,60593.0,74574.0,74642.0,1999.3,1999.4,25.09,2019.7,25.26,137563.0,19231.0,101.75,3.5756,7.197,82.065,1.0969,60229.0,60650.0,60111.0,60488.0,5667.0,17704.0,74936.0,75606.0,74582.0,75249.0,12886.0,12021.0,82.065,79.95,24.98,,
2023-04-20,60373.0,59921.0,74359.0,73775.0,1976.1,1990.55,24.75,2007.3,25.59,137563.0,19231.0,101.97,3.5908,7.202,82.2575,1.0927,60448.0,60509.0,59653.0,60288.0,9611.0,16854.0,75299.0,75676.0,73905.0,75472.0,26970.0,11689.0,82.2575,78.44,25.36,,
2023-04-21,60517.0,60616.0,75112.0,75419.0,1994.05,2007.15,25.4,2019.1,25.6,137563.0,19231.0,101.84,3.5318,7.199,82.1725,1.0965,60245.0,60689.0,60157.0,60503.0,5638.0,17237.0,75333.0,75950.0,75010.0,75501.0,18659.0,10955.0,82.1725,78.89,26.1,,
2023-04-24,60446.0,60191.0,74763.0,74773.0,1986.1,1973.65,25.16,1990.5,25.28,134253.0,21753.0,101.82,3.5718,7.156,82.095,1.0961,60381.0,60476.0,59622.0,59845.0,9205.0,15685.0,75303.0,75617.0,74500.0,74654.0,22341.0,9461.0,82.095,78.74,25.56,,
2023-04-25,,,,,,,,,,,,,,,,,,,,,,,,,,,,,,,,,
2023-04-26,60368.0,60078.0,74768.0,74075.0,1990.2,1987.4,24.9,2004.5,25.09,134253.0,21753.0,101.86,3.3996,7.131,81.95,1.1018,60033.0,60320.0,59709.0,60261.0,6866.0,15532.0,74901.0,75000.0,73300.0,74263.0,20199.0,6931.0,81.95,79.9,26.01,,
2023-04-27,60434.0,60431.0,74315.0,74200.0,1999.05,2003.0,24.85,1996.0,25.07,134253.0,21753.0,101.47,3.4485,7.113,81.885,1.1043,60210.0,60428.0,59825.0,59893.0,7082.0,15013.0,74340.0,74842.0,73737.0,73819.0,13657.0,5989.0,81.885,79.61,26.86,,
2023-04-28,60382.0,60515.0,74179.0,74415.0,1997.65,1985.65,25.15,1999.0,25.21,134253.0,21753.0,101.5,3.5204,7.099,81.9225,1.1062,60150.0,60299.0,59547.0,59901.0,8386.0,14899.0,74213.0,74539.0,73063.0,73959.0,12004.0,4957.0,81.9225,79.3,26.74,,
2023-05-01,,,,,,,,,,,,,,,,,,,,,,,,,,,,,,,,,
2023-05-02,60169.0,60168.0,73934.0,73868.0,,,,1992.2,25.23,133174.0,25167.0,102.15,3.5681,7.119,81.905,1.0997,59867.0,60328.0,59711.0,59764.0,4018.0,14819.0,75888.0,77851.0,75256.0,75459.0,26725.0,17390.0,81.905,78.96,26.33,,
2023-05-03,60220.0,60417.0,74233.0,74226.0,1980.9,1995.4,24.77,2023.3,25.62,133174.0,25167.0,101.96,3.4239,7.094,81.9625,1.0976,59755.0,60771.0,59700.0,60628.0,7954.0,15556.0,75280.0,76797.0,74480.0,76248.0,24237.0,19014.0,81.9625,78.98,28.23,,
2023-05-04,61071.0,61044.0,75173.0,75282.0,2016.9,2014.3,25.25,2037.0,25.68,133174.0,25167.0,101.34,3.3356,7.007,81.8975,1.1051,60740.0,61022.0,60535.0,60965.0,4437.0,15339.0,76263.0,76838.0,75813.0,76582.0,12653.0,19336.0,81.8975,79.32,29.69,,
2023-05-05,61565.0,61646.0,76359.0,76464.0,2036.05,2044.7,25.63,2055.7,26.23,133174.0,25167.0,101.4,3.3787,7.013,81.8325,1.1104,61200.0,61845.0,61053.0,61493.0,7715.0,15683.0,77111.0,78190.0,76655.0,78038.0,19542.0,21548.0,81.8325,78.38,29.98,,
2023-05-08,61739.0,61496.0,77251.0,77280.0,2038.9,2000.95,25.84,2024.8,25.93,147816.0,27131.0,101.21,3.437,7.013,81.8325,1.1104,61566.0,61629.0,60250.0,60628.0,8693.0,14400.0,78100.0,78292.0,75939.0,77047.0,22537.0,18623.0,81.8325,78.09,28.38,,
2023-05-09,61108.0,61169.0,76231.0,76315.0,,,,2033.2,25.83,147816.0,27131.0,101.38,3.5072,7.049,81.85,1.1053,60783.0,61090.0,60771.0,60927.0,4038.0,14352.0,77248.0,77400.0,76890.0,77079.0,9193.0,19399.0,81.85,78.7,27.79,,
2023-05-10,61370.0,61533.0,76285.0,76399.0,2025.6,2030.2,25.57,2042.9,25.9,147816.0,27131.0,101.61,3.5186,7.044,82.1225,1.0979,60910.0,61460.0,60905.0,61419.0,5493.0,14845.0,77173.0,77518.0,76666.0,77456.0,14470.0,20176.0,82.1225,78.88,27.72,,
2023-05-11,61430.0,61495.0,76351.0,76261.0,2029.6,2037.15,25.52,2037.1,25.66,147816.0,27131.0,101.48,3.4426,7.037,82.095,1.0961,61270.0,61651.0,60976.0,61270.0,7209.0,14312.0,77374.0,78120.0,76264.0,76688.0,23130.0,18563.0,82.095,79.39,28.07,,
2023-05-12,61539.0,61585.0,75688.0,74795.0,2025.75,2015.95,24.89,2020.5,24.42,147816.0,27131.0,102.06,3.3843,7.024,82.145,1.093,61279.0,61515.0,60825.0,60892.0,8446.0,13697.0,76555.0,76620.0,73710.0,73808.0,30604.0,15847.0,82.145,82.73,28.51,,
2023-05-15,61037.0,60964.0,72354.0,72040.0,2006.65,2019.9,23.86,2019.8,24.15,146626.0,27169.0,102.68,3.4625,6.994,82.2225,1.0906,60795.0,61080.0,60525.0,60887.0,6356.0,12830.0,73675.0,73763.0,72506.0,73054.0,17857.0,15489.0,82.2225,83.62,28.84,,
2023-05-16,61235.0,61208.0,72565.0,72455.0,2015.3,2019.9,23.89,2022.7,24.29,146626.0,27169.0,102.43,3.5019,7.006,82.315,1.0875,60910.0,61138.0,60820.0,61027.0,4384.0,12828.0,73188.0,73675.0,72880.0,73402.0,11130.0,14963.0,82.315,83.27,28.44,,
2023-05-17,61079.0,61066.0,72015.0,71930.0,2009.9,2007.45,23.79,1993.0,23.89,146626.0,27169.0,102.56,3.5339,6.964,82.2475,1.0898,61498.0,61498.0,60190.0,60244.0,7993.0,11780.0,73160.0,73333.0,72334.0,72585.0,18118.0,15225.0,82.2475,83.41,28.13,,
2023-05-18,60618.0,60646.0,71739.0,71808.0,1985.75,1974.4,23.69,2003.7,23.9,146626.0,27169.0,102.88,3.5641,6.966,82.41,1.0838,60333.0,60445.0,59960.0,60145.0,5625.0,11443.0,72560.0,72914.0,72148.0,72658.0,13303.0,15053.0,82.41,83.85,27.51,,
2023-05-19,60512.0,60474.0,71745.0,71496.0,1976.95,1960.3,23.52,1978.3,23.63,146626.0,27169.0,103.58,3.6457,6.987,82.5975,1.081,60100.0,60153.0,59540.0,59723.0,8394.0,10749.0,72555.0,72557.0,71811.0,72143.0,16131.0,14530.0,82.5975,83.71,27.53,,
2023-05-22,60302.0,60275.0,71834.0,71784.0,1965.55,1961.6,23.66,2000.3,24.06,131789.0,13443.0,103.2,3.6726,7.009,82.745,1.0816,59766.0,60490.0,59721.0,60379.0,8226.0,9909.0,72336.0,73657.0,72191.0,73321.0,19667.0,14695.0,82.745,83.14,27.96,,
2023-05-23,60760.0,60829.0,72095.0,72521.0,1981.2,1970.3,23.85,1995.7,23.86,131789.0,13443.0,103.2,3.7148,6.986,82.8675,1.0841,60245.0,60430.0,60111.0,60241.0,5594.0,9480.0,73100.0,73381.0,72557.0,72733.0,11599.0,14301.0,82.8675,83.64,27.7,,
2023-05-24,60450.0,60342.0,71568.0,70718.0,1959.65,1969.2,23.16,1992.8,23.62,131789.0,13443.0,103.49,3.6919,7.014,82.84,1.0785,60000.0,60245.0,59739.0,60197.0,8760.0,8296.0,72445.0,72454.0,71109.0,72164.0,22277.0,13678.0,82.84,84.35,27.33,,
2023-05-25,60704.0,60680.0,71337.0,71129.0,1976.8,1969.65,23.42,1983.1,23.24,131789.0,13443.0,103.89,3.7419,6.991,82.7,1.0788,60196.0,60389.0,59725.0,59860.0,7558.0,7698.0,71924.0,72134.0,70854.0,71086.0,17421.0,14231.0,82.7,85.33,26.68,,
2023-05-26,60228.0,60361.0,70312.0,70285.0,1962.3,1948.25,23.01,1962.3,22.91,131789.0,13443.0,104.25,3.8174,7.008,82.75,1.0728,59700.0,59955.0,59363.0,59460.0,8442.0,6284.0,70841.0,71151.0,70156.0,70242.0,17144.0,14712.0,82.75,85.65,27.32,,
2023-05-29,60052.0,60142.0,70191.0,70500.0,1953.5,1947.9,23.15,1963.1,23.36,117390.0,13177.0,104.25,3.7983,7.006,82.6075,1.0764,59542.0,59660.0,59225.0,59353.0,5018.0,3805.0,70405.0,71429.0,70374.0,71229.0,17967.0,13610.0,82.6075,84.04,27.01,,
2023-05-30,59973.0,60012.0,70969.0,70782.0,,,,1963.1,23.36,117390.0,13177.0,104.21,3.7983,7.03,82.715,1.0733,59406.0,59631.0,59260.0,59419.0,4777.0,1238.0,71550.0,71556.0,71054.0,71125.0,6247.0,13826.0,82.715,84.04,27.01,,
2023-05-31,59981.0,60402.0,70323.0,70861.0,1949.5,1952.45,23.26,1963.1,23.36,117390.0,13177.0,104.17,3.6866,7.01,82.78,1.0751,59514.0,60100.0,59274.0,59998.0,8778.0,14939.0,71000.0,71448.0,70484.0,71043.0,13575.0,14106.0,82.78,85.08,28.46,,
2023-06-01,,,,,,,,,,,,,,,,,,,,,,,,,,,,,,,,,
2023-06-02,,,,,,,,,,,,,,,,,,,,,,,,,,,,,,,,,
2023-06-05,,,,,,,,,,,,,,,,,,,,,,,,,,,,,,,,,
2023-06-06,,,,,,,,,,,,,,,,,,,,,,,,,,,,,,,,,
2023-06-07,,,,,,,,,,,,,,,,,,,,,,,,,,,,,,,,,
2023-06-08,,,,,,,,,,,,,,,,,,,,,,,,,,,,,,,,,
2023-06-09,,,,,,,,,,,,,,,,,,,,,,,,,,,,,,,,,
2023-06-12,59960.0,59976.0,73559.0,73677.0,1963.55,1960.3,24.32,1977.2,24.41,114165.0,11500.0,103.56,3.7394,7.036,82.52,1.0782,59528.0,60048.0,59425.0,59945.0,6338.0,14481.0,71798.0,73872.0,71790.0,73670.0,23339.0,17260.0,82.52,81.0,28.18,,
2023-06-13,59834.0,59921.0,73249.0,73432.0,1964.15,1952.9,24.21,1969.7,24.06,114165.0,11500.0,103.65,3.7356,7.018,82.49,1.0774,59713.0,59920.0,59505.0,59641.0,4687.0,13988.0,73551.0,73766.0,72729.0,72974.0,13957.0,14655.0,82.49,81.87,29.35,,
2023-06-14,59772.0,59856.0,73102.0,73169.0,1964.0,1954.4,24.19,1958.6,23.82,114165.0,11500.0,103.34,3.8133,7.001,82.415,1.08,59755.0,59837.0,59651.0,59751.0,1036.0,13978.0,73298.0,73571.0,73179.0,73410.0,2930.0,15089.0,82.4075,82.22,28.21,,
2023-06-15,59347.0,59264.0,72173.0,72105.0,1951.9,1955.8,23.83,1968.9,24.11,114165.0,11500.0,102.95,3.7862,7.007,82.1175,1.0812,59301.0,59465.0,59148.0,59298.0,4736.0,13552.0,72330.0,72780.0,72220.0,72651.0,11025.0,14025.0,82.1175,81.68,28.84,,
2023-06-16,59020.0,58934.0,71421.0,71062.0,1934.65,1952.35,23.41,1970.7,23.95,114165.0,11500.0,102.12,3.7165,7.041,82.2275,1.0826,59210.0,59385.0,58661.0,59355.0,9139.0,13610.0,72549.0,72549.0,70715.0,72126.0,28998.0,13038.0,82.0625,82.29,27.91,,
2023-06-19,59492.0,59582.0,72284.0,72420.0,1964.1,1959.75,23.99,1971.2,24.34,93304.0,14637.0,102.24,3.7613,7.037,81.955,1.0952,59340.0,59555.0,59234.0,59354.0,4934.0,13717.0,72323.0,73044.0,72022.0,72688.0,15668.0,13622.0,81.895,80.99,27.46,,
2023-06-20,59370.0,59227.0,72626.0,72359.0,1954.35,1951.15,23.95,1971.2,24.34,93304.0,14637.0,102.52,3.7613,7.06,81.9675,1.0911,72540.0,72977.0,72305.0,72446.0,7995.0,12972.0,72323.0,73044.0,72022.0,72688.0,15668.0,13622.0,81.9675,80.99,27.46,,
2023-06-21,59308.0,59345.0,72263.0,72091.0,1953.85,1930.45,23.77,1947.7,23.45,93304.0,14637.0,102.54,3.7207,7.058,82.13,1.0929,59222.0,59392.0,58663.0,58809.0,6167.0,13383.0,72321.0,72630.0,70181.0,70387.0,26348.0,14088.0,82.13,83.08,27.36,,
2023-06-22,58859.0,58864.0,70124.0,70133.0,1935.25,1925.65,23.08,1944.9,23.02,93304.0,14637.0,102.07,3.7189,7.068,82.025,1.0915,58824.0,58865.0,58712.0,58750.0,1007.0,13337.0,70347.0,70419.0,69914.0,69979.0,3663.0,14050.0,82.03,84.49,26.82,,
2023-06-23,58670.0,58654.0,68753.0,69009.0,1927.95,1920.05,22.62,1923.7,22.67,93304.0,14637.0,102.39,3.7946,7.087,81.9775,1.1001,58613.0,58663.0,58150.0,58196.0,5556.0,13130.0,68870.0,68942.0,67950.0,68308.0,17796.0,12911.0,82.025,84.86,27.68,,
2023-06-26,58670.0,58654.0,68753.0,69009.0,1919.35,1930.7,22.34,1929.6,22.55,94626.0,11301.0,102.9,3.7347,7.073,82.0025,1.0866,58136.0,58349.0,58096.0,58279.0,2134.0,13037.0,67784.0,68141.0,67515.0,68025.0,5932.0,12470.0,82.03,85.57,27.9,,
2023-06-27,58544.0,58726.0,69095.0,69392.0,1930.55,1922.9,22.8,1933.8,23.02,94626.0,11301.0,102.69,3.7212,7.065,82.0375,1.0906,58429.0,58670.0,58352.0,58455.0,3861.0,12451.0,68599.0,69462.0,68599.0,69269.0,12322.0,9394.0,82.0375,83.99,27.88,,
2023-06-28,58521.0,58442.0,69695.0,69523.0,1923.95,1918.9,22.84,1923.8,23.15,94626.0,11301.0,102.49,3.7639,7.061,82.095,1.095,58493.0,58549.0,58069.0,58227.0,4736.0,12472.0,69573.0,69852.0,69065.0,69526.0,8107.0,6440.0,82.095,83.11,28.42,,
2023-06-29,,,,,,,,,,,,,,,,,,,,,,,,,,,,,,,,,
2023-06-30,,,,,,,,,,,,,,,,,,,,,,,,,,,,,,,,,
2023-07-03,,,,,,,,,,,,,,,,,,,,,,,,,,,,,,,,,
2023-07-04,,,,,,,,,,,,,,,,,,,,,,,,,,,,,,,,,
2023-07-05,,,,,,,,,,,,,,,,,,,,,,,,,,,,,,,,,
2023-07-06,,,,,,,,,,,,,,,,,,,,,,,,,,,,,,,,,
2023-07-07,,,,,,,,,,,,,,,,,,,,,,,,,,,,,,,,,
2023-07-10,,,,,,,,,,,,,,,,,,,,,,,,,,,,,,,,,
2023-07-11,,,,,,,,,,,,,,,,,,,,,,,,,,,,,,,,,
2023-07-12,,,,,,,,,,,,,,,,,,,,,,,,,,,,,,,,,
2023-07-13,,,,,,,,,,,,,,,,,,,,,,,,,,,,,,,,,
2023-07-14,,,,,,,,,,,,,,,,,,,,,,,,,,,,,,,,,
2023-07-17,,,,,,,,,,,,,,,,,,,,,,,,,,,,,,,,,
2023-07-18,,,,,,,,,,,,,,,,,,,,,,,,,,,,,,,,,
2023-07-19,,,,,,,,,,,,,,,,,,,,,,,,,,,,,,,,,
2023-07-20,,,,,,,,,,,,,,,,,,,,,,,,,,,,,,,,,
2023-07-21,,,,,,,,,,,,,,,,,,,,,,,,,,,,,,,,,
2023-07-24,,,,,,,,,,,,,,,,,,,,,,,,,,,,,,,,,
2023-07-25,,,,,,,,,,,,,,,,,,,,,,,,,,,,,,,,,
2023-07-26,,,,,,,,,,,,,,,,,,,,,,,,,,,,,,,,,
2023-07-27,,,,,,,,,,,,,,,,,,,,,,,,,,,,,,,,,
2023-07-28,,,,,,,,,,,,,,,,,,,,,,,,,,,,,,,,,
2023-07-31,,,,,,,,,,,,,,,,,,,,,,,,,,,,,,,,,
2023-08-01,,,,,,,,,,,,,,,,,,,,,,,,,,,,,,,,,
2023-08-02,,,,,,,,,,,,,,,,,,,,,,,,,,,,,,,,,
2023-08-03,,,,,,,,,,,,,,,,,,,,,,,,,,,,,,,,,
2023-08-04,,,,,,,,,,,,,,,,,,,,,,,,,,,,,,,,,
2023-08-07,,,,,,,,,,,,,,,,,,,,,,,,,,,,,,,,,
2023-08-08,,,,,,,,,,,,,,,,,,,,,,,,,,,,,,,,,
2023-08-09,,,,,,,,,,,,,,,,,,,,,,,,,,,,,,,,,
2023-08-10,,,,,,,,,,,,,,,,,,,,,,,,,,,,,,,,,
2023-08-11,,,,,,,,,,,,,,,,,,,,,,,,,,,,,,,,,
2023-08-14,,,,,,,,,,,,,,,,,,,,,,,,,,,,,,,,,
2023-08-15,,,,,,,,,,,,,,,,,,,,,,,,,,,,,,,,,
2023-08-16,,,,,,,,,,,,,,,,,,,,,,,,,,,,,,,,,
2023-08-17,,,,,,,,,,,,,,,,,,,,,,,,,,,,,,,,,
2023-08-18,,,,,,,,,,,,,,,,,,,,,,,,,,,,,,,,,
2023-08-21,,,,,,,,,,,,,,,,,,,,,,,,,,,,,,,,,
2023-08-22,,,,,,,,,,,,,,,,,,,,,,,,,,,,,,,,,
2023-08-23,,,,,,,,,,,,,,,,,,,,,,,,,,,,,,,,,
2023-08-24,,,,,,,,,,,,,,,,,,,,,,,,,,,,,,,,,
2023-08-25,,,,,,,,,,,,,,,,,,,,,,,,,,,,,,,,,
2023-08-28,,,,,,,,,,,,,,,,,,,,,,,,,,,,,,,,,
2023-08-29,,,,,,,,,,,,,,,,,,,,,,,,,,,,,,,,,
2023-08-30,,,,,,,,,,,,,,,,,,,,,,,,,,,,,,,,,
2023-08-31,,,,,,,,,,,,,,,,,,,,,,,,,,,,,,,,,
2023-09-01,,,,,,,,,,,,,,,,,,,,,,,,,,,,,,,,,
2023-09-04,,,,,,,,,,,,,,,,,,,,,,,,,,,,,,,,,
2023-09-05,,,,,,,,,,,,,,,,,,,,,,,,,,,,,,,,,
2023-09-06,,,,,,,,,,,,,,,,,,,,,,,,,,,,,,,,,
2023-09-07,,,,,,,,,,,,,,,,,,,,,,,,,,,,,,,,,
2023-09-08,,,,,,,,,,,,,,,,,,,,,,,,,,,,,,,,,
2023-09-11,,,,,,,,,,,,,,,,,,,,,,,,,,,,,,,,,
2023-09-12,,,,,,,,,,,,,,,,,,,,,,,,,,,,,,,,,
2023-09-13,,,,,,,,,,,,,,,,,,,,,,,,,,,,,,,,,
2023-09-14,,,,,,,,,,,,,,,,,,,,,,,,,,,,,,,,,
2023-09-15,,,,,,,,,,,,,,,,,,,,,,,,,,,,,,,,,
2023-09-18,,,,,,,,,,,,,,,,,,,,,,,,,,,,,,,,,
2023-09-19,,,,,,,,,,,,,,,,,,,,,,,,,,,,,,,,,
2023-09-20,,,,,,,,,,,,,,,,,,,,,,,,,,,,,,,,,
2023-09-21,,,,,,,,,,,,,,,,,,,,,,,,,,,,,,,,,
2023-09-22,,,,,,,,,,,,,,,,,,,,,,,,,,,,,,,,,
2023-09-25,,,,,,,,,,,,,,,,,,,,,,,,,,,,,,,,,
2023-09-26,,,,,,,,,,,,,,,,,,,,,,,,,,,,,,,,,
2023-09-27,,,,,,,,,,,,,,,,,,,,,,,,,,,,,,,,,
2023-09-28,,,,,,,,,,,,,,,,,,,,,,,,,,,,,,,,,
2023-09-29,,,,,,,,,,,,,,,,,,,,,,,,,,,,,,,,,
2023-10-02,,,,,,,,,,,,,,,,,,,,,,,,,,,,,,,,,
2023-10-03,57760.0,57719.0,71596.0,71603.0,1831.85,1833.05,21.62,1847.2,21.42,35644.0,5846.0,106.9,4.6785,7.215,83.155,1.0618,57897.0,58235.0,57541.0,57600.0,5986.0,15897.0,71149.0,73227.0,69754.0,69857.0,51451.0,24426.0,83.155,86.23,20.8,873.64,13744.11
2023-10-04,56577.0,56675.0,67113.0,67037.0,1828.3,1822.45,21.06,1841.5,21.38,35644.0,5846.0,107.0,4.7955,7.234,83.3025,1.0496,57426.0,57426.0,56565.0,56927.0,7332.0,15698.0,69255.0,69255.0,65666.0,67394.0,34254.0,28065.0,83.3025,86.14,20.64,875.08,13744.11
2023-10-05,56527.0,56653.0,67091.0,67446.0,1823.25,1818.95,21.11,1834.8,21.15,35644.0,5846.0,106.8,4.7329,7.236,83.3325,1.0528,56853.0,57017.0,56690.0,56721.0,5352.0,15990.0,67024.0,67991.0,66440.0,66885.0,25615.0,30597.0,83.3325,86.77,21.79,873.35,13940.41
2023-10-06,56561.0,56555.0,67417.0,67204.0,1822.75,1819.45,21.13,1831.8,21.02,35644.0,5846.0,106.33,4.7185,7.215,83.3425,1.0534,56825.0,56900.0,56522.0,56608.0,4180.0,16361.0,67450.0,67605.0,66532.0,66768.0,20028.0,31896.0,83.3425,87.15,22.25,869.31,14003.13
2023-10-09,56477.0,56539.0,66637.0,67095.0,1821.9,1819.6,21.12,1845.2,21.72,-3004.0,-1848.0,106.04,4.8009,7.344,83.2825,1.0569,56735.0,56910.0,56421.0,56871.0,6036.0,15959.0,66825.0,68294.0,66614.0,68170.0,37729.0,26315.0,83.2825,84.94,22.29,867.58,14031.64
2023-10-10,57415.0,57332.0,68984.0,68493.0,1852.3,1845.5,21.65,1864.3,21.92,-3004.0,-1848.0,106.08,4.8009,7.381,83.3425,1.0545,57000.0,57606.0,57000.0,57572.0,5337.0,15215.0,68740.0,69200.0,68525.0,69094.0,16085.0,26091.0,83.3425,85.03,21.58,867.58,14031.64
2023-10-11,57532.0,57479.0,68628.0,68583.0,1859.7,1857.0,21.72,1875.3,21.95,-3004.0,-1848.0,105.83,4.653,7.347,83.32,1.0594,57689.0,57744.0,57501.0,57629.0,5091.0,14792.0,69045.0,69140.0,68601.0,68918.0,13493.0,26579.0,83.32,85.42,21.81,867.58,14088.66
2023-10-12,57542.0,57860.0,68875.0,69494.0,1870.0,1871.25,22.07,1887.3,22.13,-3004.0,-1848.0,105.82,4.5582,7.306,83.2575,1.0606,57619.0,58073.0,57600.0,57940.0,5162.0,14208.0,69146.0,69749.0,68973.0,69426.0,16443.0,25559.0,83.2575,85.27,22.61,861.51,14077.26
2023-10-13,58032.0,58144.0,69621.0,69699.0,1881.15,1874.0,22.14,1883.0,21.96,-3004.0,-1848.0,106.6,4.6969,7.299,83.2875,1.063,58045.0,58235.0,57881.0,57918.0,5255.0,13849.0,69734.0,70065.0,68927.0,69074.0,18981.0,26530.0,83.2875,85.75,22.71,862.37,14051.6
2023-10-16,58032.0,58396.0,69404.0,69731.0,1887.0,1909.2,22.08,1941.5,22.9,-14788.0,-4079.0,106.65,4.6124,7.317,83.32,1.0529,57970.0,59439.0,57931.0,59408.0,11422.0,14128.0,69365.0,71486.0,69297.0,71287.0,38440.0,20031.0,83.32,84.8,22.14,862.37,14008.84
2023-10-17,59037.0,59121.0,70572.0,70879.0,1914.65,1918.05,22.6,1934.3,22.77,-14788.0,-4079.0,106.24,4.706,7.334,83.2975,1.053,59209.0,59280.0,58880.0,59408.0,4795.0,13898.0,71200.0,71300.0,70750.0,71287.0,8779.0,20509.0,83.2975,84.97,22.32,862.37,13971.78
2023-10-18,59108.0,59283.0,70383.0,70846.0,1923.45,1928.2,22.68,1935.7,23.02,-14788.0,-4079.0,106.25,4.8341,7.331,83.2625,1.057,59166.0,59478.0,59000.0,59218.0,5970.0,13782.0,70600.0,72000.0,70600.0,71567.0,15922.0,19533.0,83.2625,84.07,22.34,855.45,13926.17
2023-10-19,59636.0,59840.0,71847.0,72197.0,1943.85,1955.7,23.21,1968.3,23.1,-14788.0,-4079.0,106.57,4.9149,7.347,83.285,1.0564,59500.0,60259.0,59480.0,59218.0,92160000.0,14528.0,72100.0,72745.0,71240.0,71567.0,263380000.0,18957.0,83.285,85.21,22.29,855.45,13826.41
2023-10-20,59885.0,59940.0,71300.0,71324.0,1948.65,1953.55,22.89,1980.5,23.03,-14788.0,-4079.0,106.25,4.9898,7.372,83.3225,1.0558,59720.0,60375.0,59720.0,60318.0,7263.0,14766.0,71801.0,72200.0,71104.0,71616.0,20395.0,19914.0,83.3225,85.99,22.16,848.24,13795.05
2023-10-23,60611.0,60693.0,71373.0,71991.0,1984.2,1988.5,23.22,1994.4,23.5,41867.0,5014.0,106.16,4.9137,7.363,83.12,1.0598,60401.0,61124.0,60313.0,60725.0,9860.0,15319.0,71995.0,73599.0,71721.0,71616.0,36876.0,15954.0,83.12,84.85,22.64,848.24,13743.74
2023-10-24,,,,,,,,,,,,,,,,,,,,,,,,,,,,,,,,,
2023-10-25,60632.0,60698.0,72286.0,72094.0,1967.4,1963.65,22.74,1986.1,23.12,41867.0,5014.0,106.27,4.8229,7.379,83.1775,1.0604,60184.0,60574.0,60125.0,60599.0,34580000.0,14550.0,71212.0,71841.0,71003.0,72075.0,113580000.0,18120.0,83.1775,85.92,23.72,860.07,13822.13
2023-10-26,60602.0,60564.0,71530.0,71004.0,1970.15,1983.3,22.81,1994.9,23.01,41867.0,5014.0,106.53,4.9549,7.34,83.18,1.0573,60478.0,60911.0,60277.0,60537.0,7201.0,14630.0,71629.0,71988.0,70975.0,71786.0,210090000.0,19031.0,83.18,86.71,23.36,860.07,13822.13
2023-10-27,60888.0,60984.0,71360.0,71560.0,1991.45,1975.0,22.97,1997.4,22.91,41867.0,5014.0,106.6,4.8445,7.367,83.26,1.0529,60824.0,61070.0,60585.0,60952.0,6511.0,14740.0,71799.0,72350.0,70750.0,71580.0,27734.0,19769.0,83.26,87.19,24.0,861.8,13822.13
2023-10-30,60971.0,60825.0,71335.0,70906.0,1987.6,1982.9,22.76,1998.5,22.89,90682.0,8909.0,106.56,4.8346,7.356,83.3075,1.0571,60915.0,61268.0,60693.0,60952.0,6349.0,14781.0,71745.0,71900.0,71284.0,71802.0,17988.0,19087.0,83.3075,87.32,23.36,861.8,13802.18
2023-10-31,61336.0,61238.0,71733.0,71931.0,1996.15,1997.6,23.15,2005.6,23.4,90682.0,8909.0,106.12,4.8942,7.371,83.31,1.0597,61396.0,61396.0,61110.0,61280.0,6403.0,14998.0,71839.0,74249.0,71839.0,74249.0,1831.0,1756.0,83.31,85.72,24.37,861.8,13802.18
2023-11-01,61238.0,61370.0,71805.0,72165.0,1997.6,1996.9,23.2,1994.3,22.95,90682.0,8909.0,106.66,4.9307,7.355,83.3025,1.0663,61117.0,61539.0,60905.0,60940.0,7113.0,14663.0,148.0,76251.0,146.0,76251.0,0.0,0.0,83.3025,86.89,24.61,861.8,13802.18
2023-11-02,60896.0,61012.0,70825.0,70984.0,1982.5,1986.35,22.67,1987.5,22.79,90682.0,8909.0,106.88,4.7341,7.359,83.3725,1.0558,60820.0,61164.0,60661.0,60785.0,5376.0,14086.0,71325.0,71959.0,70880.0,71298.0,23446.0,19996.0,83.3725,87.21,24.71,859.49,13745.18
2023-11-03,60985.0,61092.0,71470.0,71684.0,1986.7,1983.6,23.04,1993.5,22.85,90682.0,8909.0,106.12,4.659,7.324,83.31,1.0648,60890.0,61042.0,60750.0,60890.0,3226.0,14018.0,,71690.0,72186.0,71113.0,1578.0,208010000.0,83.31,87.26,24.18,861.51,13685.33
2023-11-06,61105.0,61075.0,70910.0,70771.0,1988.5,1994.45,22.64,1999.2,23.29,106343.0,6636.0,105.02,4.5724,7.314,83.305,1.0655,60911.0,61330.0,60889.0,61025.0,6611.0,14077.0,71170.0,72500.0,70971.0,72287.0,39348.0,18184.0,83.305,85.86,24.83,861.51,13705.17
2023-11-07,61002.0,61053.0,71992.0,72037.0,1987.1,1984.6,23.21,1988.6,23.23,106343.0,6636.0,105.22,4.6431,7.307,83.235,1.0753,60847.0,60975.0,60732.0,60770.0,3600.0,13874.0,72230.0,72388.0,71815.0,72117.0,12442.0,18778.0,83.235,85.59,24.61,863.24,13705.17
2023-11-08,60772.0,60579.0,71286.0,70705.0,1967.8,1960.7,22.54,1973.5,22.59,106343.0,6636.0,105.54,4.5665,7.28,83.2925,1.0691,60596.0,60603.0,60151.0,60347.0,6500.0,12791.0,72000.0,72000.0,70558.0,70634.0,24602.0,22792.0,83.2925,87.37,25.51,867.57,13705.17
2023-11-09,60603.0,60540.0,70228.0,70209.0,1960.1,1959.35,22.44,1957.8,22.73,106343.0,6636.0,105.59,4.4925,7.271,83.2975,1.068,60396.0,60448.0,59950.0,60009.0,4154.0,12465.0,70729.0,71397.0,70145.0,71050.0,22137.0,20925.0,83.2975,86.14,25.99,867.57,13705.17
2023-11-10,60117.0,60097.0,70100.0,70300.0,1946.75,1957.45,22.55,1969.8,22.91,106343.0,6636.0,105.91,4.6241,7.275,83.305,1.0689,59903.0,60351.0,59760.0,60282.0,6297.0,11203.0,70729.0,71397.0,70145.0,71050.0,22137.0,20925.0,83.305,86.0,26.01,867.28,13705.17
2023-11-13,60445.0,60240.0,70850.0,70416.0,1953.45,1941.65,22.5,1937.7,22.28,106343.0,6636.0,105.86,4.6518,7.299,83.3325,1.0691,59551.0,59779.0,59551.0,59752.0,582.0,10604.0,70160.0,70224.0,69963.0,70032.0,735.0,24278.0,83.3325,86.97,25.11,867.28,13727.97
2023-11-14,,,,,,,,,,,,,,,,,,,,,,,,,,,,,,,,,
2023-11-15,,60071.0,,69951.0,1946.55,1969.05,22.35,1966.5,23.13,105236.0,2231.0,104.05,4.4473,7.281,83.32,1.0688,59795.0,60329.0,59736.0,60065.0,3592.0,10081.0,70040.0,71828.0,69789.0,71593.0,32411.0,18539.0,83.32,85.01,25.13,870.45,13733.67
2023-11-16,60502.0,60618.0,71822.0,72220.0,1973.4,1958.2,23.41,1964.3,23.54,105236.0,2231.0,104.39,4.5314,7.22,83.12,1.0868,60166.0,60444.0,60015.0,60111.0,4948.0,9470.0,71794.0,72723.0,71721.0,72372.0,25818.0,18242.0,83.12,83.45,25.62,870.45,13733.67
2023-11-17,60453.0,60505.0,72354.0,72855.0,1966.5,1980.1,23.67,1987.3,23.93,105236.0,2231.0,104.35,4.4355,7.235,83.24,1.0856,60148.0,61914.0,60110.0,60722.0,7353.0,8609.0,72174.0,73755.0,72002.0,73360.0,30957.0,16890.0,83.24,83.04,27.26,870.45,13709.45
2023-11-20,60978.0,61170.0,73210.0,73747.0,1992.15,1981.05,24.0,1984.7,24.2,92660.0,9584.0,103.92,4.4354,7.216,83.265,1.0873,60686.0,61000.0,60633.0,60713.0,4101.0,8111.0,73343.0,74000.0,72894.0,73140.0,21942.0,15902.0,83.265,82.01,26.15,870.45,13652.46
2023-11-21,61001.0,60888.0,72920.0,72561.0,1976.05,1968.7,23.39,2000.4,23.96,92660.0,9584.0,103.44,4.4198,7.257,83.3825,1.0922,60719.0,60774.0,60356.0,60657.0,4459.0,7170.0,72997.0,73359.0,72060.0,72691.0,19140.0,14690.0,83.3825,83.49,25.7,883.43,13595.47
2023-11-22,61352.0,61250.0,73040.0,72729.0,1988.55,2006.6,23.53,2021.8,24.22,92660.0,9584.0,103.57,4.3926,7.271,83.3475,1.0941,60805.0,61360.0,60805.0,61225.0,6294.0,6760.0,72644.0,73713.0,72603.0,73304.0,21514.0,14884.0,83.3475,83.47,26.0,883.43,13739.36
2023-11-23,61511.0,61616.0,73240.0,73465.0,1999.9,1997.55,23.84,2013.2,24.03,92660.0,9584.0,103.92,4.4042,7.245,83.34,1.0687,61159.0,61366.0,60939.0,61024.0,4497.0,5618.0,73149.0,73591.0,72592.0,72826.0,16134.0,14297.0,83.34,83.77,26.11,2013.2,24.03
2023-11-24,61474.0,61394.0,73180.0,73065.0,1992.6,1992.85,23.66,2013.2,24.03,92660.0,9584.0,103.92,4.4042,7.255,83.35,1.0939,61074.0,61184.0,61009.0,61072.0,3107.0,5049.0,72960.0,73170.0,72735.0,72898.0,7859.0,14406.0,83.35,83.77,26.11,882.28,13722.27
2023-11-27,,,,,,,,,,,,,,,,,,,,,,,,,,,,,,,,,
2023-11-28,61390.0,61437.0,73046.0,73046.0,2011.7,2013.7,24.76,2033.0,25.04,114894.0,16665.0,103.2,4.3866,7.27,83.3775,1.0932,61745.0,62055.0,61683.0,61937.0,2442.0,13391.0,75685.0,76990.0,75685.0,76485.0,8885.0,13157.0,83.3775,81.2,27.16,882.28,13690.93
2023-11-29,61895.0,61913.0,74993.0,74889.0,2014.0,2025.65,24.65,2060.2,25.3,114894.0,16665.0,102.75,4.3207,7.277,83.385,1.097,62175.0,62800.0,61903.0,62722.0,6425.0,16143.0,76486.0,77148.0,76194.0,76993.0,15955.0,18202.0,83.385,81.42,26.96,882.28,13690.93
2023-11-30,62775.0,62629.0,75750.0,75700.0,2037.6,2046.95,24.97,2067.1,25.44,114894.0,16665.0,102.77,4.2552,7.251,83.37,1.0981,62883.0,62934.0,62538.0,62808.0,5162.0,17123.0,77125.0,77725.0,76832.0,77274.0,19037.0,20647.0,83.37,81.24,26.55,880.55,13562.73
2023-12-01,62725.0,62607.0,75924.0,75934.0,2037.85,2035.45,25.02,2057.2,25.66,114894.0,16665.0,103.5,4.3264,7.28,83.4225,1.0921,62756.0,62842.0,62530.0,62640.0,3278.0,17259.0,77170.0,77585.0,77066.0,77515.0,14233.0,22570.0,83.4225,80.17,27.08,878.53,13562.73
2023-12-04,62712.0,62728.0,76585.0,76400.0,2044.55,2045.4,25.16,2089.7,25.86,144410.0,25897.0,103.27,4.1956,7.29,83.3675,1.0907,62786.0,63382.0,62560.0,63357.0,5399.0,17946.0,77777.0,78240.0,77277.0,78087.0,18713.0,23265.0,83.3675,80.82,28.21,876.51,13502.9
2023-12-05,63805.0,63281.0,77073.0,76430.0,2066.95,2049.05,25.17,2042.2,24.91,144410.0,25897.0,103.71,4.2529,7.27,83.41,1.0881,63720.0,64063.0,62250.0,62369.0,10188.0,17177.0,78150.0,78549.0,75913.0,76168.0,28607.0,18139.0,83.41,81.99,27.96,876.51,13480.11
2023-12-06,62457.0,62287.0,75027.0,74383.0,2023.45,2023.35,24.27,2036.3,24.55,144410.0,25897.0,104.05,4.1649,7.258,83.395,1.0851,62826.0,62826.0,61942.0,62185.0,6598.0,16554.0,76264.0,76365.0,74920.0,75279.0,21305.0,15274.0,83.395,82.96,28.16,881.12,13470.63
2023-12-07,62266.0,62144.0,74430.0,74268.0,2021.4,2026.4,24.1,2047.9,24.23,144410.0,25897.0,104.15,4.104,7.253,83.3725,1.0797,62250.0,62567.0,62201.0,62440.0,4509.0,16657.0,75454.0,75698.0,74751.0,74831.0,16090.0,14612.0,83.3725,84.53,29.52,880.83,13470.63
2023-12-08,62285.0,62462.0,73566.0,73888.0,2033.3,2026.9,23.91,2046.4,24.06,144410.0,25897.0,103.54,4.1495,7.238,83.41,1.0789,62414.0,62736.0,62222.0,62466.0,4502.0,16339.0,74750.0,74961.0,74000.0,74313.0,17350.0,14268.0,83.41,85.06,29.51,880.83,13470.63
2023-12-11,62407.0,62415.0,73600.0,73711.0,2030.0,2008.1,23.79,2014.5,23.28,132515.0,22914.0,104.01,4.2256,7.27,83.425,1.0791,62525.0,62579.0,61625.0,61719.0,7369.0,15259.0,74641.0,74784.0,72460.0,72518.0,31173.0,16875.0,83.425,86.55,28.28,880.55,13521.91
2023-12-12,61595.0,61452.0,71688.0,71402.0,1991.95,1986.65,22.92,1993.7,23.06,132515.0,22914.0,104.1,4.2333,7.283,83.41,1.0783,61800.0,61860.0,61099.0,61106.0,5741.0,14915.0,72539.0,72639.0,71760.0,71896.0,13903.0,17943.0,83.41,86.46,27.95,880.55,13521.91
2023-12-13,61354.0,61277.0,71642.0,71575.0,1986.9,1980.85,22.96,1993.2,23.02,132515.0,22914.0,103.87,4.2006,7.274,83.405,1.0806,61800.0,61860.0,61099.0,61117.0,5741.0,14915.0,72539.0,72639.0,71760.0,71864.0,13903.0,17943.0,83.405,86.6,29.05,878.54,13503.39
2023-12-14,61023.0,61201.0,70818.0,70898.0,1981.55,1982.5,22.73,1997.3,22.92,132515.0,22914.0,102.87,4.0164,7.258,83.4575,1.0795,61196.0,61340.0,61001.0,61199.0,4187.0,14594.0,71745.0,71970.0,71234.0,71532.0,15855.0,19645.0,83.4575,87.14,28.75,875.65,13731.26
2023-12-15,62454.0,62396.0,73694.0,73993.0,2034.1,2046.1,23.99,2044.9,24.39,132515.0,22914.0,101.96,3.9208,7.197,83.3425,1.0926,61391.0,62880.0,61391.0,62454.0,9271.0,15031.0,71950.0,75319.0,71950.0,75076.0,36176.0,14037.0,83.3425,83.86,28.57,877.96,13731.26
2023-12-18,62365.0,62367.0,74135.0,74273.0,2043.65,2032.3,24.19,2035.7,24.15,111384.0,8924.0,102.55,3.911,7.163,83.015,1.0995,62550.0,62597.0,62055.0,62192.0,5133.0,14861.0,75083.0,75284.0,74286.0,74525.0,15863.0,13509.0,83.015,84.28,28.5,877.67,13731.26
2023-12-19,61872.0,61902.0,73674.0,73588.0,2020.95,2023.95,23.94,2040.5,24.11,111384.0,8924.0,102.56,3.9314,7.158,83.0775,1.0916,62193.0,62368.0,61950.0,62291.0,4007.0,14761.0,74525.0,74780.0,74059.0,74410.0,12113.0,13704.0,83.0775,84.64,28.16,879.69,13705.62
2023-12-20,62023.0,62084.0,73465.0,73652.0,2026.0,2041.35,23.91,2052.1,24.32,111384.0,8924.0,102.17,3.9313,7.174,83.2075,1.095,62100.0,62248.0,62069.0,62217.0,1145.0,14761.0,74465.0,74600.0,74253.0,74579.0,2526.0,13724.0,83.195,84.38,27.75,879.69,13791.07
2023-12-21,62449.0,62302.0,74040.0,73742.0,2036.35,2035.55,23.97,2047.7,24.63,111384.0,8924.0,102.41,3.8474,7.168,83.21,1.0975,62533.0,62610.0,62502.0,62533.0,1529.0,15143.0,74951.0,75075.0,74830.0,74870.0,2187.0,14196.0,83.2025,83.14,27.59,877.67,13791.07
2023-12-22,62385.0,62335.0,74425.0,74550.0,2034.3,2041.7,24.19,2051.3,24.59,111384.0,8924.0,101.84,3.8881,7.19,83.2675,1.0981,62412.0,62680.0,62369.0,62503.0,3850.0,15052.0,75155.0,75835.0,75117.0,75426.0,14279.0,14973.0,83.2675,83.44,27.76,878.25,13791.07
2023-12-25,,,,,,,,,,,,,,,,,,,,,,,,,,,,,,,,,
2023-12-26,62661.0,62844.0,74709.0,74918.0,2055.6,,24.46,2069.1,24.57,131749.0,16222.0,101.7,3.895,7.186,83.165,1.1027,62784.0,63277.0,62687.0,62954.0,7004.0,15790.0,75763.0,76046.0,75130.0,75386.0,15716.0,15122.0,83.165,84.23,28.13,878.25,13719.87
2023-12-27,63031.0,63057.0,74693.0,74750.0,,,,2069.8,24.4,131749.0,16222.0,101.47,3.8967,7.182,83.1875,1.1028,63149.0,63198.0,62903.0,63025.0,3020.0,15505.0,75648.0,75690.0,74860.0,75026.0,10273.0,14735.0,83.1875,84.84,27.39,878.25,13674.3
2023-12-28,63187.0,63223.0,74357.0,74064.0,2061.7,2069.4,24.04,2093.1,24.64,131749.0,16222.0,100.99,3.7944,7.207,83.4325,1.1057,63198.0,63710.0,63179.0,63678.0,5296.0,16361.0,75231.0,75825.0,74700.0,75647.0,14023.0,15531.0,83.4325,84.94,28.24,878.25,13631.58
2023-12-29,,,,,,,,,,,,,,,,,,,,,,,,,,,,,,,,,
2024-01-01,63332.0,63246.0,73758.0,73395.0,2062.4,,23.79,2071.8,24.09,135507.0,17022.0,101.33,3.8791,7.174,83.2575,1.1073,63728.0,63821.0,63333.0,63389.0,3995.0,16033.0,75743.0,75743.0,74865.0,74959.0,13624.0,15260.0,83.27,86.02,28.92,879.11,13631.58
2024-01-02,63302.0,63352.0,73624.0,73705.0,,,,2071.8,24.09,135507.0,17022.0,101.33,3.8791,7.197,83.2925,1.1057,63225.0,63379.0,63181.0,63320.0,661.0,15163.0,74279.0,74435.0,74220.0,74390.0,939.0,14756.0,83.2925,86.02,28.92,879.11,13631.58
2024-01-03,63544.0,63602.0,74142.0,74133.0,2074.9,2067.55,23.95,2073.4,23.95,135507.0,17022.0,102.2,3.9294,7.209,83.4025,1.1,63329.0,63653.0,63106.0,63257.0,5144.0,14902.0,74545.0,75000.0,74038.0,74095.0,17976.0,15418.0,83.4025,86.56,29.46,879.11,13603.11
2024-01-04,63344.0,63013.0,73263.0,72691.0,2054.05,2042.1,23.28,2042.8,23.16,135507.0,17022.0,102.49,3.9162,7.216,83.365,1.0935,63258.0,63345.0,62418.0,62507.0,8519.0,12974.0,73971.0,74126.0,72188.0,72333.0,32020.0,21533.0,83.365,88.22,28.1,878.54,13588.87
2024-01-05,62809.0,62774.0,71744.0,71779.0,2049.05,2039.55,22.96,2050.0,23.19,135507.0,17022.0,102.42,3.9988,7.221,83.32,1.0967,62724.0,62820.0,62476.0,62640.0,4315.0,12886.0,72423.0,72492.0,71627.0,72336.0,15539.0,23089.0,83.32,88.41,28.4,874.21,13531.78
2024-01-08,62655.0,62540.0,71793.0,71550.0,2037.7,2056.35,22.98,2049.8,23.32,137516.0,15952.0,102.41,4.0457,7.235,83.22,1.0932,62631.0,63079.0,62160.0,62557.0,8016.0,12039.0,72500.0,73411.0,71795.0,72587.0,24364.0,21100.0,83.22,87.92,27.77,874.21,13560.26
2024-01-09,62317.0,62192.0,71573.0,71386.0,2028.0,2025.1,22.85,2033.5,23.31,137516.0,15952.0,102.21,4.0305,7.202,83.2075,1.0949,62511.0,62511.0,61925.0,62095.0,6640.0,11021.0,72457.0,72634.0,71806.0,72427.0,15874.0,22368.0,83.2075,87.24,28.73,869.6,13510.43
2024-01-10,62322.0,62415.0,71719.0,71840.0,2038.15,2034.9,23.13,2033.0,23.09,137516.0,15952.0,102.57,4.0133,7.188,83.1975,1.0942,62149.0,62490.0,62114.0,62179.0,5084.0,10254.0,72596.0,72999.0,72006.0,72047.0,13985.0,24022.0,83.1975,88.04,28.14,869.6,13510.43
2024-01-11,62247.0,62348.0,71295.0,71447.0,2036.25,2026.8,22.97,2027.8,23.07,137516.0,15952.0,102.36,4.0283,7.181,83.105,1.0958,62230.0,62399.0,61966.0,61996.0,4228.0,9874.0,72204.0,72394.0,71665.0,71969.0,15921.0,25771.0,83.105,87.91,28.41,869.6,13496.19
2024-01-12,62278.0,62262.0,71488.0,71532.0,2031.85,2029.15,23.03,2019.2,22.71,137516.0,15952.0,102.29,3.9658,7.162,83.0775,1.0988,62146.0,62477.0,61731.0,61788.0,6553.0,9300.0,72066.0,72525.0,71158.0,71354.0,27218.0,28330.0,83.0775,88.93,28.04,864.99,13496.19
2024-01-15,62333.0,62515.0,71238.0,71530.0,2039.55,2055.65,23.06,2051.6,23.33,106288.0,7886.0,102.4,3.939,7.179,82.995,1.0984,61925.0,62690.0,61925.0,62362.0,7916.0,9260.0,71861.0,73245.0,71715.0,72480.0,32103.0,21653.0,82.995,87.94,28.23,863.84,13483.38
2024-01-16,62723.0,62707.0,72146.0,72140.0,2053.85,2049.9,23.21,2051.6,23.33,106288.0,7886.0,102.4,3.939,7.152,82.925,1.0953,62502.0,62646.0,62451.0,62559.0,3283.0,8981.0,72796.0,72842.0,72390.0,72627.0,6322.0,22320.0,82.925,87.94,28.23,863.84,13483.38
2024-01-17,62661.0,62608.0,71714.0,71666.0,2039.75,2038.15,23.05,2030.2,23.09,106288.0,7886.0,103.36,4.0581,7.146,83.165,1.0896,62461.0,62521.0,61977.0,62015.0,6146.0,8272.0,72471.0,72635.0,72009.0,72093.0,15647.0,23762.0,83.165,87.91,28.04,863.84,13483.38
2024-01-18,62101.0,62277.0,71010.0,71191.0,2027.55,2011.75,22.81,2006.5,22.67,106288.0,7886.0,103.45,4.1019,7.164,83.1725,1.0896,62054.0,62090.0,61454.0,61505.0,7363.0,7484.0,72001.0,72001.0,71312.0,71456.0,18027.0,26988.0,83.1725,88.51,27.65,864.4,13466.29
2024-01-19,61982.0,61970.0,71075.0,70898.0,2012.2,2013.2,22.61,2021.6,22.81,106288.0,7886.0,103.54,4.142,7.178,83.16,1.0895,61539.0,61800.0,61482.0,61769.0,4434.0,6944.0,71440.0,71658.0,71148.0,71615.0,11627.0,27926.0,83.16,88.64,27.29,862.1,13466.29
2024-01-22,,,,,,,,,,,,,,,,,,,,,,,,,,,,,,,,,
2024-01-23,62207.0,62390.0,71073.0,71228.0,2023.9,2021.6,22.2,2041.6,22.3,100634.0,6030.0,103.33,4.1052,7.179,83.085,1.0889,61880.0,62049.0,61752.0,61868.0,1804.0,6522.0,71251.0,71251.0,70351.0,70816.0,13190.0,30804.0,83.085,91.57,27.31,860.95,13452.06
2024-01-24,62476.0,62355.0,70500.0,70311.0,2026.85,2022.95,22.26,2045.2,22.46,100634.0,6030.0,103.62,4.1282,7.176,83.1675,1.0867,61904.0,62224.0,61811.0,61968.0,4630.0,5873.0,70754.0,71207.0,70731.0,70957.0,9717.0,29901.0,83.1675,91.05,27.5,858.93,13955.95
2024-01-25,62435.0,62591.0,70475.0,71072.0,2030.5,2024.65,22.77,2035.2,22.89,100634.0,6030.0,103.24,4.1762,7.184,83.135,1.0887,61994.0,62259.0,61850.0,61985.0,5224.0,5031.0,71003.0,72165.0,70850.0,71869.0,18554.0,26303.0,83.135,88.92,27.1,858.93,13998.65
2024-01-26,,,,,,,,,,,,,,,,,,,,,,,,,,,,,,,,,
2024-01-29,62273.0,62312.0,71019.0,71299.0,2021.1,2018.45,22.92,2036.1,22.87,76615.0,-3165.0,103.43,4.1373,7.176,83.1125,1.0898,62126.0,62305.0,61966.0,62106.0,3030.0,12219.0,71885.0,72225.0,71590.0,71773.0,12173.0,26193.0,83.1125,89.02,26.1,858.93,13893.33
2024-01-30,62497.0,62515.0,71354.0,71371.0,2027.35,2022.5,23.01,2044.6,23.25,76615.0,-3165.0,103.61,4.074,7.173,83.255,1.0836,62263.0,62549.0,62180.0,62367.0,5199.0,13575.0,71854.0,72550.0,71704.0,72377.0,16607.0,23369.0,83.255,87.94,26.63,856.05,13827.85
2024-01-31,62678.0,62610.0,71795.0,71742.0,2036.8,2043.05,23.08,2050.9,23.23,76615.0,-3165.0,103.4,4.0319,7.158,83.2025,1.0857,62397.0,62779.0,62335.0,62460.0,6575.0,14621.0,72549.0,72705.0,72019.0,72350.0,14943.0,23182.0,83.2025,88.31,26.35,854.89,13769.5
2024-02-01,62715.0,62685.0,71630.0,71668.0,2037.9,2053.25,23.09,2067.4,23.17,76615.0,-3165.0,103.27,3.9124,7.144,83.1325,1.0848,62453.0,62862.0,62416.0,62735.0,4476.0,15369.0,72278.0,72684.0,72145.0,72247.0,12960.0,23189.0,83.1325,89.23,27.26,852.88,13689.8
2024-02-02,62775.0,62599.0,71153.0,70834.0,2037.55,2045.85,22.67,2071.1,23.24,76615.0,-3165.0,103.05,3.8802,7.058,83.0575,1.0818,62639.0,63230.0,62351.0,62965.0,8459.0,15674.0,72146.0,72435.0,71000.0,72218.0,31935.0,23919.0,83.0575,89.13,28.06,124608.0,28931.0
2024-02-05,63153.0,63142.0,71777.0,71864.0,2054.2,2034.15,23.23,2053.7,22.8,71976.0,5046.0,103.92,4.0199,7.055,82.9775,1.0895,62965.0,62998.0,62382.0,62562.0,6444.0,14399.0,72158.0,72414.0,70755.0,71208.0,25965.0,29153.0,82.9775,90.09,28.41,851.72,13638.56
2024-02-06,62625.0,62512.0,70545.0,70417.0,2024.5,2018.0,22.51,2042.9,22.42,71976.0,5046.0,104.45,4.1579,7.095,83.11,1.0769,62493.0,62525.0,62100.0,62316.0,5007.0,14182.0,70776.0,71030.0,70339.0,70480.0,14643.0,32261.0,83.11,91.11,28.07,851.72,13534.52
2024-02-07,62557.0,62479.0,70196.0,69984.0,2025.05,2030.8,22.31,2051.4,22.48,71976.0,5046.0,104.21,4.1,7.091,83.1125,1.0743,62261.0,62625.0,62220.0,62574.0,3422.0,14403.0,70451.0,70724.0,70300.0,70594.0,11038.0,32334.0,83.1125,91.26,27.98,851.72,13534.52
2024-02-08,62636.0,62646.0,69749.0,69866.0,2033.2,2041.6,22.29,2051.7,22.36,71976.0,5046.0,104.06,4.1211,7.073,83.0375,1.0779,62515.0,62730.0,62401.0,62524.0,3515.0,14312.0,70381.0,70550.0,70080.0,70311.0,15645.0,32470.0,83.0375,91.76,27.78,847.69,13685.37
2024-02-09,62632.0,62612.0,69903.0,69950.0,2037.05,2028.65,22.35,2047.9,22.64,71976.0,5046.0,104.17,4.154,7.079,83.0275,1.0776,62436.0,62557.0,62182.0,62443.0,4715.0,13955.0,70091.0,70939.0,69880.0,70837.0,20225.0,30410.0,83.0275,90.47,26.87,847.69,13685.37
2024-02-12,62642.0,62624.0,70583.0,70638.0,2031.65,2023.5,22.66,2038.7,22.59,82591.0,-4784.0,104.11,4.1754,7.106,83.0775,1.078,62464.0,62544.0,62170.0,62294.0,3274.0,13692.0,71050.0,71180.0,70426.0,70774.0,16894.0,29292.0,83.0775,90.23,26.53,843.66,13686.79
2024-02-13,62380.0,62301.0,70855.0,71140.0,2021.0,2015.2,22.92,2033.0,22.77,82591.0,-4784.0,104.17,4.1793,7.094,83.05,1.0779,62240.0,62328.0,61926.0,62078.0,3676.0,13605.0,71023.0,71895.0,70628.0,71009.0,24178.0,26582.0,83.05,89.3,26.43,841.92,13627.02
2024-02-14,62352.0,62394.0,70884.0,71042.0,2026.2,1996.1,22.87,2007.2,22.15,82591.0,-4784.0,104.96,4.3143,7.099,83.04,1.0783,62173.0,62399.0,61400.0,61504.0,6868.0,13718.0,71251.0,71570.0,69504.0,69639.0,29722.0,31503.0,83.04,90.6,25.78,841.92,13611.37
2024-02-15,61529.0,61590.0,69040.0,69150.0,1990.8,1985.1,22.09,2004.3,22.39,82591.0,-4784.0,104.72,4.2554,7.112,83.0775,1.0712,61393.0,61478.0,61190.0,61443.0,3326.0,13738.0,69500.0,70300.0,69128.0,70152.0,19005.0,29149.0,83.0775,89.53,26.15,840.48,13611.37
2024-02-16,61454.0,61508.0,69891.0,70203.0,1996.9,2004.05,22.63,2014.9,22.95,82591.0,-4784.0,104.3,4.23,7.088,83.0675,1.0746,61407.0,61745.0,61284.0,61622.0,3880.0,13749.0,70300.0,71443.0,70013.0,71121.0,27013.0,24391.0,83.0675,87.79,25.82,839.04,13597.14
2024-02-19,61684.0,61743.0,70936.0,70922.0,2005.4,1997.9,23.01,2024.1,23.48,46400.0,-9632.0,104.28,4.2792,7.099,83.035,1.0777,61651.0,61904.0,61451.0,61878.0,3974.0,13399.0,71276.0,72180.0,70850.0,72112.0,21289.0,21871.0,83.0675,86.22,25.56,837.31,13635.56
2024-02-20,62077.0,62017.0,71240.0,71210.0,2020.35,2017.05,23.09,2024.1,23.48,46400.0,-9632.0,104.29,4.2792,7.099,83.035,1.0777,61970.0,62107.0,61903.0,62004.0,2117.0,13316.0,71395.0,71650.0,71181.0,71306.0,8109.0,21566.0,83.035,86.22,25.56,837.89,13530.27
2024-02-21,61990.0,62139.0,70802.0,70898.0,2026.8,2029.1,23.06,2039.8,23.14,46400.0,-9632.0,104.08,4.2753,7.061,82.98,1.0797,62007.0,62258.0,61931.0,62167.0,3249.0,13456.0,71257.0,71550.0,71025.0,71255.0,8875.0,21910.0,82.98,88.17,26.48,837.89,13530.27
2024-02-22,62226.0,62258.0,70950.0,70708.0,2028.8,2026.75,23.08,2034.3,23.09,46400.0,-9632.0,104.01,4.3187,7.053,82.975,1.0805,62211.0,62279.0,62052.0,62108.0,1997.0,13374.0,71381.0,71460.0,70534.0,70609.0,11286.0,22004.0,82.975,88.09,26.11,836.16,13460.55
2024-02-23,62257.0,62155.0,70310.0,70396.0,2030.9,2024.0,23.07,2030.7,23.0,46400.0,-9632.0,103.96,4.3207,7.068,82.8575,1.0851,62155.0,62308.0,61951.0,61977.0,3216.0,13330.0,70724.0,71200.0,70155.0,70269.0,14662.0,21532.0,82.8575,88.28,25.83,829.82,13460.55
2024-02-26,62027.0,62008.0,69393.0,69653.0,2019.3,2027.45,22.72,2049.4,23.19,64348.0,5363.0,103.94,4.248,7.076,82.935,1.0833,62108.0,62388.0,61877.0,62345.0,4826.0,13301.0,70154.0,70510.0,69795.0,70479.0,13907.0,19544.0,82.935,88.38,26.79,827.81,13426.4
2024-02-27,62244.0,62224.0,69739.0,69449.0,2035.15,2027.2,22.51,2038.9,22.74,64348.0,5363.0,103.83,4.2795,7.064,82.885,1.0853,62327.0,62340.0,62050.0,62149.0,2867.0,13033.0,70182.0,70250.0,69383.0,69430.0,8355.0,18216.0,82.885,89.68,26.28,827.81,13331.07
2024-02-28,62240.0,62271.0,69400.0,69902.0,2036.0,2035.05,22.67,2044.1,22.76,64348.0,5363.0,103.83,4.3032,7.071,82.9575,1.0868,62200.0,62385.0,62180.0,62301.0,3226.0,12996.0,71245.0,71560.0,70885.0,71058.0,14203.0,22377.0,82.9575,89.82,25.92,827.81,13311.15
2024-02-29,62251.0,62135.0,69436.0,69343.0,2025.25,2032.45,22.35,2042.7,22.64,64348.0,5363.0,103.98,4.2639,7.066,82.9725,1.0831,62215.0,62360.0,62077.0,62249.0,3091.0,12889.0,70948.0,71025.0,70504.0,70770.0,14560.0,26939.0,82.9725,90.24,26.01,826.94,13470.49
2024-03-01,62282.0,62241.0,69529.0,69312.0,2032.8,2048.05,22.34,2054.7,22.89,64348.0,5363.0,104.16,4.2502,7.078,82.97,1.0853,62270.0,62688.0,62118.0,62567.0,4859.0,13237.0,70841.0,71540.0,70520.0,71279.0,16194.0,25486.0,82.97,89.78,26.25,825.5,13430.66
2024-03-04,62592.0,62816.0,69977.0,69898.0,2050.3,2049.8,22.72,2095.7,23.36,68042.0,-4143.0,103.86,4.1798,7.057,82.945,1.082,62567.0,63611.0,62403.0,63563.0,9438.0,14778.0,71346.0,72350.0,71000.0,72278.0,21247.0,21854.0,82.945,89.7,26.21,822.91,13405.05
2024-03-05,,,,,,,,,,,,,,,,,,,,,,,,,,,,,,,,,
2024-03-06,64404.0,64598.0,72038.0,72244.0,2126.25,2134.4,23.93,2141.9,23.98,68042.0,-4143.0,103.8,4.1525,7.057,82.9425,1.0863,64331.0,65140.0,64331.0,64845.0,7937.0,16491.0,73358.0,74439.0,73150.0,73374.0,19656.0,21974.0,82.9425,89.31,27.41,821.47,13358.42
2024-03-07,64556.0,64493.0,71713.0,71710.0,2127.35,2142.85,23.8,2158.2,24.49,68042.0,-4143.0,103.37,4.102,7.055,82.865,1.0877,64702.0,65250.0,64679.0,65178.0,5455.0,17041.0,73203.0,74240.0,73022.0,74138.0,18144.0,22441.0,82.865,88.11,27.27,821.47,13284.45
2024-03-08,,,,,,,,,,,,,,,,,,,,,,,,,,,,,,,,,
2024-03-11,65049.0,64955.0,72121.0,72265.0,2168.65,2171.2,24.5,2185.5,24.55,131060.0,15530.0,102.71,4.0749,7.031,82.6825,1.0909,65599.0,66356.0,65416.0,66023.0,6287.0,17868.0,74530.0,74841.0,74070.0,74262.0,12766.0,22162.0,82.6825,89.03,28.02,816.57,13079.61
2024-03-12,65635.0,65646.0,72539.0,72547.0,2178.45,2180.45,24.36,2188.6,24.72,131060.0,15530.0,102.87,4.0982,7.015,82.7725,1.0937,66023.0,66182.0,65900.0,66035.0,3772.0,17520.0,74181.0,74658.0,74112.0,74514.0,8733.0,22686.0,82.7725,88.55,28.08,815.13,13011.33
2024-03-13,65615.0,65566.0,72766.0,72675.0,2176.4,2161.25,24.38,2166.1,24.39,131060.0,15530.0,102.96,4.1507,7.027,82.8025,1.0939,65932.0,66044.0,65382.0,65481.0,7253.0,16548.0,74459.0,74900.0,73583.0,73850.0,17600.0,22080.0,82.8025,88.8,27.93,815.13,13028.4
2024-03-14,65334.0,65335.0,72149.0,72469.0,2160.85,2168.4,24.3,2180.8,25.16,131060.0,15530.0,102.79,4.1899,7.041,82.8625,1.0939,65520.0,66030.0,65450.0,65897.0,4036.0,16005.0,73810.0,75271.0,73700.0,75170.0,15978.0,24912.0,82.8625,86.69,27.36,815.13,13028.4
2024-03-15,65467.0,65523.0,73576.0,73781.0,2169.8,2160.8,24.97,2167.5,25.06,131060.0,15530.0,103.36,4.2903,7.04,82.8625,1.0942,65800.0,65843.0,65434.0,65595.0,3782.0,15148.0,75349.0,75641.0,74940.0,75226.0,10611.0,25228.0,82.8625,86.49,26.67,815.13,13028.4
2024-03-18,65534.0,65559.0,74125.0,74210.0,2170.35,2163.45,25.22,2161.5,25.38,159560.0,26661.0,103.43,4.3063,7.064,82.88,1.0885,65659.0,65897.0,65510.0,65542.0,5135.0,13833.0,75307.0,76049.0,75307.0,75650.0,14253.0,26410.0,82.88,85.16,26.67,816.86,12997.11
2024-03-19,65270.0,65612.0,73772.0,74156.0,2155.3,2158.15,25.18,2185.9,25.27,159560.0,26661.0,103.58,4.3242,7.089,82.915,1.0902,65348.0,65700.0,65180.0,65608.0,4000.0,13317.0,75400.0,75950.0,75184.0,75496.0,8883.0,26339.0,82.915,86.52,26.43,831.84,12923.15
2024-03-20,65559.0,65589.0,73616.0,73844.0,2154.3,2154.9,24.93,2181.2,25.14,159560.0,26661.0,103.82,4.2925,7.099,83.0375,1.0847,65609.0,65719.0,65375.0,65583.0,4335.0,12538.0,75575.0,75719.0,74841.0,75287.0,8954.0,25678.0,83.0375,86.78,26.13,831.84,13290.11
2024-03-21,65795.0,65689.0,73859.0,73886.0,2153.4,2157.45,24.86,2182.4,25.1,159560.0,26661.0,103.39,4.2728,7.091,83.1725,1.0841,65599.0,65856.0,65540.0,65750.0,4794.0,12168.0,75326.0,75502.0,74904.0,75313.0,7519.0,25357.0,83.1725,86.93,26.85,837.35,13260.24
2024-03-22,66968.0,66914.0,75448.0,75045.0,2210.65,2170.5,25.43,2206.5,25.01,159560.0,26661.0,104.01,4.2669,7.048,83.1275,1.0908,66100.0,66943.0,65852.0,66189.0,8744.0,10228.0,75915.0,78323.0,74639.0,75081.0,22203.0,24637.0,83.1275,88.24,27.22,838.5,13179.17
2024-03-25,,,,,,,,,,,,,,,,,,,,,,,,,,,,,,,,,
2024-03-26,66245.0,66268.0,73787.0,74052.0,2168.35,2176.7,24.67,2198.2,24.89,157467.0,37819.0,104.22,4.2454,7.094,83.6725,1.0819,65858.0,66242.0,65858.0,66022.0,2268.0,7812.0,74939.0,75270.0,74823.0,74923.0,3048.0,24017.0,83.6725,88.31,26.82,835.33,13095.26
2024-03-27,66243.0,66716.0,73903.0,74279.0,2193.45,2179.8,24.83,2199.2,24.62,157467.0,37819.0,104.3,4.2316,7.09,83.3625,1.0856,65949.0,66439.0,65880.0,66114.0,5983.0,6055.0,74829.0,75244.0,74280.0,74518.0,12444.0,23037.0,83.3625,89.31,26.94,835.33,13106.64
2024-03-28,66420.0,66834.0,73801.0,73997.0,2193.45,2179.8,24.83,2199.2,24.62,157467.0,37819.0,104.3,4.2316,7.09,83.3625,1.0856,65949.0,66439.0,65880.0,66114.0,5983.0,6055.0,74829.0,75244.0,74280.0,74518.0,12444.0,23037.0,83.3625,89.31,26.94,835.33,13106.64
2024-03-29,,,,,,,,,,,,,,,,,,,,,,,,,,,,,,,,,
2024-04-01,66971.0,67252.0,74011.0,74127.0,,,,2238.4,24.92,157720.0,30182.0,104.49,4.2003,7.056,83.44,1.0803,67188.0,67859.0,67010.0,67701.0,9423.0,23487.0,74779.0,75296.0,74357.0,75048.0,16292.0,22574.0,83.405,89.84,26.91,830.15,13190.55
2024-04-02,68964.0,68663.0,75400.0,75111.0,,,,2257.1,25.07,157720.0,30182.0,105.02,4.3092,7.056,83.44,1.0803,67888.0,68926.0,67888.0,68331.0,6984.0,23543.0,75450.0,76320.0,75010.0,75532.0,18060.0,22988.0,83.44,90.02,26.96,830.15,13190.55
2024-04-03,68817.0,68961.0,75722.0,76127.0,2264.55,2264.5,25.65,2281.8,25.92,157720.0,30182.0,104.82,4.3491,7.116,83.4725,1.0755,68580.0,69139.0,68580.0,68928.0,7296.0,24155.0,75750.0,77111.0,75310.0,77036.0,20354.0,27226.0,83.4725,88.02,26.8,826.98,13399.59
2024-04-04,69526.0,69364.0,77664.0,77594.0,2270.75,2280.15,26.25,2315.0,27.06,157720.0,30182.0,104.25,4.3472,7.103,83.5375,1.0771,69309.0,69918.0,69022.0,69799.0,7740.0,24528.0,77189.0,79197.0,77189.0,79011.0,20138.0,28737.0,83.5375,85.55,27.1,829.0,13487.76
2024-04-05,69936.0,69902.0,79063.0,79337.0,2292.5,2293.5,27.0,2308.5,27.25,157720.0,30182.0,104.12,4.3094,7.093,83.505,1.0866,69868.0,69908.0,69469.0,69707.0,5686.0,24123.0,79099.0,80098.0,79099.0,79984.0,14199.0,29004.0,83.505,84.72,26.66,830.72,13601.92
2024-04-08,69667.0,69882.0,79224.0,79096.0,2288.45,2298.55,26.78,2345.4,27.5,178213.0,34084.0,104.3,4.4016,7.122,83.3725,1.0836,69297.0,70699.0,69297.0,70636.0,8017.0,24031.0,79339.0,81030.0,78631.0,80863.0,24400.0,28124.0,83.3725,85.28,26.99,832.45,13718.53
2024-04-09,71064.0,71279.0,81383.0,81496.0,2336.9,2320.25,27.83,2351.0,27.81,178213.0,34084.0,104.14,4.4198,7.151,83.36,1.0831,70999.0,71080.0,70443.0,70912.0,5935.0,23631.0,81595.0,82109.0,80728.0,81875.0,20585.0,27772.0,83.3725,84.55,27.2,826.41,13728.48
2024-04-10,71507.0,71832.0,81700.0,82100.0,2364.2,2356.1,27.97,2362.4,27.98,178213.0,34084.0,104.15,4.3616,7.151,83.36,1.0831,71026.0,71739.0,70988.0,71340.0,6746.0,23557.0,81971.0,83038.0,81740.0,82450.0,20420.0,27373.0,83.36,84.42,27.72,827.85,13745.55
2024-04-11,,,,,,,,,,,,,,,,,,,,,,,,,,,,,,,,,
2024-04-12,72048.0,71823.0,82468.0,82343.0,2331.75,2345.65,28.02,2372.7,28.25,178213.0,34084.0,105.28,4.5865,7.112,83.23,1.0856,71273.0,71682.0,71081.0,71644.0,2852.0,23314.0,82481.0,82909.0,82124.0,82847.0,9389.0,27643.0,83.23,83.99,27.91,828.45,13623.26
2024-04-15,72967.0,73174.0,83605.0,83819.0,2394.8,2401.5,29.03,2374.1,28.33,179142.0,38496.0,106.04,4.5216,7.179,83.5,1.0658,71999.0,73958.0,71704.0,71843.0,14099.0,22746.0,83239.0,86126.0,82609.0,82813.0,37874.0,25969.0,83.5,83.8,27.72,830.75,13496.72
2024-04-16,72732.0,72813.0,83506.0,83452.0,2347.15,2344.2,28.44,2383.0,28.72,179142.0,38496.0,106.21,4.6014,7.178,83.47,1.0668,72030.0,72366.0,71200.0,72277.0,10531.0,22291.0,82799.0,84024.0,82798.0,83851.0,21047.0,25787.0,83.47,82.98,27.9,826.72,13496.72
2024-04-17,,,,,,,,,,,,,,,,,,,,,,,,,,,,,,,,,
2024-04-18,73514.0,73302.0,83632.0,83213.0,2393.75,2390.35,28.47,2388.4,28.4,-0.81,0.08,105.95,4.5873,7.187,83.6125,1.0636,73299.0,73299.0,72380.0,72523.0,6149.0,21958.0,83799.0,84322.0,83203.0,83499.0,12864.0,24699.0,83.6125,84.1,28.88,830.18,13256.43
2024-04-19,73333.0,73477.0,83450.0,83327.0,2379.85,2382.7,28.47,2398.0,28.66,179142.0,38496.0,106.15,4.6326,7.188,83.5425,1.0673,72498.0,72880.0,72353.0,72683.0,7835.0,21441.0,84000.0,84000.0,83080.0,83273.0,13152.0,23274.0,83.5425,83.66,28.99,827.59,13132.73
2024-04-22,73596.0,73404.0,83113.0,82853.0,2381.8,2379.7,28.24,2413.8,29.13,172861.0,40962.0,106.15,4.6207,7.228,83.485,1.0648,72718.0,72955.0,72309.0,72806.0,9239.0,21118.0,83795.0,83795.0,82736.0,83507.0,14675.0,22733.0,83.485,82.87,29.03,827.59,13019.0
2024-04-23,73161.0,72875.0,81939.0,81554.0,2361.45,2334.95,27.74,2346.4,27.52,172861.0,40962.0,106.08,4.6085,7.19,83.3825,1.0648,72127.0,72295.0,71160.0,71197.0,9739.0,19742.0,82500.0,82500.0,80425.0,80579.0,23553.0,18736.0,83.3825,85.26,28.65,831.9,12950.75
2024-04-24,,,,,,,,,,,,,,,,,,,,,,,,,,,,,,,,,
2024-04-25,72219.0,71826.0,80800.0,80687.0,2312.3,2320.25,27.12,2338.4,27.62,172861.0,40962.0,105.86,4.6417,7.185,83.315,1.0685,70987.0,71369.0,70730.0,71050.0,5693.0,19360.0,80753.0,81055.0,80267.0,80497.0,12132.0,15526.0,83.315,84.66,28.24,833.63,13320.39
2024-04-26,71841.0,72094.0,80576.0,80898.0,2325.65,2318.7,27.37,2342.5,27.63,172861.0,40962.0,105.6,4.7039,7.205,83.325,1.0741,70778.0,71580.0,70631.0,71214.0,7556.0,19417.0,80298.0,81127.0,79702.0,80684.0,11663.0,12700.0,83.325,84.77,28.03,833.63,13368.73
2024-04-29,72360.0,72448.0,81456.0,81374.0,2349.8,2343.1,27.63,2347.2,27.54,176157.0,39955.0,105.94,4.663,7.187,83.4325,1.0741,71212.0,71750.0,71212.0,71500.0,6829.0,19488.0,82557.0,83125.0,82120.0,82496.0,17103.0,20624.0,83.4325,85.24,27.99,834.78,13363.04
2024-04-30,72239.0,72373.0,80914.0,81128.0,2337.6,2333.55,27.38,2357.7,27.66,176157.0,39955.0,105.58,4.6136,7.197,83.54,1.0735,71230.0,71698.0,71147.0,71602.0,5938.0,19542.0,82347.0,82690.0,81907.0,82483.0,15293.0,23820.0,83.54,85.24,28.53,832.19,13334.61
2024-05-01,,,,,,,,,,,,,,,,,,,,,,,,,,,,,,,,,
2024-05-02,,,,,,,,,,,,,,,,,,,,,,,,,,,,,,,,,
2024-05-03,71670.0,71327.0,80119.0,79719.0,2300.55,2288.85,26.24,2309.6,26.83,176157.0,39955.0,105.3,4.5811,7.16,83.535,1.0713,71278.0,71278.0,70301.0,70736.0,8872.0,18039.0,81495.0,81614.0,80275.0,81363.0,21995.0,23855.0,83.54,86.09,29.25,831.04,13209.52
2024-05-06,71321.0,71191.0,80227.0,79989.0,2301.1,2294.45,26.5,2308.6,26.69,167139.0,33760.0,105.03,4.5077,7.147,83.5175,1.0741,70678.0,71129.0,70082.0,70668.0,9786.0,17132.0,81325.0,81876.0,80436.0,81043.0,19475.0,24018.0,83.5175,86.5,29.56,829.6,13203.82
2024-05-07,71621.0,71816.0,80965.0,81292.0,,,,2331.2,27.61,167139.0,33760.0,105.05,4.4874,7.105,83.595,1.0768,70849.0,71520.0,70849.0,71369.0,7077.0,17222.0,81750.0,83000.0,81603.0,82955.0,16175.0,25194.0,83.595,84.42,29.7,829.6,13189.61
2024-05-08,71775.0,71668.0,81500.0,81661.0,2315.0,2319.6,27.26,2324.2,27.54,167139.0,33760.0,105.41,4.457,7.128,83.5675,1.0776,70849.0,71520.0,70849.0,71369.0,7077.0,17222.0,81750.0,83000.0,81603.0,82955.0,16175.0,25194.0,83.595,84.38,29.65,832.19,13189.61
2024-05-09,71725.0,71645.0,81663.0,81542.0,2308.55,2309.05,27.24,2322.3,27.6,167139.0,33760.0,105.55,4.4937,7.134,83.57,1.0748,71163.0,71315.0,70901.0,71127.0,6422.0,15789.0,82878.0,83166.0,82300.0,82994.0,11711.0,25466.0,83.57,84.14,29.4,830.47,13189.61
2024-05-10,71624.0,71502.0,82296.0,82342.0,2308.7,2325.7,27.63,2340.3,28.37,167139.0,33760.0,105.23,4.4531,7.132,83.5575,1.0725,71050.0,71708.0,70877.0,71639.0,9499.0,14735.0,83119.0,84575.0,83100.0,84499.0,15919.0,27767.0,83.5575,82.51,29.53,830.47,13189.61
2024-05-13,72633.0,73008.0,84152.0,84215.0,2371.05,2372.45,28.64,2375.0,28.51,163132.0,34914.0,105.3,4.4963,7.128,83.5525,1.0785,71730.0,72888.0,71730.0,72727.0,8552.0,14331.0,84761.0,85812.0,84382.0,84910.0,15387.0,27616.0,83.5525,83.32,30.35,830.47,13132.75
2024-05-14,72490.0,72164.0,83265.0,83494.0,2340.3,2343.8,28.13,2343.0,28.44,163132.0,34914.0,105.22,4.4865,7.115,83.5575,1.077,72363.0,72414.0,71750.0,71855.0,7305.0,12674.0,84598.0,85234.0,84377.0,84886.0,8425.0,27537.0,83.5575,82.38,29.61,831.92,13101.49
2024-05-15,72202.0,72335.0,84080.0,84080.0,2347.4,2354.85,28.43,2359.9,28.7,163132.0,34914.0,105.01,4.4394,7.107,83.555,1.0778,71936.0,72336.0,71832.0,72297.0,5698.0,12184.0,85068.0,85750.0,84796.0,85417.0,12357.0,27971.0,83.555,82.22,30.25,831.92,13101.49
2024-05-16,72725.0,72934.0,84206.0,84505.0,2371.8,2357.5,28.82,2394.9,29.73,163132.0,34914.0,104.35,4.34,7.081,83.5425,1.0813,72336.0,73145.0,72234.0,73102.0,10050.0,11741.0,85521.0,86975.0,85172.0,86865.0,22749.0,29485.0,83.5425,80.56,30.46,831.92,13073.06
2024-05-17,73476.0,73438.0,85700.0,86230.0,2383.65,2377.4,29.67,2385.5,29.88,163132.0,34914.0,104.46,4.375,7.076,83.5275,1.0868,73128.0,73268.0,72734.0,72980.0,4621.0,11044.0,86963.0,87494.0,86867.0,87300.0,13841.0,29705.0,83.5275,79.85,30.11,833.36,13073.06
2024-05-20,,,,,,,,,,,,,,,,,,,,,,,,,,,,,,,,,
2024-05-21,,,,,,,,,,,,,,,,,,,,,,,,,,,,,,,,,
2024-05-22,74222.0,74214.0,92444.0,92873.0,2417.05,2427.3,31.64,2449.1,32.08,172942.0,41621.0,104.66,4.412,7.079,83.3375,1.0869,73790.0,74325.0,73701.0,74021.0,7101.0,9678.0,93761.0,95950.0,92798.0,94725.0,31214.0,27646.0,83.3375,76.35,31.14,838.54,13132.75
2024-05-23,74114.0,74080.0,93094.0,92886.0,2414.25,2407.9,31.82,2415.7,31.5,172942.0,41621.0,104.93,4.4218,7.037,83.3025,1.0841,74026.0,74026.0,72976.0,73046.0,6845.0,8351.0,94604.0,94868.0,92728.0,93013.0,23936.0,26500.0,83.3025,76.7,31.14,838.54,13132.75
2024-05-24,72791.0,72826.0,89410.0,90055.0,2361.8,2357.35,30.54,2359.7,30.46,172942.0,41621.0,105.11,4.4767,7.037,83.3025,1.0841,72681.0,72681.0,71500.0,71577.0,8068.0,7413.0,92840.0,92840.0,90250.0,90437.0,27216.0,24970.0,83.3025,77.48,30.7,838.54,13078.75
2024-05-27,71952.0,72028.0,89697.0,89762.0,2339.75,2342.7,30.59,2356.9,30.5,193972.0,37703.0,104.72,4.465,7.046,83.145,1.0817,71468.0,71685.0,71211.0,71256.0,5068.0,6884.0,90562.0,91450.0,90366.0,90548.0,13834.0,24854.0,83.145,77.28,30.33,833.36,13104.33
2024-05-28,72162.0,72191.0,90590.0,90811.0,,,,2356.9,30.5,193972.0,37703.0,104.6,4.465,7.033,83.1375,1.0852,71595.0,72126.0,71456.0,72009.0,5458.0,5970.0,91479.0,94777.0,91461.0,94608.0,20557.0,27230.0,83.1375,77.28,30.33,832.21,13016.22
2024-05-29,72336.0,72291.0,92522.0,93120.0,2344.7,2350.65,31.56,2379.3,32.14,193972.0,37703.0,104.61,4.55,6.996,83.19,1.0882,72333.0,72600.0,71971.0,72407.0,3614.0,16474.0,94708.0,96220.0,93325.0,95448.0,26509.0,28115.0,83.19,74.04,29.8,832.21,13016.22
2024-05-30,72625.0,72413.0,94280.0,94118.0,2340.9,2343.35,32.01,2364.1,32.37,193972.0,37703.0,105.12,4.6117,7.013,83.465,1.0853,72406.0,72635.0,72053.0,72271.0,5904.0,17018.0,95502.0,96493.0,94732.0,96162.0,19480.0,28973.0,83.465,73.03,29.84,832.21,12983.54
2024-05-31,71990.0,72115.0,92680.0,92673.0,2337.55,2348.55,31.52,2366.5,31.53,193972.0,37703.0,104.72,4.546,6.997,83.365,1.0815,72011.0,72395.0,71743.0,72216.0,6819.0,16966.0,95800.0,95896.0,93652.0,94123.0,25091.0,26705.0,83.365,75.05,30.37,832.21,12983.54
2024-06-03,72254.0,72356.0,91793.0,92449.0,2342.9,2348.25,31.27,2345.8,30.44,179221.0,39529.0,104.67,4.4985,6.979,83.5025,1.0844,72088.0,72670.0,71798.0,71834.0,5100.0,17050.0,93850.0,95150.0,91355.0,91570.0,32080.0,24810.0,83.5025,77.06,30.47,832.21,12869.86
2024-06-04,71405.0,71776.0,88950.0,90217.0,2324.7,2337.7,30.37,2369.3,30.78,179221.0,39529.0,104.14,4.3884,6.944,83.1925,1.0851,71467.0,72400.0,71290.0,72203.0,5381.0,16906.0,91125.0,92430.0,89992.0,92033.0,23900.0,24642.0,83.1925,76.97,31.92,832.21,12869.86
2024-06-05,72527.0,71969.0,91286.0,88837.0,2330.5,2326.0,29.71,2347.4,29.62,179221.0,39529.0,104.11,4.3259,7.038,83.5825,1.0878,72150.0,72560.0,71604.0,71997.0,5431.0,16592.0,92107.0,92772.0,89251.0,89659.0,24238.0,22839.0,83.5825,79.26,32.05,832.21,12869.86
2024-06-06,71897.0,71986.0,88351.0,88530.0,2332.25,2340.05,29.61,2375.5,30.07,179221.0,39529.0,104.27,4.2755,7.027,83.4675,1.087,72077.0,72595.0,71811.0,72518.0,4740.0,16786.0,89898.0,90574.0,88912.0,90444.0,16476.0,22629.0,83.4675,78.99,32.07,832.21,12917.13
2024-06-07,72857.0,72757.0,90643.0,90407.0,2360.85,2360.6,30.3,2390.9,31.37,179221.0,39529.0,104.1,4.287,7.011,83.5475,1.0873,72879.0,73308.0,72638.0,73131.0,4981.0,16873.0,90839.0,93900.0,90839.0,93816.0,24259.0,23770.0,83.5475,76.22,31.65,833.65,12999.54
2024-06-10,73033.0,71913.0,92375.0,90535.0,2338.0,2310.8,30.27,2325.0,29.44,180761.0,35801.0,104.89,4.4335,7.017,83.445,1.0902,73237.0,73516.0,71172.0,71353.0,13004.0,16038.0,93628.0,94610.0,88727.0,89089.0,43091.0,22701.0,83.445,78.97,30.78,833.65,12999.54
2024-06-11,70905.0,71176.0,88543.0,88928.0,2297.65,2304.4,29.68,2327.0,29.87,180761.0,35801.0,105.15,4.467,7.033,83.5375,1.0748,71149.0,71490.0,70751.0,71438.0,5729.0,15406.0,89355.0,90180.0,88900.0,90022.0,15745.0,21293.0,83.5375,77.89,29.93,835.67,13098.99
2024-06-12,71192.0,71445.0,87294.0,87708.0,2302.5,2316.5,29.25,2326.6,29.23,180761.0,35801.0,105.23,4.404,7.014,83.62,1.0744,71251.0,71709.0,71004.0,71490.0,4260.0,15218.0,89100.0,89569.0,88161.0,88663.0,14976.0,21614.0,83.62,79.59,29.87,835.67,13150.14
2024-06-13,71600.0,71580.0,88257.0,88192.0,2314.9,2326.25,29.38,2354.8,30.27,180761.0,35801.0,104.65,4.316,7.012,83.61,1.076,71523.0,72172.0,71421.0,71970.0,6518.0,15196.0,89250.0,91190.0,88905.0,90445.0,23838.0,20983.0,83.61,77.8,30.0,830.77,13285.1
2024-06-14,71501.0,71513.0,87845.0,87847.0,2316.35,2310.8,29.24,2318.0,29.07,180761.0,35801.0,105.2,4.2442,6.987,83.565,1.0793,71475.0,71750.0,70976.0,71138.0,8138.0,14804.0,88946.0,89323.0,87363.0,87983.0,29960.0,21071.0,83.565,79.75,29.48,830.77,13364.66
2024-06-17,,,,,,,,,,,,,,,,,,,,,,,,,,,,,,,,,
2024-06-18,71394.0,71866.0,87555.0,87833.0,2320.7,2319.9,29.24,2329.0,29.39,177549.0,29600.0,105.32,4.2809,6.983,83.5625,1.0699,71672.0,71783.0,71325.0,71450.0,3091.0,14746.0,88561.0,89374.0,88267.0,88820.0,8470.0,20643.0,83.5625,79.24,28.99,825.31,13390.23
2024-06-19,71597.0,71285.0,88027.0,87553.0,2312.05,2324.35,29.13,2346.9,29.88,177549.0,29600.0,105.26,4.2227,6.979,83.445,1.0717,71575.0,71773.0,71175.0,71739.0,6290.0,14499.0,89365.0,89427.0,87851.0,89080.0,18779.0,20052.0,83.445,78.54,28.77,825.31,13367.5
2024-06-20,71740.0,71704.0,88100.0,88195.0,2328.6,2324.25,29.48,2346.9,29.88,177549.0,29600.0,105.25,4.2227,6.974,83.4625,1.0744,71740.0,71886.0,71610.0,71732.0,2601.0,14559.0,88960.0,89519.0,88710.0,89475.0,10634.0,19820.0,83.4625,78.54,28.77,825.31,13528.02
2024-06-21,72169.0,72162.0,90050.0,90038.0,2332.95,2351.6,30.23,2369.0,31.15,177549.0,29600.0,105.59,4.2594,6.978,83.635,1.0732,71880.0,72850.0,71806.0,72586.0,7628.0,15377.0,89989.0,91850.0,89989.0,91665.0,21414.0,17205.0,83.635,76.06,29.14,825.31,13528.02
2024-06-24,72726.0,72746.0,90666.0,90666.0,2364.0,2335.05,30.44,2331.2,29.94,177549.0,29600.0,105.8,4.2554,6.973,83.57,1.0688,72677.0,72867.0,71540.0,71584.0,9101.0,14498.0,91252.0,91680.0,89077.0,89139.0,20379.0,16509.0,83.57,77.86,28.88,833.65,13528.02
2024-06-25,71613.0,71615.0,88718.0,88671.0,2327.2,2328.75,29.56,2344.4,29.85,189533.0,32159.0,105.47,4.2321,6.974,83.4875,1.0732,71716.0,71860.0,71531.0,71791.0,3476.0,14358.0,89176.0,89455.0,88727.0,88999.0,7898.0,16058.0,83.4875,78.54,28.72,833.65,13462.68
2024-06-26,71549.0,71739.0,88486.0,88515.0,2332.4,2325.05,29.56,2330.8,29.19,189533.0,32159.0,105.61,4.2476,6.986,83.4325,1.0728,71712.0,71917.0,71366.0,71467.0,5519.0,14165.0,88837.0,89156.0,86710.0,86937.0,15407.0,14696.0,83.4325,79.84,28.84,829.05,13707.0
2024-06-27,,,,,,,,,,,,,,,,,,,,,,,,,,,,,,,,,
2024-06-28,71083.0,71391.0,86761.0,87043.0,2310.55,2323.6,28.87,2336.6,29.26,189533.0,32159.0,105.91,4.2864,6.999,83.535,1.0716,70992.0,71695.0,70870.0,71572.0,5689.0,14210.0,86564.0,87690.0,86451.0,87048.0,9395.0,10189.0,83.535,79.87,28.59,829.05,13628.88
2024-07-01,,,,,,,,,,,,,,,,,,,,,,,,,,,,,,,,,
2024-07-02,,,,,,,,,,,,,,,,,,,,,,,,,,,,,,,,,
2024-07-03,,,,,,,,,,,,,,,,,,,,,,,,,,,,,,,,,
2024-07-04,71983.0,72226.0,88857.0,89698.0,2342.55,2361.35,30.13,2369.4,30.84,184710.0,32990.0,105.4,4.3587,6.998,83.5825,1.075,71713.0,72573.0,71685.0,72403.0,7321.0,14254.0,90082.0,92400.0,89892.0,92021.0,22052.0,22974.0,83.5825,76.82,28.25,833.37,13586.27
2024-07-05,,,,,,,,,,,,,,,,,,,,,,,,,,,,,,,,,
2024-07-08,72678.0,72640.0,90714.0,90709.0,2365.35,2379.05,30.58,2397.7,31.69,184710.0,32990.0,104.88,4.2784,6.993,83.5525,1.0815,72412.0,73149.0,72205.0,73051.0,6454.0,13773.0,92211.0,94186.0,91499.0,93554.0,24909.0,24411.0,83.5525,75.66,28.83,834.8,13688.66
2024-07-09,72910.0,72746.0,91300.0,91733.0,2371.65,2376.65,30.99,2363.5,30.91,178541.0,32472.0,105.0,4.2783,6.99,83.5575,1.0839,73038.0,73068.0,72130.0,72333.0,5343.0,13042.0,93295.0,93888.0,92025.0,92614.0,17231.0,23410.0,83.5575,76.46,28.71,834.8,13643.21
2024-07-10,72454.0,72346.0,91892.0,91847.0,2362.4,2367.9,31.06,2367.9,31.06,178541.0,32472.0,105.0,4.2959,6.988,83.545,1.0819,72578.0,72634.0,72111.0,72398.0,4748.0,12577.0,92799.0,93691.0,92367.0,92969.0,14498.0,23351.0,83.545,76.25,29.09,834.8,13572.2
2024-07-11,72483.0,72616.0,91439.0,91793.0,2372.9,2384.35,30.94,2379.7,31.01,178541.0,32472.0,105.05,4.2841,6.975,83.55,1.0832,72530.0,72972.0,72500.0,72668.0,4797.0,12301.0,93073.0,93780.0,92680.0,92832.0,11867.0,23312.0,83.55,76.73,28.99,833.37,13572.2
2024-07-12,72751.0,72563.0,92205.0,92204.0,2383.55,2409.2,31.02,2421.9,31.67,178541.0,32472.0,104.44,4.2101,6.983,83.61,1.086,72815.0,73333.0,72730.0,73311.0,7493.0,12859.0,93400.0,94590.0,93150.0,94190.0,23441.0,24072.0,83.61,76.47,29.31,833.37,13549.48
2024-07-15,72815.0,72664.0,92156.0,91827.0,2404.15,2406.85,30.72,2420.7,31.16,191603.0,39803.0,104.09,4.1829,6.987,83.5475,1.09,73204.0,73292.0,72919.0,73269.0,4855.0,12236.0,94011.0,94011.0,92077.0,93109.0,20551.0,22985.0,83.5475,77.68,29.45,835.09,13549.48
2024-07-16,72713.0,72932.0,91465.0,91835.0,2408.5,2421.25,30.74,2428.9,30.94,191603.0,39803.0,104.19,4.2294,6.977,83.6275,1.0908,73105.0,73737.0,73035.0,73471.0,4559.0,12256.0,92903.0,93460.0,92325.0,92572.0,14318.0,22710.0,83.6275,78.51,29.65,835.09,13482.74
2024-07-17,,,,,,,,,,,,,,,,,,,,,,,,,,,,,,,,,
2024-07-18,73131.0,73339.0,91802.0,92014.0,2470.35,2480.25,30.92,2459.9,30.38,191603.0,39803.0,103.75,4.1576,6.963,83.605,1.0908,74259.0,74731.0,74068.0,74137.0,4113.0,13007.0,93402.0,93575.0,91620.0,91942.0,20189.0,24093.0,83.605,80.98,29.69,842.02,13482.74
2024-07-19,,,,,,,,,,,,,,,,,,,,,,,,,,,,,,,,,
2024-07-22,73273.0,73240.0,89300.0,88983.0,2415.8,2403.5,29.11,2446.8,29.3,220359.0,38638.0,104.4,4.2389,6.963,83.6975,1.0885,73810.0,73866.0,72930.0,72990.0,8507.0,10735.0,91441.0,91441.0,89270.0,89646.0,21577.0,26279.0,83.6975,83.51,30.54,840.01,13556.58
2024-07-23,73006.0,73218.0,88328.0,88196.0,2401.4,2392.7,29.07,2442.1,29.32,220359.0,38638.0,104.31,4.2525,6.967,83.68,1.0891,73161.0,73185.0,72501.0,72718.0,7001.0,10672.0,89641.0,89744.0,88500.0,89203.0,13931.0,26451.0,83.68,83.29,31.15,840.01,13678.69
2024-07-24,72609.0,69602.0,87576.0,84919.0,2404.45,2403.1,29.06,2455.2,29.33,220359.0,38638.0,104.45,4.2506,6.969,83.725,1.0868,72838.0,72850.0,68456.0,68510.0,27806.0,11357.0,88995.0,89015.0,84275.0,84919.0,43343.0,26996.0,83.725,83.71,31.9,840.01,14172.82
2024-07-25,,,,,,,,,,,,,,,,,,,,,,,,,,,,,,,,,
2024-07-26,68177.0,68227.0,81801.0,81474.0,2371.25,2364.2,27.99,2399.9,27.98,220359.0,38638.0,104.36,4.2407,6.952,83.745,1.0858,68015.0,68105.0,67400.0,67462.0,10423.0,8423.0,84501.0,84501.0,80666.0,81331.0,30934.0,29188.0,83.745,85.79,30.66,841.74,14204.05
2024-07-29,68069.0,68131.0,81336.0,81271.0,2374.55,2386.1,27.76,2427.9,28.02,198444.0,25801.0,104.32,4.1939,6.942,83.7325,1.086,67990.0,68340.0,67666.0,68186.0,6219.0,4600.0,81662.0,81700.0,80914.0,81371.0,15359.0,28786.0,83.7325,86.65,31.47,845.19,14204.05
2024-07-30,68794.0,68800.0,82200.0,82192.0,2392.1,2391.1,28.14,2425.5,27.87,198444.0,25801.0,0.25,4.1744,6.918,83.81,1.0837,68426.0,68670.0,68040.0,68268.0,6044.0,2027.0,81711.0,82314.0,80271.0,81287.0,17324.0,29702.0,83.81,87.04,31.99,843.17,14340.35
2024-07-31,68713.0,68680.0,81616.0,81350.0,2389.15,2390.25,27.88,2451.9,28.53,198444.0,25801.0,104.55,4.1394,6.934,83.795,1.0844,68855.0,69300.0,68600.0,69178.0,6607.0,19849.0,81421.0,82800.0,81115.0,82659.0,14577.0,27838.0,83.795,85.96,32.81,843.17,14326.15
2024-08-01,,,,,,,,,,,,,,,,,,,,,,,,,,,,,,,,,
2024-08-02,,,,,,,,,,,,,,,,,,,,,,,,,,,,,,,,,
2024-08-05,,,,,,,,,,,,,,,,,,,,,,,,,,,,,,,,,
2024-08-06,,,,,,,,,,,,,,,,,,,,,,,,,,,,,,,,,
2024-08-07,,,,,,,,,,,,,,,,,,,,,,,,,,,,,,,,,
2024-08-08,,,,,,,,,,,,,,,,,,,,,,,,,,,,,,,,,
2024-08-09,,,,,,,,,,,,,,,,,,,,,,,,,,,,,,,,,
2024-08-12,,,,,,,,,,,,,,,,,,,,,,,,,,,,,,,,,
2024-08-13,,,,,,,,,,,,,,,,,,,,,,,,,,,,,,,,,
2024-08-14,,,,,,,,,,,,,,,,,,,,,,,,,,,,,,,,,
2024-08-15,,,,,,,,,,,,,,,,,,,,,,,,,,,,,,,,,
2024-08-16,,,,,,,,,,,,,,,,,,,,,,,,,,,,,,,,,
2024-08-19,,,,,,,,,,,,,,,,,,,,,,,,,,,,,,,,,
2024-08-20,,,,,,,,,,,,,,,,,,,,,,,,,,,,,,,,,
2024-08-21,,,,,,,,,,,,,,,,,,,,,,,,,,,,,,,,,
2024-08-22,,,,,,,,,,,,,,,,,,,,,,,,,,,,,,,,,
2024-08-23,,,,,,,,,,,,,,,,,,,,,,,,,,,,,,,,,
2024-08-26,,,,,,,,,,,,,,,,,,,,,,,,,,,,,,,,,
2024-08-27,,,,,,,,,,,,,,,,,,,,,,,,,,,,,,,,,
2024-08-28,,,,,,,,,,,,,,,,,,,,,,,,,,,,,,,,,
2024-08-29,,,,,,,,,,,,,,,,,,,,,,,,,,,,,,,,,
2024-08-30,,,,,,,,,,,,,,,,,,,,,,,,,,,,,,,,,
2024-09-02,,,,,,,,,,,,,,,,,,,,,,,,,,,,,,,,,
2024-09-03,,,,,,,,,,,,,,,,,,,,,,,,,,,,,,,,,
2024-09-04,,,,,,,,,,,,,,,,,,,,,,,,,,,,,,,,,
2024-09-05,,,,,,,,,,,,,,,,,,,,,,,,,,,,,,,,,
2024-09-06,,,,,,,,,,,,,,,,,,,,,,,,,,,,,,,,,
2024-09-09,,,,,,,,,,,,,,,,,,,,,,,,,,,,,,,,,
2024-09-10,,,,,,,,,,,,,,,,,,,,,,,,,,,,,,,,,
2024-09-11,,,,,,,,,,,,,,,,,,,,,,,,,,,,,,,,,
2024-09-12,,,,,,,,,,,,,,,,,,,,,,,,,,,,,,,,,
2024-09-13,,,,,,,,,,,,,,,,,,,,,,,,,,,,,,,,,
2024-09-16,,,,,,,,,,,,,,,,,,,,,,,,,,,,,,,,,
2024-09-17,,,,,,,,,,,,,,,,,,,,,,,,,,,,,,,,,
2024-09-18,,,,,,,,,,,,,,,,,,,,,,,,,,,,,,,,,
2024-09-19,,,,,,,,,,,,,,,,,,,,,,,,,,,,,,,,,
2024-09-20,,,,,,,,,,,,,,,,,,,,,,,,,,,,,,,,,
2024-09-23,,,,,,,,,,,,,,,,,,,,,,,,,,,,,,,,,
2024-09-24,,,,,,,,,,,,,,,,,,,,,,,,,,,,,,,,,
2024-09-25,,,,,,,,,,,,,,,,,,,,,,,,,,,,,,,,,
2024-09-26,,,,,,,,,,,,,,,,,,,,,,,,,,,,,,,,,
2024-09-27,,,,,,,,,,,,,,,,,,,,,,,,,,,,,,,,,
2024-09-30,,,,,,,,,,,,,,,,,,,,,,,,,,,,,,,,,
2024-10-01,,,,,,,,,,,,,,,,,,,,,,,,,,,,,,,,,
2024-10-02,,,,,,,,,,,,,,,,,,,,,,,,,,,,,,,,,
2024-10-03,,,,,,,,,,,,,,,,,,,,,,,,,,,,,,,,,
2024-10-04,,,,,,,,,,,,,,,,,,,,,,,,,,,,,,,,,
2024-10-07,,,,,,,,,,,,,,,,,,,,,,,,,,,,,,,,,
2024-10-08,,,,,,,,,,,,,,,,,,,,,,,,,,,,,,,,,
2024-10-09,,,,,,,,,,,,,,,,,,,,,,,,,,,,,,,,,
2024-10-10,,,,,,,,,,,,,,,,,,,,,,,,,,,,,,,,,
2024-10-11,,,,,,,,,,,,,,,,,,,,,,,,,,,,,,,,,
2024-10-14,,,,,,,,,,,,,,,,,,,,,,,,,,,,,,,,,
2024-10-15,,,,,,,,,,,,,,,,,,,,,,,,,,,,,,,,,
2024-10-16,,,,,,,,,,,,,,,,,,,,,,,,,,,,,,,,,
2024-10-17,,,,,,,,,,,,,,,,,,,,,,,,,,,,,,,,,
2024-10-18,,,,,,,,,,,,,,,,,,,,,,,,,,,,,,,,,
2024-10-21,,,,,,,,,,,,,,,,,,,,,,,,,,,,,,,,,
2024-10-22,,,,,,,,,,,,,,,,,,,,,,,,,,,,,,,,,
2024-10-23,,,,,,,,,,,,,,,,,,,,,,,,,,,,,,,,,
2024-10-24,,,,,,,,,,,,,,,,,,,,,,,,,,,,,,,,,
2024-10-25,,,,,,,,,,,,,,,,,,,,,,,,,,,,,,,,,
2024-10-28,,,,,,,,,,,,,,,,,,,,,,,,,,,,,,,,,
2024-10-29,,,,,,,,,,,,,,,,,,,,,,,,,,,,,,,,,
2024-10-30,,,,,,,,,,,,,,,,,,,,,,,,,,,,,,,,,
2024-10-31,,,,,,,,,,,,,,,,,,,,,,,,,,,,,,,,,
2024-11-01,,,,,,,,,,,,,,,,,,,,,,,,,,,,,,,,,
2024-11-04,,78425.0,,93501.0,2747.35,2744.3,32.8,2749.2,32.68,237075.0,41169.0,104.28,4.3836,6.847,84.14,1.0884,79616.0,79681.0,78243.0,78430.0,6290.0,13478.0,97211.0,97344.0,94320.0,94631.0,23680.0,23588.0,84.14,84.12,39.56,891.79,14966.66
2024-11-05,78445.0,78518.0,94435.0,94482.0,2741.35,2742.6,32.84,2746.2,32.61,237075.0,41169.0,103.89,4.2847,6.831,84.18,1.0896,78541.0,78669.0,78238.0,78422.0,3581.0,13139.0,94791.0,95184.0,93751.0,94284.0,12415.0,24189.0,84.18,84.22,38.42,888.63,14949.64
2024-11-06,78446.0,78566.0,93764.0,94261.0,2738.75,2742.55,32.65,2749.7,32.78,237075.0,41169.0,103.42,4.2708,6.831,84.17,1.0894,78211.0,78687.0,78191.0,78507.0,4753.0,12354.0,94103.0,95332.0,93939.0,94648.0,10928.0,23260.0,84.17,83.9,38.2,888.63,14915.16
2024-11-07,78106.0,78136.0,91993.0,92901.0,2726.2,2660.2,31.8,2676.3,31.33,237075.0,41169.0,105.09,4.4315,6.829,84.3775,1.0741,78331.0,78593.0,76367.0,76655.0,16734.0,10896.0,94129.0,94129.0,90020.0,90820.0,45616.0,25039.0,84.3775,85.42,37.33,886.9,14800.31
2024-11-08,76556.0,76780.0,90153.0,90369.0,2667.05,2692.0,31.11,2705.8,31.86,237075.0,41169.0,104.51,4.3257,6.824,84.405,1.0772,76365.0,77459.0,76300.0,77411.0,6969.0,10605.0,90432.0,92525.0,90036.0,92313.0,20013.0,23378.0,84.405,84.94,37.39,883.46,14800.31
2024-11-11,77480.0,77382.0,91767.0,91130.0,2685.2,2691.15,31.55,2694.8,31.45,221747.0,33073.0,104.51,4.3043,6.811,84.4325,1.0786,77380.0,77628.0,77025.0,77272.0,5775.0,9927.0,92224.0,92476.0,91003.0,91269.0,16140.0,23220.0,84.4325,85.69,38.29,880.58,14862.69
2024-11-12,77027.0,76840.0,90833.0,90859.0,2685.2,2691.15,31.55,2694.8,31.45,221747.0,33073.0,104.51,4.3043,6.811,84.4325,1.0786,77380.0,77628.0,77025.0,77272.0,5775.0,9927.0,92224.0,92476.0,91003.0,91269.0,16140.0,23220.0,84.4325,85.69,38.29,880.58,14862.69
2024-11-13,75321.0,74900.0,88305.0,88252.0,2590.75,2606.85,30.41,2606.3,30.76,221747.0,33073.0,106.02,4.4275,6.829,84.4225,1.0636,75541.0,75579.0,74619.0,74901.0,9952.0,10351.0,89347.0,89653.0,88277.0,89327.0,18442.0,23112.0,84.4225,84.73,38.26,876.85,14818.74
2024-11-14,75166.0,75260.0,89645.0,89747.0,2609.75,2598.75,30.91,2586.5,30.66,221747.0,33073.0,106.48,4.4512,6.837,84.4325,1.0626,75088.0,75320.0,74340.0,74482.0,6306.0,10388.0,89999.0,90550.0,88880.0,89197.0,15400.0,22833.0,84.4325,84.35,37.8,870.53,14779.05
2024-11-15,,,,,,,,,,,,,,,,,,,,,,,,,,,,,,,,,
2024-11-18,73944.0,73739.0,87558.0,87103.0,2566.7,2571.8,30.66,2570.1,30.43,197362.0,24061.0,106.69,4.4394,6.864,84.505,1.0521,74179.0,74284.0,73890.0,73946.0,2929.0,10758.0,89200.0,89666.0,88310.0,88421.0,9290.0,22653.0,84.505,84.45,38.35,867.37,14635.86
2024-11-19,74605.0,74808.0,88947.0,89289.0,2590.1,2606.85,30.74,2614.6,31.22,197362.0,24061.0,106.28,4.4138,6.856,84.44,1.0551,74420.0,75193.0,74349.0,75047.0,6681.0,9589.0,89200.0,90752.0,88942.0,90513.0,15611.0,20362.0,84.44,83.74,37.81,869.93,14675.56
2024-11-20,,,,,,,,,,,,,,,,,,,,,,,,,,,,,,,,,
2024-11-21,75540.0,75873.0,90843.0,90956.0,2624.3,2640.55,30.87,2675.6,31.43,197362.0,24061.0,106.68,4.41,6.846,84.45,1.0553,75537.0,76174.0,75416.0,76034.0,3852.0,8438.0,90112.0,90690.0,89267.0,90089.0,7523.0,19351.0,84.45,85.12,38.92,872.23,14854.18
2024-11-22,76559.0,76932.0,90620.0,90317.0,2669.7,2665.3,31.07,2699.3,31.38,197362.0,24061.0,106.97,4.4218,6.862,84.53,1.0528,76225.0,76765.0,76119.0,76693.0,7207.0,7109.0,90280.0,90927.0,89374.0,89925.0,13661.0,18671.0,84.53,86.02,38.51,875.39,14800.31
2024-11-25,77406.0,77787.0,90056.0,90850.0,2706.25,2694.95,31.26,2737.2,31.78,190324.0,25896.0,107.55,4.4002,6.871,84.43,1.0424,77120.0,77685.0,76951.0,77616.0,7105.0,6394.0,90368.0,91213.0,89660.0,90768.0,15620.0,16867.0,84.43,86.14,38.42,875.39,14800.31
2024-11-26,76698.0,77081.0,89088.0,89445.0,2670.4,2635.4,30.79,2642.6,30.66,190324.0,25896.0,106.82,4.2731,6.851,84.31,1.0493,77000.0,77000.0,75168.0,75311.0,10667.0,4814.0,90333.0,90333.0,87542.0,87699.0,21615.0,14721.0,84.31,86.19,38.33,877.97,14800.31
2024-11-27,75451.0,75690.0,88100.0,88463.0,2630.3,2622.1,30.54,2646.3,30.83,190324.0,25896.0,107.01,4.3062,6.855,84.3025,1.0513,75376.0,75700.0,74852.0,75211.0,6848.0,4080.0,88105.0,88885.0,87435.0,88250.0,12819.0,13379.0,84.3025,85.83,38.48,879.41,14766.29
2024-11-28,76143.0,76175.0,88898.0,88430.0,2648.0,2640.85,30.49,2664.8,30.56,190324.0,25896.0,106.08,4.2634,6.841,84.555,1.0536,75659.0,76102.0,75644.0,75760.0,5689.0,2659.0,88450.0,89169.0,87509.0,87680.0,11144.0,10255.0,84.555,87.21,38.78,879.41,14766.29
2024-11-29,75916.0,76287.0,87197.0,87904.0,2646.4,2641.85,30.07,2664.8,30.56,190324.0,25896.0,106.05,4.2634,6.833,84.595,1.0569,75501.0,76000.0,75443.0,75724.0,2792.0,1525.0,89500.0,90340.0,88918.0,90135.0,14307.0,25927.0,84.595,87.21,38.78,878.55,14754.95
2024-12-02,76738.0,76740.0,89250.0,89383.0,2664.3,2651.05,30.7,2681.0,31.11,190324.0,25896.0,105.74,4.1685,6.743,84.665,1.0581,77022.0,77248.0,76940.0,77128.0,5677.0,12637.0,90756.0,91886.0,90756.0,91209.0,15397.0,25114.0,84.665,86.18,39.43,878.55,14754.95
2024-12-03,75867.0,76308.0,88051.0,88611.0,2637.25,2642.15,30.46,2658.5,30.86,198191.0,23233.0,106.45,4.1897,6.709,84.8375,1.0547,76345.0,77034.0,76201.0,76638.0,6649.0,12375.0,90555.0,91385.0,89851.0,90809.0,13680.0,25871.0,84.8375,86.14,39.04,878.55,14709.59
2024-12-04,,,,,2645.35,2640.65,30.91,2667.9,31.49,198191.0,23233.0,106.37,4.2245,6.712,84.8025,1.0532,76716.0,77104.0,76660.0,76903.0,5782.0,12277.0,91049.0,92343.0,91049.0,92197.0,14169.0,24856.0,84.8025,84.72,38.15,878.55,14709.59
2024-12-05,76420.0,76392.0,90350.0,90025.0,2642.05,2648.65,30.84,2676.2,31.92,198191.0,23233.0,106.32,4.18,6.685,84.87,1.0516,76832.0,77229.0,76630.0,77092.0,6866.0,12372.0,92071.0,93633.0,91282.0,93293.0,21692.0,24694.0,84.87,83.85,39.05,873.66,14640.99
2024-12-06,76538.0,76453.0,91090.0,91210.0,2649.15,2640.15,31.345,2648.4,31.536,198191.0,23233.0,105.714,4.1761,6.68,84.8175,1.0535,76978.0,77199.0,76401.0,76476.0,6077.0,12567.0,92987.0,93362.0,92311.0,92424.0,11948.0,24589.0,84.8175,83.98,38.78,873.66,14640.99
2024-12-09,76152.0,76187.0,90997.0,90820.0,2636.5,2637.3,31.11,2659.6,31.59,201397.0,24893.0,106.06,4.1529,6.745,84.79,1.0585,76978.0,77199.0,76401.0,76476.0,6077.0,12567.0,92987.0,93362.0,92311.0,92424.0,11948.0,24589.0,84.8175,84.2,39.58,871.94,14775.63
2024-12-10,76280.0,76692.0,90997.0,90820.0,2655.85,2671.9,31.63,2685.8,32.61,201397.0,24893.0,106.06,4.2012,6.718,84.83,1.0588,76748.0,77800.0,76611.0,77486.0,7851.0,13175.0,92270.0,95911.0,91980.0,95197.0,26763.0,23959.0,84.83,82.36,39.28,871.94,14733.11
2024-12-11,77113.0,77175.0,92975.0,92810.0,2670.45,2689.6,31.9,2718.4,32.75,201397.0,24893.0,106.4,4.2263,6.707,84.9575,1.0541,77551.0,78367.0,77420.0,78338.0,7481.0,14384.0,95119.0,95724.0,94482.0,95525.0,13666.0,23596.0,84.9575,83.01,39.63,870.79,14675.0
2024-12-12,77869.0,77666.0,92838.0,92700.0,2697.45,2705.45,31.7,2756.7,32.97,201397.0,24893.0,106.71,4.2711,6.717,84.9575,1.0507,78400.0,79120.0,78210.0,79002.0,13280.0,15895.0,95605.0,96375.0,94751.0,95802.0,18536.0,22892.0,84.9575,83.62,39.22,870.79,14594.23
2024-12-13,78163.0,78147.0,93561.0,93300.0,2713.6,2684.35,31.88,2709.4,31.62,201397.0,24893.0,106.96,4.3278,6.74,84.9725,1.051,78810.0,79035.0,77691.0,77969.0,9156.0,14421.0,95999.0,96589.0,92351.0,92633.0,29022.0,23582.0,84.9725,85.69,38.69,873.38,14414.25
2024-12-16,77380.0,76922.0,90200.0,89976.0,2669.55,2659.05,30.74,2675.8,31.03,220189.0,30685.0,107.0,4.3967,6.728,84.8775,1.0496,78086.0,78118.0,77052.0,77136.0,7754.0,13060.0,92201.0,92338.0,90420.0,91001.0,20342.0,27647.0,84.8775,86.24,37.53,868.5,14397.24
2024-12-17,76640.0,76908.0,89250.0,89515.0,2660.95,2654.2,30.66,2670.0,31.06,220189.0,30685.0,106.86,4.3967,6.743,85.0075,1.05,77082.0,77399.0,76904.0,77061.0,4943.0,13194.0,91013.0,91571.0,90750.0,91183.0,7477.0,27822.0,85.0075,85.97,37.76,863.9,14247.03
2024-12-18,76584.0,76362.0,89001.0,88525.0,2641.6,2636.35,30.31,2662.0,30.92,220189.0,30685.0,106.96,4.3987,6.759,84.9975,1.0495,77090.0,77199.0,76486.0,76871.0,6578.0,12880.0,90945.0,91145.0,89988.0,90875.0,10493.0,28863.0,84.9975,86.09,37.99,864.19,14261.2
2024-12-19,76570.0,76658.0,88950.0,89060.0,2648.35,2635.65,30.36,2653.3,30.74,220189.0,30685.0,108.03,4.514,6.746,85.015,1.0505,76887.0,76997.0,76565.0,76653.0,3804.0,12857.0,90715.0,90937.0,90072.0,90380.0,6750.0,29897.0,85.015,86.31,37.59,864.19,14227.19
2024-12-20,75629.0,76013.0,86846.0,87035.0,2621.3,2592.45,29.49,2608.1,29.41,220189.0,30685.0,108.41,4.5621,6.786,85.185,1.042,76450.0,76450.0,75459.0,75651.0,7410.0,13073.0,89500.0,89500.0,86655.0,87187.0,23262.0,35457.0,85.185,88.68,37.59,863.9,14227.19
2024-12-23,75547.0,75377.0,85700.0,85133.0,2606.15,2616.45,28.8,2645.1,29.96,203937.0,22078.0,107.62,4.5222,6.789,85.0225,1.0366,75660.0,76680.0,75651.0,76420.0,5703.0,12823.0,86993.0,88598.0,86447.0,88392.0,13334.0,34503.0,85.0225,88.29,38.08,860.74,14232.86
2024-12-24,76164.0,75944.0,87400.0,87488.0,2620.55,2613.8,29.61,2628.2,30.19,203937.0,22078.0,108.04,4.5865,6.774,85.145,1.0405,76399.0,76580.0,76002.0,76100.0,4411.0,12775.0,88800.0,89456.0,88568.0,89079.0,10050.0,33285.0,85.145,87.06,37.96,877.4,14424.15
2024-12-25,,,,,,,,,,,,,,,,,,,,,,,,,,,,,,,,,
2024-12-26,75961.0,75874.0,87800.0,87511.0,,,,2635.5,30.28,203937.0,22078.0,108.26,4.5887,6.775,85.21,1.0406,76255.0,76349.0,76088.0,76243.0,3366.0,12566.0,89282.0,89573.0,88842.0,89360.0,6765.0,32884.0,85.21,87.03,37.6,873.95,14358.97
2024-12-27,76285.0,76336.0,87900.0,88040.0,,,,2653.9,30.39,203937.0,22078.0,108.13,4.5827,6.782,85.28,1.0402,76521.0,76946.0,76521.0,76827.0,5014.0,12618.0,89610.0,90000.0,89124.0,89636.0,8632.0,32137.0,85.28,87.33,38.12,873.95,14358.97
2024-12-30,76635.0,76436.0,88434.0,87831.0,2625.55,2615.95,29.65,2631.9,29.97,203937.0,22078.0,108.0,4.6253,6.785,85.8075,1.0435,76928.0,77172.0,76412.0,76544.0,5915.0,12779.0,89815.0,90249.0,88665.0,88887.0,10557.0,31931.0,85.8075,87.82,37.28,872.8,14358.97
2024-12-31,76296.0,76194.0,87430.0,87175.0,2610.3,2609.1,29.46,2618.1,29.41,184260.0,20590.0,108.13,4.5327,6.773,85.775,1.0457,76714.0,76775.0,76018.0,76260.0,6175.0,12686.0,88967.0,89199.0,87067.0,87531.0,12369.0,33054.0,85.775,89.01,36.88,872.52,14323.55
2025-01-01,76045.0,76162.0,85680.0,86017.0,2610.85,,28.91,2641.0,29.24,184260.0,20590.0,108.49,4.569,6.76,85.88,1.0428,76353.0,76830.0,76216.0,76748.0,5136.0,12294.0,87390.0,87750.0,87060.0,87233.0,7320.0,34010.0,85.88,90.32,36.82,872.52,14323.55
2025-01-02,76534.0,76583.0,85900.0,86055.0,,,,2641.0,29.24,184260.0,20590.0,108.49,4.569,6.76,85.8475,1.038,76772.0,76930.0,76660.0,76893.0,912.0,12309.0,87300.0,87672.0,87160.0,87578.0,1320.0,34239.0,85.8475,90.32,36.82,872.52,14323.55
2025-01-03,76769.0,77079.0,86907.0,87167.0,2644.6,2646.3,29.41,2669.0,29.9,184260.0,20590.0,109.39,4.559,6.789,85.94,1.0333,77000.0,77810.0,76965.0,77717.0,6807.0,12883.0,88234.0,89330.0,88150.0,89173.0,12660.0,32968.0,85.94,89.26,36.5,872.52,14375.97
2025-01-06,77469.0,77504.0,87667.0,88121.0,2654.3,2646.8,29.82,2654.7,30.07,184260.0,20590.0,108.95,4.5975,6.778,85.9575,1.0303,77946.0,77947.0,77260.0,77317.0,4432.0,12620.0,89398.0,90017.0,88954.0,89221.0,10626.0,31458.0,85.9575,88.3,35.89,872.52,14426.97
2025-01-07,76948.0,77161.0,87568.0,89152.0,2631.8,2633.35,30.27,2647.4,30.58,182384.0,16824.0,108.26,4.63,6.748,85.9325,1.0391,77317.0,77520.0,76563.0,77158.0,8022.0,11807.0,89326.0,91480.0,88737.0,90554.0,21979.0,27998.0,85.9325,86.56,35.99,871.08,14375.32
2025-01-08,77196.0,77126.0,89288.0,89474.0,2644.4,2650.85,30.24,2665.4,30.69,182384.0,16824.0,108.54,4.685,6.748,85.91,1.042,77229.0,77840.0,77112.0,77531.0,7475.0,11608.0,90436.0,91650.0,90400.0,90873.0,12986.0,26581.0,85.91,86.86,35.9,871.08,14287.49
2025-01-09,77410.0,77364.0,89468.0,89503.0,2653.45,2659.65,30.14,2672.4,30.69,182384.0,16824.0,109.09,4.6892,6.768,86.07,1.033,77440.0,78089.0,77369.0,77747.0,6519.0,11514.0,90870.0,91869.0,90500.0,90938.0,13579.0,25240.0,86.07,87.08,36.45,871.08,14287.49
2025-01-10,77579.0,77618.0,89428.0,89800.0,2666.35,2674.6,30.29,2690.8,31.02,182384.0,16824.0,109.18,4.6893,6.765,86.0325,1.0321,77857.0,78254.0,77780.0,78104.0,4410.0,11418.0,91200.0,92300.0,90936.0,91711.0,16903.0,22797.0,86.0325,86.76,36.4,871.08,14287.49
2025-01-13,77908.0,78018.0,89969.0,90268.0,2679.45,2687.45,30.36,2715.0,31.31,182384.0,16824.0,109.65,4.7592,6.772,86.1625,1.0294,78302.0,78794.0,78066.0,78423.0,9326.0,11177.0,91896.0,93643.0,90889.0,92506.0,26085.0,20689.0,86.1625,86.7,35.46,871.08,14287.49
2025-01-14,78350.0,78308.0,90150.0,89800.0,2679.8,2669.5,29.88,2678.6,30.31,194499.0,25609.0,109.96,4.7779,6.85,86.7525,1.0198,78259.0,78766.0,78111.0,78166.0,5374.0,10488.0,92329.0,92667.0,90252.0,90513.0,16291.0,21873.0,86.7525,88.38,33.98,876.82,14307.32
2025-01-15,78025.0,78028.0,88400.0,88730.0,2666.4,2667.0,29.74,2682.3,30.35,194499.0,25609.0,109.27,4.7924,6.822,86.6975,1.0266,78204.0,78428.0,77965.0,78156.0,4052.0,10091.0,90201.0,91000.0,89910.0,90556.0,9785.0,21859.0,86.6975,88.38,34.61,874.52,14314.4
2025-01-16,78269.0,78424.0,88908.0,89550.0,2686.6,2677.7,29.99,2717.8,31.53,194499.0,25609.0,109.09,4.6531,6.814,86.5025,1.0385,78325.0,78736.0,78241.0,78710.0,4920.0,10324.0,90860.0,92960.0,90510.0,92856.0,17790.0,21024.0,86.5025,86.19,33.96,872.52,14458.88
2025-01-17,78718.0,79184.0,91218.0,91784.0,2707.45,2716.5,30.71,2750.9,31.73,194499.0,25609.0,108.96,4.6125,6.748,86.6725,1.0298,78700.0,79270.0,78700.0,79226.0,5778.0,10946.0,93001.0,93660.0,92703.0,92803.0,12491.0,20787.0,86.6725,86.71,34.96,872.52,14458.88
2025-01-20,,,,,,,,,,,,,,,,,,,,,,,,,,,,,,,,,
2025-01-21,79383.0,79345.0,90681.0,90200.0,2707.5,2707.7,30.26,2748.7,31.14,212494.0,28803.0,109.35,4.627,6.761,86.6325,1.0338,78882.0,79150.0,78421.0,78544.0,5270.0,9396.0,91999.0,91999.0,90701.0,91442.0,9310.0,21005.0,86.6325,88.27,35.29,879.12,14410.72
2025-01-22,79449.0,79453.0,91075.0,90533.0,2721.4,2737.8,30.49,2759.2,31.5,212494.0,28803.0,108.06,4.5764,6.737,86.675,1.0347,78942.0,79299.0,78797.0,79224.0,4854.0,9176.0,91764.0,92361.0,91432.0,92091.0,9741.0,20510.0,86.675,87.6,36.39,879.12,14410.72
2025-01-23,80142.0,80194.0,91167.0,91248.0,2760.15,2751.8,30.8,2770.9,31.42,212494.0,28803.0,108.17,4.6109,6.723,86.3975,1.0445,79328.0,79636.0,79292.0,79564.0,4632.0,8813.0,92145.0,92550.0,91300.0,91944.0,8571.0,21069.0,86.3975,88.19,36.73,871.66,14433.38
2025-01-24,80126.0,80039.0,90713.0,90633.0,2747.2,2744.25,30.48,2765.0,30.84,212494.0,28803.0,108.05,4.6436,6.734,86.47,1.0439,79419.0,79665.0,79274.0,79626.0,4933.0,7861.0,91423.0,91688.0,90283.0,91149.0,11991.0,22323.0,86.47,89.65,37.05,871.66,14277.59
2025-01-27,80430.0,80348.0,91265.0,91211.0,2771.05,2776.8,30.84,2806.6,31.19,234358.0,29549.0,107.44,4.6214,6.721,86.2675,1.0457,79700.0,80312.0,79700.0,80026.0,4941.0,6672.0,91600.0,92638.0,91400.0,91599.0,11881.0,21459.0,86.2675,90.0,37.59,864.19,14226.6
2025-01-28,80048.0,80397.0,89856.0,90274.0,2767.1,2742.4,30.58,2766.2,30.41,234358.0,29549.0,107.34,4.5343,6.68,86.31,1.051,79859.0,80151.0,79500.0,79578.0,6482.0,4825.0,91388.0,91388.0,89369.0,90223.0,15636.0,23031.0,86.31,90.95,37.81,860.17,14205.36
2025-01-29,80006.0,80313.0,89725.0,89750.0,2743.7,2751.9,30.15,2794.6,30.88,234358.0,29549.0,107.87,4.5323,6.689,86.575,1.044,79631.0,80326.0,79608.0,80289.0,3781.0,3887.0,90157.0,91175.0,89850.0,91051.0,9839.0,22097.0,86.575,90.49,37.88,857.02,14148.71
2025-01-30,80819.0,80975.0,90428.0,90680.0,2759.4,2756.3,30.44,2793.5,31.39,234358.0,29549.0,108.0,4.5284,6.686,86.71,1.0452,80325.0,80730.0,80200.0,80280.0,4368.0,1976.0,91052.0,92619.0,90774.0,91866.0,13693.0,21336.0,86.71,88.98,38.47,861.04,14097.73
2025-01-31,81006.0,81303.0,91600.0,92184.0,2778.15,2787.25,31.0,2845.2,32.49,234358.0,29549.0,107.8,4.5163,6.681,86.79,1.0409,80988.0,82100.0,80970.0,82044.0,6603.0,15841.0,92241.0,93799.0,92201.0,93446.0,16348.0,22597.0,86.79,87.56,39.12,865.34,14035.41
2025-02-03,82165.0,82086.0,93177.0,93533.0,2791.5,2812.05,31.61,2835.0,32.27,230592.0,26318.0,108.37,4.5387,6.7,86.7875,1.04,82199.0,82600.0,82000.0,82233.0,6317.0,15864.0,93800.0,94125.0,93126.0,93328.0,12017.0,22395.0,86.7875,87.87,39.09,864.19,13961.77
2025-02-04,82094.0,82704.0,92475.0,93313.0,2794.15,2826.1,31.29,2857.1,32.53,230592.0,26318.0,108.99,4.555,6.667,87.3325,1.025,81900.0,83721.0,81862.0,83283.0,9119.0,16951.0,92699.0,94730.0,91725.0,94257.0,21892.0,24853.0,87.3325,87.84,39.05,864.19,13882.47
2025-02-05,82963.0,83010.0,93475.0,93793.0,2813.2,2843.55,31.6,2875.8,33.02,230592.0,26318.0,107.96,4.5105,6.673,87.24,1.0334,83283.0,83827.0,82899.0,83797.0,6936.0,17180.0,94229.0,95872.0,93884.0,95709.0,17814.0,25557.0,87.24,87.09,39.56,865.63,13873.97
2025-02-06,84323.0,84657.0,95421.0,95425.0,2873.8,2871.15,32.28,2893.0,32.98,230592.0,26318.0,107.58,4.4181,6.662,87.5625,1.0424,84060.0,84894.0,84018.0,84567.0,8327.0,17866.0,95538.0,96485.0,95261.0,95965.0,14556.0,25082.0,87.5625,87.73,40.73,863.05,13771.81
2025-02-07,84672.0,84613.0,95292.0,94762.0,2861.2,2838.95,32.02,2876.7,32.63,230592.0,26318.0,107.69,4.4342,6.656,87.69,1.037,84460.0,84845.0,83887.0,84444.0,7523.0,17126.0,95568.0,95790.0,94452.0,95588.0,13693.0,23620.0,87.69,88.17,40.74,864.19,13386.65
2025-02-10,84522.0,84699.0,95142.0,95391.0,2866.45,2874.65,32.28,2887.6,32.44,230226.0,37370.0,108.04,4.4947,6.704,87.58,1.0384,84653.0,85279.0,84433.0,84888.0,7673.0,17490.0,95699.0,96632.0,95101.0,95333.0,14281.0,22844.0,87.58,89.01,40.67,864.19,13332.84
2025-02-11,85368.0,85665.0,94940.0,95533.0,2895.55,2904.45,32.27,2934.4,32.49,230226.0,37370.0,108.32,4.4968,6.713,87.585,1.034,85000.0,85950.0,85000.0,85816.0,6728.0,17729.0,95200.0,96022.0,95000.0,95295.0,9612.0,21850.0,87.585,90.31,40.58,868.5,13389.48
2025-02-12,85903.0,85481.0,94410.0,94170.0,2906.85,2895.4,31.73,2932.6,32.32,230226.0,37370.0,107.96,4.5352,6.698,86.9475,1.0322,86306.0,86360.0,84828.0,85523.0,10876.0,16432.0,95042.0,95221.0,92914.0,94568.0,15566.0,19594.0,86.9475,90.73,40.0,871.08,13604.71
2025-02-13,85093.0,84845.0,94400.0,94189.0,2883.35,2891.5,31.77,2928.7,32.79,230226.0,37370.0,107.94,4.6208,6.702,87.045,1.0384,84926.0,85665.0,84537.0,85481.0,8884.0,16417.0,94260.0,95600.0,93640.0,95502.0,11931.0,20157.0,87.045,89.33,41.04,871.94,13604.71
2025-02-14,85744.0,85748.0,95626.0,95549.0,2917.45,2915.3,32.28,2945.4,32.73,230226.0,37370.0,107.31,4.5288,6.71,87.005,1.0421,85700.0,86068.0,85650.0,85809.0,5154.0,16587.0,95497.0,95899.0,94780.0,95233.0,7758.0,19862.0,87.005,90.0,41.32,866.5,13654.26
2025-02-17,86089.0,85998.0,97494.0,97953.0,2938.05,2921.25,33.11,2900.7,32.86,215567.0,35052.0,106.71,4.4762,6.707,86.8825,1.0462,86020.0,86358.0,84600.0,84687.0,11143.0,15384.0,95449.0,98199.0,95250.0,95586.0,25891.0,20451.0,86.8825,88.29,41.01,864.2,13654.26
2025-02-18,84959.0,85254.0,95023.0,95946.0,2898.2,2900.55,32.48,2900.7,32.86,215567.0,35052.0,106.58,4.4762,6.693,86.95,1.0486,84946.0,85255.0,84719.0,85055.0,4394.0,15718.0,95629.0,95944.0,94892.0,95580.0,8097.0,19344.0,86.95,88.29,41.01,864.2,13654.26
2025-02-19,85725.0,85690.0,95959.0,96023.0,2908.85,2927.1,32.46,2949.0,33.37,215567.0,35052.0,107.05,4.5503,6.686,87.0075,1.0467,85200.0,86140.0,85200.0,86113.0,6881.0,16640.0,95741.0,96975.0,95680.0,96848.0,10586.0,19725.0,87.0075,88.36,41.04,864.2,13654.26
2025-02-20,86430.0,86733.0,97000.0,97566.0,2944.4,2936.85,32.91,2936.1,33.04,215567.0,35052.0,107.17,4.5327,6.686,87.0075,1.0467,86058.0,86592.0,85860.0,85910.0,8647.0,15824.0,96566.0,97518.0,95940.0,96406.0,10312.0,18798.0,87.0075,88.86,40.64,869.94,13583.47
2025-02-21,86541.0,86520.0,97181.0,97789.0,2953.05,2932.05,33.06,2956.1,33.81,215567.0,35052.0,106.37,4.5053,6.704,86.665,1.0439,86420.0,86560.0,85625.0,86024.0,8329.0,15994.0,96797.0,97763.0,96577.0,97113.0,10848.0,18059.0,86.665,87.44,40.79,877.98,13535.33
2025-02-24,85979.0,86092.0,96844.0,97147.0,2929.7,2934.15,32.93,2953.2,33.34,201962.0,39402.0,106.61,4.4313,6.706,86.675,1.0494,85715.0,86054.0,85470.0,86010.0,7071.0,16263.0,96802.0,97079.0,95905.0,96200.0,10596.0,16397.0,86.675,88.58,41.95,883.72,13521.18
2025-02-25,86356.0,86400.0,96244.0,96115.0,2940.6,2931.9,32.51,2963.2,32.93,201962.0,39402.0,106.6,4.4003,6.704,86.7175,1.0475,85998.0,86515.0,85890.0,86184.0,7129.0,16398.0,95906.0,96431.0,94743.0,95089.0,12392.0,14637.0,86.7175,89.98,41.91,904.38,13535.33
2025-02-26,,,,,,,,,,,,,,,,,,,,,,,,,,,,,,,,,
2025-02-27,86496.0,86647.0,95725.0,95769.0,2913.55,2901.0,31.72,2930.6,32.58,201962.0,39402.0,106.42,4.2562,6.706,87.355,1.0514,85929.0,85929.0,85213.0,85874.0,4585.0,15676.0,96000.0,96600.0,95400.0,96543.0,8287.0,16256.0,87.355,89.96,42.71,907.82,13655.67
2025-02-28,85738.0,85593.0,95725.0,95048.0,2891.65,2880.8,31.73,2895.9,32.11,201962.0,39402.0,107.24,4.2599,6.709,87.3275,1.0509,85733.0,85795.0,84879.0,85196.0,11345.0,15115.0,96141.0,96488.0,95049.0,95550.0,16671.0,19285.0,87.3275,90.19,41.16,906.96,13658.51
2025-03-03,85114.0,85056.0,93601.0,93480.0,2861.4,2834.55,31.14,2848.5,31.5,194357.0,32993.0,107.61,4.2082,6.729,87.55,1.0417,84899.0,84915.0,84033.0,84219.0,12312.0,14040.0,95113.0,95151.0,93852.0,94328.0,12313.0,19786.0,87.55,90.44,40.83,906.96,13613.21
2025-03-04,85020.0,85320.0,93653.0,94398.0,2868.25,2880.7,31.53,2901.1,32.31,194357.0,32993.0,106.75,4.1551,6.738,87.4675,1.0455,84511.0,85429.0,84511.0,85384.0,6568.0,13892.0,94600.0,96449.0,94523.0,96055.0,12042.0,19172.0,87.4675,89.79,42.43,904.38,13638.69
2025-03-05,85817.0,86432.0,94873.0,95293.0,2911.6,2905.9,31.91,2920.6,32.38,194357.0,32993.0,105.74,4.2442,6.745,87.425,1.0494,85399.0,86329.0,85335.0,86026.0,7983.0,14327.0,96093.0,96695.0,95431.0,96256.0,8523.0,19182.0,87.425,90.19,42.79,900.93,13582.06
2025-03-06,86456.0,86300.0,95785.0,95993.0,2917.7,2913.25,32.26,2926.0,33.13,194357.0,32993.0,104.28,4.2785,6.709,87.18,1.0648,85931.0,86242.0,85399.0,85833.0,10273.0,14560.0,96400.0,97841.0,96382.0,97542.0,15727.0,19644.0,87.18,88.31,44.13,901.8,13576.71
2025-03-07,86346.0,85876.0,96898.0,96460.0,2901.65,2922.2,32.43,2926.6,33.34,194357.0,32993.0,104.06,4.2784,6.681,87.21,1.0815,86077.0,86145.0,85372.0,86034.0,7112.0,14837.0,97961.0,98324.0,97315.0,98141.0,11007.0,20692.0,87.21,87.79,44.1,901.8,13562.56
2025-03-10,85966.0,86059.0,96796.0,96724.0,2918.5,2931.15,32.5,2914.1,32.81,182564.0,34203.0,103.84,4.3011,6.688,87.0525,1.0836,85740.0,86356.0,85691.0,85877.0,7676.0,15114.0,97956.0,98200.0,96678.0,97201.0,13641.0,19279.0,87.0525,88.82,43.47,898.64,13508.77
2025-03-11,86027.0,85932.0,96422.0,96634.0,2902.1,2910.2,32.51,2899.4,32.53,182564.0,34203.0,103.9,4.2131,6.702,87.46,1.0847,85981.0,86139.0,85309.0,85419.0,8752.0,14206.0,97451.0,98098.0,96355.0,96465.0,13162.0,18604.0,87.46,89.13,43.91,894.34,13548.4
2025-03-12,85723.0,86024.0,95875.0,96626.0,2913.45,2916.9,32.55,2920.9,33.15,182564.0,34203.0,103.42,4.2799,6.695,87.315,1.0915,85603.0,86206.0,85510.0,86152.0,7059.0,14522.0,96746.0,98612.0,96545.0,98132.0,14219.0,20539.0,87.315,88.12,44.09,894.34,13573.88
2025-03-13,86235.0,86143.0,97624.0,98100.0,2913.6,2924.8,33.03,2946.8,33.74,182564.0,34203.0,103.61,4.3124,6.682,87.32,1.0905,86139.0,86729.0,85826.0,86686.0,7756.0,14831.0,98562.0,99549.0,98255.0,99476.0,12882.0,22481.0,87.315,87.33,43.54,895.2,13539.91
2025-03-14,,,,,,,,,,,,,,,,,,,,,,,,,,,,,,,,,
2025-03-17,86672.0,86843.0,97950.0,98322.0,2999.85,2978.05,33.9,3001.1,34.43,182151.0,42245.0,103.72,4.3121,6.697,87.1325,1.0888,86816.0,87866.0,86521.0,87775.0,8811.0,14852.0,99481.0,101336.0,98686.0,100545.0,15331.0,23120.0,87.1325,87.16,44.67,905.81,13544.16
2025-03-18,87891.0,88101.0,99685.0,99767.0,2996.15,2996.5,33.77,3006.1,34.31,182151.0,42245.0,103.37,4.2985,6.69,86.87,1.0884,87831.0,88160.0,87692.0,88023.0,5787.0,13779.0,100358.0,100786.0,99710.0,100536.0,7199.0,22872.0,86.87,87.62,44.48,906.41,13671.54
2025-03-19,88256.0,88354.0,99929.0,100400.0,3021.7,3025.8,34.09,3040.8,34.82,182151.0,42245.0,103.24,4.2831,6.671,86.6275,1.092,88274.0,88852.0,88257.0,88726.0,6729.0,14015.0,100964.0,101980.0,100854.0,101269.0,9610.0,23220.0,86.6275,87.33,45.45,907.27,13821.56
2025-03-20,88680.0,88649.0,100248.0,99968.0,3034.0,3027.55,33.92,3041.2,34.21,182151.0,42245.0,103.43,4.2428,6.66,86.4475,1.0928,88796.0,89014.0,88437.0,88602.0,6795.0,13263.0,101300.0,101469.0,99737.0,99924.0,10226.0,22417.0,86.4475,88.91,45.28,907.27,13811.65
2025-03-21,88761.0,88506.0,99613.0,98392.0,3026.2,3038.15,33.31,3043.8,33.99,182151.0,42245.0,103.85,4.2369,6.637,86.385,1.0897,89460.0,89796.0,88350.0,88706.0,7114.0,12413.0,100499.0,100767.0,98518.0,99392.0,12182.0,21071.0,86.385,89.55,44.72,907.27,13811.65
2025-03-24,88457.0,88169.0,97844.0,97620.0,3031.3,3013.7,33.18,3021.4,33.49,200157.0,49645.0,104.09,4.2462,6.625,86.005,1.083,88431.0,88474.0,87323.0,87778.0,9706.0,10846.0,99000.0,99000.0,97147.0,97884.0,14899.0,19258.0,86.005,90.23,44.25,910.43,13777.69
2025-03-25,87845.0,87719.0,97638.0,97407.0,3030.25,3007.75,33.09,3044.0,33.45,200157.0,49645.0,104.26,4.3346,6.629,85.615,1.0838,87786.0,87928.0,87172.0,87278.0,7708.0,9191.0,98179.0,98480.0,97370.0,97493.0,7417.0,18778.0,85.615,91.0,44.05,930.51,13723.91
2025-03-26,87559.0,87751.0,97378.0,97922.0,3021.35,3025.2,33.44,3054.3,34.19,200157.0,49645.0,104.18,4.3133,6.637,85.7075,1.0801,87384.0,87990.0,87359.0,87554.0,6573.0,7641.0,97789.0,99680.0,97739.0,99153.0,11272.0,19303.0,85.7075,89.34,44.27,929.07,14148.46
2025-03-27,87798.0,87791.0,98779.0,98794.0,3021.85,3013.25,33.76,3052.3,34.22,200157.0,49645.0,104.55,4.3519,6.602,86.0175,1.0792,87539.0,87898.0,87427.0,87638.0,7183.0,5835.0,99273.0,100120.0,99065.0,99486.0,8537.0,19508.0,86.0175,89.19,43.82,929.36,14148.46
2025-03-28,87955.0,88417.0,98938.0,99775.0,3051.7,3056.55,34.11,3090.9,35.08,200157.0,49645.0,104.34,4.3595,6.604,85.9725,1.0786,87785.0,88619.0,87785.0,88384.0,5788.0,3836.0,99744.0,101543.0,99480.0,101313.0,16091.0,22404.0,85.9725,88.1,44.21,929.36,13950.35
2025-03-31,,,,,,,,,,,,,,,,,,,,,,,,,,,,,,,,,
2025-04-01,89306.0,89164.0,100934.0,100892.0,3120.2,3115.1,34.06,3150.3,34.61,192687.0,45806.0,104.21,4.2053,6.583,85.695,1.0795,90400.0,90865.0,90199.0,90717.0,6719.0,19077.0,100547.0,100879.0,99010.0,100065.0,8615.0,20528.0,85.695,91.02,44.07,931.94,13944.69
2025-04-02,90966.0,91115.0,99832.0,99641.0,3131.5,3133.7,33.97,3146.0,34.31,192687.0,45806.0,104.26,4.1689,6.583,85.695,1.0795,91316.0,91400.0,90400.0,90875.0,8780.0,18549.0,100398.0,100975.0,99055.0,99461.0,14152.0,19363.0,85.695,91.7,44.19,933.38,13944.69
2025-04-03,90921.0,90996.0,99092.0,99536.0,3127.05,3119.75,33.87,3166.2,34.65,192687.0,45806.0,103.81,4.1307,6.481,85.7275,1.0808,91229.0,91232.0,90520.0,90728.0,9807.0,18615.0,99666.0,100374.0,99326.0,99753.0,12638.0,19339.0,85.7275,91.38,44.15,931.94,13933.37
2025-04-04,91205.0,90345.0,97300.0,95957.0,3128.15,3118.1,32.48,3121.7,31.97,192687.0,45806.0,102.07,4.0286,6.497,85.6125,1.1037,91230.0,91423.0,88727.0,90057.0,25549.0,18775.0,99658.0,99658.0,93875.0,94399.0,47616.0,21514.0,85.6125,97.64,46.63,936.24,13897.99
2025-04-07,90310.0,91014.0,93057.0,92910.0,3090.3,3054.5,31.34,3035.4,29.23,176553.0,41449.0,103.02,3.9943,6.463,85.505,1.1033,89451.0,90817.0,87901.0,88075.0,24120.0,16468.0,94100.0,94100.0,86223.0,87211.0,48741.0,24277.0,85.505,103.85,48.97,932.8,13852.71
2025-04-08,88401.0,89085.0,88375.0,90392.0,3025.1,3014.75,30.33,2973.6,29.6,176553.0,41449.0,103.26,4.1835,6.484,85.99,1.095,88000.0,88780.0,86710.0,86928.0,17916.0,14810.0,88884.0,90426.0,87678.0,88248.0,37160.0,22649.0,85.99,100.45,48.99,932.8,13881.01
2025-04-09,88306.0,88550.0,89580.0,90363.0,3002.7,3015.4,30.32,2990.2,29.69,176553.0,41449.0,102.96,4.2929,6.475,86.4,1.0942,87559.0,88444.0,87353.0,87648.0,11455.0,15083.0,88898.0,90475.0,88370.0,88744.0,17928.0,22840.0,86.4,100.73,50.19,926.78,13916.38
2025-04-10,,,,,,,,,,,,,,,,,,,,,,,,,,,,,,,,,
2025-04-11,89358.0,90161.0,90010.0,90669.0,3106.65,3143.15,30.93,3177.5,30.76,176553.0,41449.0,100.87,4.4249,6.443,86.84,1.1061,91464.0,92400.0,90911.0,92033.0,11923.0,19431.0,91491.0,92245.0,90702.0,91595.0,11992.0,20614.0,86.84,103.3,52.9,949.71,13922.04
2025-04-14,,,,,,,,,,,,,,,,,,,,,,,,,,,,,,,,,
2025-04-15,93074.0,93353.0,92627.0,92929.0,3220.65,3204.2,32.28,3226.3,32.17,138465.0,21931.0,99.64,4.3739,6.444,86.205,1.1373,93578.0,93578.0,92752.0,93252.0,4774.0,20408.0,94746.0,95281.0,93575.0,94870.0,8385.0,16743.0,86.205,100.3,52.43,953.15,13972.97
2025-04-16,,,,,,,,,,,,,,,,,,,,,,,,,,,,,,,,,
2025-04-17,94489.0,94579.0,95403.0,96575.0,3304.4,3322.9,32.96,3346.4,33.29,138465.0,21931.0,99.38,4.2768,6.389,85.7275,1.1364,94573.0,95740.0,94311.0,95661.0,13805.0,22449.0,94800.0,96965.0,94666.0,96250.0,18474.0,14660.0,85.7275,100.52,53.57,953.15,14066.34
2025-04-18,,,,,,,,,,,,,,,,,,,,,,,,,,,,,,,,,
2025-04-21,95207.0,94910.0,95639.0,95151.0,,,,3328.4,32.78,136919.0,23329.0,99.23,4.3249,6.371,85.445,1.1375,95661.0,95935.0,94279.0,95254.0,12714.0,21432.0,95500.0,95650.0,94148.0,95037.0,13318.0,14881.0,85.445,101.54,51.46,952.29,14120.1
2025-04-22,96587.0,96670.0,96200.0,96242.0,,,,3425.3,32.83,136919.0,23329.0,98.28,4.4106,6.316,85.185,1.1556,96696.0,97390.0,96235.0,97279.0,12654.0,22823.0,95600.0,96470.0,94912.0,95247.0,11183.0,14833.0,85.185,104.33,54.3,952.29,14120.1
2025-04-23,99100.0,98484.0,95900.0,95607.0,3454.7,3433.55,32.61,3419.4,33.21,136919.0,23329.0,98.92,4.4008,6.32,85.235,1.1512,98753.0,99358.0,96563.0,97340.0,22631.0,20817.0,95793.0,96444.0,94417.0,95879.0,17752.0,12678.0,85.235,102.95,53.71,947.7,14120.1
2025-04-24,95784.0,96085.0,96115.0,96613.0,3332.85,3262.95,32.96,3294.1,33.86,136919.0,23329.0,99.84,4.3812,6.329,85.465,1.1407,96500.0,96500.0,94000.0,94722.0,24960.0,17353.0,95429.0,98080.0,95425.0,97799.0,18564.0,11090.0,85.465,97.28,52.9,949.14,14120.1
2025-04-25,96075.0,96286.0,97616.0,97634.0,3331.05,3314.75,33.4,3348.6,33.82,136919.0,23329.0,99.38,4.3149,6.322,85.32,1.1389,95580.0,96188.0,95173.0,95912.0,11978.0,18030.0,97451.0,97770.0,96833.0,97511.0,10231.0,9509.0,85.32,99.0,53.33,948.56,14073.42
2025-04-28,95669.0,95631.0,97513.0,97684.0,3299.35,3277.3,33.34,3298.4,33.33,125722.0,26174.0,99.47,4.2353,6.364,85.4425,1.1362,95999.0,96239.0,94256.0,94992.0,13915.0,17371.0,97495.0,97631.0,95698.0,96441.0,9161.0,7091.0,85.4425,98.97,52.34,946.27,13960.26
2025-04-29,95420.0,95108.0,96013.0,96426.0,3278.65,3296.3,33.01,3347.7,33.32,125722.0,26174.0,99.01,4.2082,6.396,85.2475,1.1366,95000.0,96092.0,94145.0,96025.0,14152.0,17848.0,95869.0,96590.0,95492.0,96464.0,8250.0,4136.0,85.2475,100.47,53.95,946.27,13956.01
2025-04-30,96286.0,96011.0,96481.0,97390.0,3314.95,3305.05,33.23,3333.6,33.58,125722.0,26174.0,99.24,4.1716,6.342,85.415,1.137,95800.0,95800.0,95031.0,95592.0,11623.0,17162.0,97540.0,98884.0,97094.0,98118.0,14868.0,13511.0,85.415,99.28,55.17,947.13,14056.44
2025-05-01,,,,,,,,,,,,,,,,,,,,,,,,,,,,,,,,,
2025-05-02,95689.0,94361.0,96050.0,94114.0,3225.75,3214.75,32.13,3222.2,32.47,125722.0,26174.0,100.25,4.2176,6.356,84.68,1.1393,93444.0,96300.0,92055.0,92339.0,11825.0,14840.0,94466.0,95500.0,93273.0,94729.0,10627.0,16464.0,84.68,99.24,54.39,945.41,14151.21
2025-05-05,93393.0,93954.0,94200.0,94125.0,3263.05,3249.7,32.37,3243.3,32.26,115865.0,31252.0,100.03,4.3083,6.354,84.59,1.1356,92835.0,93443.0,92370.0,92637.0,13312.0,14786.0,95189.0,95430.0,93804.0,94064.0,11060.0,18227.0,84.59,100.54,55.64,944.26,14009.77
2025-05-06,93734.0,95282.0,93718.0,94100.0,,,,3322.3,32.47,115865.0,31252.0,99.83,4.3433,6.325,84.3925,1.1362,93249.0,94850.0,92925.0,94649.0,10748.0,14888.0,94246.0,95360.0,93935.0,94424.0,9260.0,19269.0,84.3925,102.31,58.15,939.39,14015.31
2025-05-07,96761.0,96888.0,95845.0,95854.0,3377.35,3391.45,33.03,3422.8,33.38,115865.0,31252.0,99.24,4.2946,6.351,84.51,1.1349,95200.0,97559.0,95200.0,97491.0,14300.0,15240.0,95400.0,96888.0,95400.0,96701.0,12713.0,16654.0,84.51,102.54,57.93,937.95,13958.73
2025-05-08,97493.0,97426.0,96133.0,95774.0,3375.75,3392.25,32.88,3391.9,32.79,115865.0,31252.0,99.61,4.2694,6.337,84.8925,1.1378,96900.0,97380.0,96550.0,97090.0,9456.0,15218.0,96552.0,96876.0,95536.0,95733.0,8664.0,17242.0,84.8925,103.44,58.41,937.67,13958.73
2025-05-09,96024.0,97030.0,94600.0,95225.0,3341.1,3352.3,32.43,3306.0,32.62,115865.0,31252.0,100.64,4.3785,6.398,85.6225,1.1302,97323.0,97323.0,95381.0,96168.0,16122.0,14423.0,96166.0,96700.0,94712.0,96512.0,12448.0,16305.0,85.6225,101.36,55.18,939.67,13958.73
2025-05-12,96647.0,96416.0,95686.0,95726.0,3324.45,3324.55,32.52,3344.0,32.91,112307.0,30248.0,100.34,4.3785,6.375,85.515,1.1264,96020.0,96741.0,95834.0,96518.0,8777.0,14355.0,96190.0,97044.0,95900.0,96729.0,7184.0,16038.0,85.515,101.6,54.8,937.94,13958.73
2025-05-13,94393.0,93076.0,95917.0,94095.0,3222.6,3235.4,32.02,3228.0,32.62,112307.0,30248.0,101.79,4.4709,6.375,85.515,1.1264,95500.0,95500.0,92389.0,92901.0,17666.0,12815.0,96210.0,96650.0,93867.0,95344.0,17578.0,17065.0,85.515,98.95,52.11,939.09,14020.96
2025-05-14,93942.0,94344.0,96350.0,96820.0,3254.1,3227.95,32.98,3247.8,33.1,112307.0,30248.0,101.0,4.465,6.329,85.36,1.1118,92885.0,94180.0,92875.0,93647.0,11043.0,12407.0,95965.0,97666.0,95965.0,96767.0,17399.0,16943.0,85.36,98.12,51.01,936.51,14029.45
2025-05-15,93776.0,93859.0,95949.0,96400.0,3230.95,3191.95,32.89,3188.3,32.44,112307.0,30248.0,101.04,4.5363,6.285,85.375,1.1232,93143.0,93666.0,92022.0,92265.0,14208.0,11867.0,96650.0,97053.0,95025.0,95466.0,17139.0,20218.0,85.375,98.27,50.49,936.51,13999.75
2025-05-16,91484.0,92365.0,94103.0,94572.0,3171.35,3191.05,32.09,3226.6,32.68,112307.0,30248.0,100.88,4.4315,6.274,85.545,1.1188,91593.0,93446.0,90890.0,93169.0,19047.0,11079.0,94368.0,96190.0,93800.0,95915.0,14763.0,20526.0,85.545,98.73,52.36,927.62,13971.47
2025-05-19,93658.0,92301.0,95588.0,94606.0,3210.05,3182.95,32.14,3187.2,32.35,110874.0,28460.0,101.09,4.477,6.268,85.6175,1.12,92859.0,93550.0,91615.0,92441.0,14962.0,10727.0,95751.0,96100.0,94376.0,95318.0,10810.0,21351.0,85.6175,98.51,51.0,918.73,13971.47
2025-05-20,93619.0,93785.0,95250.0,95755.0,3239.05,3230.15,32.52,3233.5,32.51,110874.0,28460.0,100.43,4.4474,6.29,85.4625,1.1272,93024.0,94031.0,92800.0,93297.0,10614.0,10158.0,95499.0,96250.0,95313.0,95453.0,8177.0,20912.0,85.4625,99.47,51.58,918.73,13914.9
2025-05-21,93058.0,93807.0,94954.0,95800.0,3238.45,3261.55,32.5,3312.6,33.17,110874.0,28460.0,100.12,4.4869,6.265,85.6275,1.1254,93001.0,94899.0,92810.0,94841.0,13466.0,10502.0,95325.0,97330.0,94899.0,97288.0,16005.0,18661.0,85.6275,99.86,53.4,921.6,13989.85
2025-05-22,95452.0,95309.0,97475.0,97332.0,3310.25,3299.65,33.16,3341.9,33.65,110874.0,28460.0,99.56,4.5985,6.245,85.585,1.134,95344.0,95705.0,95025.0,95599.0,10509.0,10524.0,97447.0,98795.0,97312.0,98245.0,12397.0,17331.0,85.585,99.33,54.28,919.88,14054.89
2025-05-23,95583.0,95516.0,98492.0,96519.0,3305.9,3284.0,32.73,3323.6,33.22,110874.0,28460.0,99.96,4.5287,6.272,85.99,1.1315,96214.0,96383.0,95201.0,95536.0,14202.0,9678.0,98780.0,99365.0,96650.0,97796.0,18200.0,16788.0,85.99,100.05,54.31,923.89,14054.89
2025-05-26,95815.0,95471.0,97654.0,96909.0,3330.1,3342.65,33.1,3394.5,33.61,118615.0,30551.0,99.11,4.511,6.252,85.345,1.1353,95557.0,96550.0,95555.0,96421.0,11406.0,9951.0,97897.0,98269.0,96935.0,98054.0,11586.0,17149.0,85.345,101.0,55.17,922.46,14132.67
2025-05-27,95382.0,95813.0,97710.0,97397.0,,,,3394.5,33.61,118615.0,30551.0,98.93,4.511,6.253,85.125,1.1385,96001.0,96101.0,95507.0,95937.0,6968.0,8931.0,97878.0,98300.0,97566.0,98003.0,4835.0,17348.0,85.125,101.0,55.17,922.46,14217.5
2025-05-28,95667.0,95152.0,97357.0,96525.0,3295.75,3296.7,32.9,3328.3,33.31,118615.0,30551.0,99.52,4.4436,6.253,85.385,1.1348,95600.0,96064.0,94932.0,95143.0,9758.0,6718.0,97915.0,97949.0,96496.0,97475.0,11428.0,17939.0,85.385,99.92,54.66,922.46,14217.5
2025-05-29,95627.0,95700.0,97653.0,97446.0,3321.65,3300.85,33.29,3322.4,33.16,118615.0,30551.0,99.88,4.4773,6.238,85.575,1.1343,95287.0,95860.0,95000.0,95278.0,7101.0,4022.0,97749.0,98186.0,97105.0,97255.0,10765.0,18485.0,85.575,100.19,53.73,925.61,14217.5
2025-05-30,94830.0,95525.0,97664.0,98100.0,3278.9,3312.4,33.37,3343.9,33.42,118615.0,30551.0,99.28,4.418,6.252,85.6425,1.1305,95562.0,96651.0,95213.0,96459.0,11691.0,14254.0,97562.0,98449.0,97340.0,97826.0,13326.0,18264.0,85.6425,100.05,54.87,930.2,14217.5
2025-06-02,95315.0,95355.0,97100.0,97458.0,3293.55,3277.55,33.08,3315.4,33.03,117237.0,33393.0,99.33,4.4004,6.288,85.6925,1.1336,95799.0,96292.0,95411.0,95875.0,12306.0,13415.0,97252.0,98049.0,96742.0,97015.0,14638.0,19521.0,85.6925,100.38,54.54,930.2,14303.75
2025-06-03,96192.0,96680.0,97392.0,97761.0,3345.1,3370.85,33.25,3397.2,34.69,117237.0,33393.0,98.71,4.4399,6.266,85.5325,1.1425,96131.0,98050.0,96101.0,97953.0,13098.0,16036.0,97376.0,101144.0,97122.0,101011.0,29275.0,17718.0,85.5175,97.92,54.34,933.07,14303.75
2025-06-04,96962.0,96867.0,99939.0,100460.0,3358.2,3334.75,34.25,3377.1,34.63,117237.0,33393.0,99.23,4.4537,6.254,85.735,1.1383,97811.0,97906.0,97221.0,97719.0,9120.0,15902.0,99957.0,101350.0,99868.0,101216.0,14379.0,17601.0,85.735,97.51,53.26,935.64,14351.82
2025-06-05,96988.0,96747.0,101000.0,100980.0,3363.1,3364.6,34.35,3399.2,34.65,117237.0,33393.0,98.79,4.3552,6.258,85.9825,1.1378,98012.0,98687.0,97679.0,98579.0,10160.0,17236.0,101331.0,101663.0,100720.0,101380.0,9769.0,17570.0,85.9825,98.11,54.08,935.64,14416.64
2025-06-06,97291.0,98163.0,101298.0,104675.0,3385.6,3374.6,35.8,,,117237.0,33393.0,98.74,4.3906,6.246,85.89,1.1415,98456.0,99214.0,97573.0,97874.0,15223.0,15231.0,101499.0,105484.0,101320.0,104443.0,32228.0,20560.0,85.89,94.26,53.26,935.64,14552.37
2025-06-09,97358.0,97145.0,104610.0,105285.0,3356.05,3339.9,36.19,3346.6,36.14,130508.0,45381.0,99.19,4.5056,6.288,85.7475,1.1437,98248.0,98573.0,96857.0,97036.0,12838.0,13646.0,105316.0,106138.0,104923.0,105459.0,17384.0,21238.0,85.7475,92.6,51.82,934.21,14672.53
2025-06-10,95718.0,95864.0,105290.0,105560.0,3348.5,97193.0,36.69,3354.9,36.8,130508.0,45381.0,98.94,4.4738,6.348,85.7175,1.1423,96860.0,97290.0,96285.0,97173.0,8649.0,13182.0,105460.0,107171.0,105136.0,107087.0,13202.0,22489.0,85.7175,91.18,51.38,934.21,14709.29
2025-06-11,96006.0,96359.0,106457.0,107000.0,3327.65,3337.7,36.76,3343.4,36.64,130508.0,45381.0,99.1,4.4698,6.364,85.645,1.1426,96600.0,97485.0,96276.0,96902.0,10534.0,13176.0,106725.0,107369.0,106105.0,106749.0,12943.0,21205.0,85.645,91.25,51.45,936.22,14656.98
2025-06-12,96055.0,96235.0,106194.0,105494.0,3367.8,96724.0,36.17,3343.7,36.26,130508.0,45381.0,98.63,4.4203,6.371,85.57,1.1451,97249.0,97655.0,96612.0,96704.0,11515.0,13012.0,106900.0,106900.0,105270.0,105392.0,15558.0,19259.0,85.57,92.21,49.06,934.19,14689.5
2025-06-13,97164.0,97455.0,105948.0,105498.0,3360.45,3391.4,36.18,3402.4,36.3,130508.0,45381.0,97.92,4.3592,6.344,85.57,1.1584,97650.0,98699.0,97284.0,98392.0,17378.0,15529.0,105850.0,106490.0,104005.0,105885.0,16524.0,17885.0,85.57,93.74,50.01,937.91,14729.08
2025-06-16,99170.0,99058.0,106240.0,106167.0,3420.2,3435.35,36.08,3452.8,36.36,129851.0,48793.0,98.18,4.3987,6.358,86.1575,1.153,99500.0,100681.0,99493.0,100276.0,15652.0,17267.0,106450.0,106940.0,105710.0,106493.0,12428.0,17363.0,86.1575,94.97,47.31,940.49,14729.08
2025-06-17,99214.0,99373.0,106490.0,106700.0,3417.3,3397.6,36.38,3417.3,36.45,129851.0,48793.0,98.0,4.4462,6.273,86.09,1.1586,100470.0,101078.0,98825.0,99178.0,12783.0,15619.0,106475.0,107195.0,106044.0,106564.0,9586.0,16870.0,86.09,93.76,47.61,941.93,14675.36
2025-06-18,98810.0,99147.0,106952.0,109100.0,3380.55,3388.45,37.07,3406.9,37.15,129851.0,48793.0,98.82,4.3888,6.265,86.275,1.1576,98902.0,99650.0,98810.0,99541.0,9216.0,14932.0,106436.0,109325.0,106005.0,108995.0,21352.0,17695.0,86.275,91.7,45.52,945.94,14714.94
2025-06-19,99018.0,99454.0,109550.0,109412.0,3381.35,3391.5,37.16,3408.1,36.91,129851.0,48793.0,98.91,4.3909,6.261,86.5075,1.1487,99372.0,99771.0,99110.0,99537.0,9159.0,14950.0,109352.0,109748.0,107931.0,108566.0,11843.0,15834.0,86.5075,92.33,45.36,947.37,14675.36
2025-06-20,98768.0,99261.0,107343.0,107383.0,3370.45,3368.9,36.31,3408.1,37.25,129851.0,48793.0,98.91,4.3909,6.309,86.77,1.1452,99202.0,99565.0,98675.0,99329.0,10038.0,14601.0,108161.0,108444.0,106911.0,107393.0,11445.0,14366.0,86.77,91.5,45.36,947.37,14763.0
2025-06-23,98503.0,98691.0,105592.0,106775.0,3355.15,3368.25,36.13,3385.7,36.35,129851.0,48793.0,98.71,4.3751,6.309,86.6675,1.1497,98847.0,99198.0,98431.0,99109.0,10507.0,14737.0,106501.0,106695.0,105053.0,106224.0,13201.0,12714.0,86.6675,93.15,45.85,950.24,14763.0
2025-06-24,98884.0,99348.0,106800.0,107063.0,3363.0,3380.55,36.13,3395.0,36.53,136626.0,50034.0,98.42,4.3475,6.305,86.7925,1.1467,99100.0,99830.0,98840.0,99388.0,12948.0,14786.0,106495.0,107084.0,106311.0,106759.0,8286.0,12165.0,86.7925,92.94,49.55,950.24,14750.28
2025-06-25,97288.0,97263.0,105898.0,105967.0,3319.5,3302.5,36.07,3333.9,36.07,136626.0,50034.0,97.86,4.2945,6.25,86.0725,1.1595,98807.0,98807.0,96422.0,97023.0,16856.0,13422.0,106502.0,106502.0,103680.0,104917.0,15966.0,10136.0,86.0725,92.44,51.79,957.4,14950.99
2025-06-26,97151.0,97157.0,105650.0,105200.0,3322.4,3318.25,35.77,3343.1,36.44,136626.0,50034.0,97.68,4.2906,6.287,86.08,1.1679,97311.0,97520.0,97015.0,97357.0,6828.0,13529.0,105151.0,106111.0,104750.0,105980.0,10513.0,9126.0,86.08,91.74,51.5,953.39,14877.49
2025-06-27,97030.0,97159.0,106525.0,107150.0,3340.2,3318.7,36.59,3348.0,36.92,136626.0,50034.0,97.15,4.2417,6.276,85.8575,1.1806,97600.0,97641.0,96562.0,97087.0,11022.0,13532.0,106405.0,107445.0,105807.0,106755.0,9510.0,6546.0,85.8575,90.67,51.32,953.39,14917.06
2025-06-30,96135.0,95784.0,106800.0,105193.0,3286.25,3271.75,35.98,3287.6,36.37,130484.0,45686.0,97.4,4.2769,6.314,85.6175,1.1747,97600.0,97641.0,96562.0,97087.0,11022.0,13532.0,106405.0,107445.0,105807.0,106755.0,9510.0,6546.0,85.6175,90.39,50.18,954.82,14866.18
2025-07-01,95951.0,95886.0,105875.0,105510.0,3277.25,3287.45,35.98,3307.7,36.17,130484.0,45686.0,96.88,4.228,6.324,85.8725,1.1734,95492.0,96186.0,95380.0,96075.0,11190.0,13018.0,106281.0,106905.0,105961.0,106292.0,7835.0,16191.0,85.8725,91.44,50.8,952.53,14866.18
2025-07-02,96882.0,97430.0,105925.0,106963.0,3343.15,3349.0,36.51,3349.8,36.4,130484.0,45686.0,96.82,4.2416,6.293,85.6275,1.184,96471.0,97650.0,96471.0,97251.0,10693.0,13288.0,106190.0,107895.0,106150.0,106713.0,12000.0,16672.0,85.6275,92.04,51.18,948.23,14826.61
2025-07-03,97257.0,97480.0,105900.0,106688.0,3338.5,3335.7,36.31,3359.7,36.73,130484.0,45686.0,96.78,4.2769,6.289,85.7375,1.1781,97242.0,97486.0,97000.0,97390.0,6436.0,12869.0,106684.0,107551.0,106057.0,107518.0,9507.0,16525.0,85.7375,91.48,49.81,947.66,14869.01
2025-07-04,97786.0,97337.0,107748.0,107620.0,3350.0,3332.15,36.88,3342.9,37.08,130484.0,45686.0,97.18,4.3457,6.288,85.4225,1.1827,97389.0,97780.0,96449.0,96782.0,11920.0,12095.0,107411.0,108730.0,107217.0,108236.0,14687.0,16318.0,85.4225,90.14,49.89,947.66,14846.12
2025-07-07,97142.0,97021.0,107367.0,107580.0,3333.7,3331.9,36.89,3342.9,37.08,130484.0,45686.0,97.18,4.3457,6.295,85.47,1.1808,96735.0,97131.0,96735.0,96990.0,3855.0,12391.0,107836.0,108499.0,107720.0,108429.0,6384.0,16443.0,85.47,90.14,49.89,947.66,14868.74
2025-07-08,96737.0,96596.0,107024.0,106531.0,3306.0,3315.35,36.25,3342.8,36.9,130484.0,45686.0,97.48,4.3794,6.293,85.965,1.1764,96485.0,97330.0,96340.0,97270.0,7543.0,12476.0,108124.0,108395.0,106869.0,108321.0,13996.0,16409.0,85.965,90.58,49.21,947.66,14868.74
2025-07-09,97195.0,96972.0,107690.0,107500.0,3322.25,3314.75,36.78,3316.9,36.75,136697.0,45624.0,97.52,4.3992,6.305,85.7625,1.1736,97172.0,97246.0,96012.0,96472.0,9293.0,12293.0,108498.0,108597.0,107080.0,107985.0,11299.0,16518.0,85.7625,90.26,48.54,946.51,14868.74
2025-07-10,96135.0,96085.0,107363.0,107280.0,3288.05,3300.15,36.59,3321.0,36.63,136697.0,45624.0,97.56,4.332,6.314,85.7725,1.171,96193.0,96566.0,95802.0,96461.0,7590.0,12048.0,107889.0,108280.0,107107.0,107265.0,9232.0,16945.0,85.7725,90.66,48.57,947.37,14935.15
2025-07-11,96838.0,97046.0,106900.0,107934.0,3326.05,3312.6,36.81,3325.7,37.31,136697.0,45624.0,97.65,4.3498,6.316,85.76,1.175,96548.0,96980.0,96444.0,96691.0,5942.0,11957.0,107320.0,109667.0,107300.0,109123.0,20771.0,16375.0,85.76,89.15,49.96,948.8,14966.24
2025-07-14,97473.0,97511.0,110300.0,110290.0,3336.05,3352.1,37.5,3364.0,38.96,134842.0,43605.0,97.85,4.4093,6.299,85.84,1.1701,97252.0,98076.0,97151.0,97818.0,11085.0,12456.0,109333.0,113111.0,109333.0,113001.0,30117.0,22698.0,85.84,86.36,49.15,947.64,14889.93
2025-07-15,98097.0,98303.0,113773.0,113867.0,3363.55,3351.15,39.0,3359.1,38.74,134842.0,43605.0,98.08,4.4333,6.316,86.02,1.1689,97967.0,98450.0,97590.0,97775.0,7625.0,11529.0,113542.0,115136.0,112627.0,112936.0,17438.0,21645.0,86.02,86.7,50.15,947.64,14758.52
2025-07-16,97964.0,97916.0,112000.0,111997.0,3359.5,3345.1,38.26,3336.7,38.11,134842.0,43605.0,98.62,4.4813,6.309,85.885,1.1677,97887.0,98080.0,97025.0,97211.0,8269.0,10720.0,112153.0,112939.0,111053.0,111486.0,14943.0,18626.0,85.885,87.55,50.16,947.64,14966.24
2025-07-17,97460.0,97500.0,110996.0,111200.0,3339.4,3323.8,37.88,3359.1,38.12,134842.0,43605.0,98.39,4.4553,6.312,86.005,1.1611,97222.0,98282.0,97089.0,97788.0,9773.0,10624.0,111574.0,112295.0,110800.0,111635.0,13326.0,17849.0,86.005,88.12,50.6,950.79,14856.02
2025-07-18,97370.0,97453.0,110937.0,111000.0,3329.3,3318.5,37.76,3345.3,38.3,134842.0,43605.0,98.73,4.4513,6.301,86.1475,1.1574,97511.0,97549.0,96829.0,97473.0,8616.0,10606.0,111929.0,112435.0,110745.0,112334.0,11773.0,17215.0,86.1475,87.34,49.53,948.5,14819.29
2025-07-21,97828.0,98243.0,112300.0,112700.0,3351.6,3355.1,38.27,3358.3,38.46,143656.0,43927.0,98.48,4.4155,6.306,86.17,1.1635,97320.0,98157.0,97320.0,98024.0,5632.0,10695.0,112529.0,113688.0,112505.0,112950.0,9748.0,18122.0,86.17,87.31,49.87,943.62,14694.95
2025-07-22,98791.0,98896.0,112760.0,113465.0,3362.6,3386.2,38.47,3406.4,39.33,143656.0,43927.0,97.85,4.3777,6.3,86.3325,1.1645,98210.0,99491.0,98050.0,99328.0,10182.0,11327.0,113071.0,115115.0,112820.0,115046.0,14658.0,20063.0,86.3325,86.6,50.69,947.06,14658.21
2025-07-23,99363.0,99508.0,114252.0,114493.0,3385.6,3409.85,38.84,3443.7,39.56,143656.0,43927.0,97.39,4.344,6.307,86.4475,1.1691,99300.0,100410.0,99101.0,100329.0,9260.0,11130.0,114629.0,116196.0,114251.0,115655.0,16553.0,20433.0,86.4475,87.06,52.73,954.8,15005.79
2025-07-24,100502.0,100533.0,115500.0,115850.0,3430.15,3413.55,39.32,3455.1,39.5,143656.0,43927.0,97.21,4.3798,6.312,86.46,1.1727,100453.0,100555.0,99230.0,99417.0,11057.0,9270.0,116204.0,116641.0,115199.0,115634.0,15316.0,20606.0,86.46,87.46,52.95,954.8,15158.37
2025-07-25,99107.0,98880.0,114550.0,115092.0,3361.55,3365.85,39.03,3431.1,39.22,143656.0,43927.0,97.38,4.3957,6.328,86.4225,1.1747,99118.0,99118.0,98283.0,98726.0,8558.0,7735.0,114675.0,115450.0,114350.0,115133.0,11365.0,19824.0,86.4225,87.47,51.96,957.09,15207.82
2025-07-28,98735.0,98388.0,114988.0,114342.0,3346.6,3343.5,38.74,3392.5,38.37,170868.0,45265.0,97.65,4.3878,6.351,86.5625,1.1714,98582.0,98627.0,97744.0,97819.0,9270.0,6236.0,115466.0,115700.0,112457.0,113052.0,21701.0,15990.0,86.5625,88.43,52.06,957.09,15207.82
2025-07-29,98375.0,98446.0,113207.0,112984.0,3338.2,3305.25,38.13,3366.8,38.22,170868.0,45265.0,98.63,4.4098,6.37,86.6975,1.1655,97852.0,98120.0,97280.0,97545.0,5914.0,4287.0,113165.0,113417.0,112562.0,113053.0,12512.0,16114.0,86.6975,88.09,50.47,956.23,15230.43
2025-07-30,98274.0,98296.0,113590.0,113307.0,3325.0,3316.5,38.11,3381.2,38.29,170868.0,45265.0,98.89,4.3204,6.359,86.95,1.1568,98515.0,99285.0,98439.0,99119.0,7568.0,12029.0,113268.0,114082.0,112700.0,113753.0,8638.0,15641.0,86.95,88.31,48.85,956.23,15159.79
2025-07-31,98687.0,99017.0,113600.0,113400.0,3331.7,3304.3,37.92,3352.8,37.74,170868.0,45265.0,99.82,4.37,6.37,87.555,1.1526,99248.0,99840.0,98755.0,98983.0,10746.0,11905.0,113664.0,114023.0,112417.0,112864.0,11901.0,15704.0,87.555,88.84,47.9,955.37,15173.92
2025-08-01,,,,,,,,,,,,,,,,,,,,,,,,,,,,,,,,,
2025-08-04,,,,,,,,,,,,,,,,,,,,,,,,,,,,,,,,,
2025-08-05,,,,,,,,,,,,,,,,,,,,,,,,,,,,,,,,,
2025-08-06,,,,,,,,,,,,,,,,,,,,,,,,,,,,,,,,,
2025-08-07,100672.0,100452.0,113576.0,113485.0,3362.7,3372.0,37.78,3433.4,37.9,142846.0,43633.0,98.18,4.2257,6.416,87.83,1.1606,101329.0,101332.0,100660.0,101262.0,6686.0,14869.0,113433.0,113888.0,112826.0,113655.0,8780.0,17092.0,87.83,90.59,53.36,952.79,15044.47
2025-08-08,100904.0,100703.0,114505.0,115250.0,3375.95,3383.75,38.38,3453.7,38.29,142846.0,43633.0,98.4,4.25,6.386,87.58,1.1646,101361.0,102155.0,100967.0,101468.0,12258.0,15765.0,113998.0,115417.0,113905.0,114286.0,19447.0,16010.0,87.58,90.19,54.07,959.09,15112.28
2025-08-11,101406.0,100942.0,114893.0,114732.0,3397.1,3394.15,38.29,3491.3,38.54,161811.0,30621.0,98.18,4.2829,6.412,87.7,1.1645,101950.0,102250.0,101372.0,101798.0,16815.0,16561.0,114641.0,115876.0,114571.0,114881.0,14016.0,15459.0,87.7,90.58,54.65,959.64,15112.28
2025-08-12,100201.0,99957.0,114308.0,113501.0,3358.1,3356.4,37.76,3404.7,37.79,161811.0,30621.0,98.52,4.2849,6.44,87.78,1.1644,101198.0,101199.0,100160.0,100322.0,13151.0,13510.0,114291.0,114540.0,112817.0,113296.0,14570.0,15541.0,87.78,90.1,53.23,964.22,14990.8
2025-08-13,99549.0,99670.0,113593.0,113313.0,3347.55,3343.3,37.69,3399.0,38.0,161811.0,30621.0,98.1,4.2888,6.492,87.7875,1.1615,100396.0,100398.0,99746.0,100157.0,10620.0,12681.0,113296.0,113949.0,112767.0,113737.0,11133.0,15864.0,87.7875,89.44,53.81,964.22,15058.6
2025-08-14,100057.0,100097.0,114850.0,115275.0,3362.05,3364.4,38.61,3408.3,38.6,161811.0,30621.0,97.84,4.2326,6.481,87.51,1.1738,100263.0,100616.0,100123.0,100185.0,6764.0,12901.0,114199.0,115468.0,114199.0,115029.0,10246.0,14889.0,87.51,88.29,54.4,964.22,15058.6
2025-08-15,,,,,,,,,,,,,,,,,,,,,,,,,,,,,,,,,
2025-08-18,99971.0,100023.0,115100.0,114933.0,3344.35,3335.5,37.73,3382.6,38.47,154226.0,28257.0,97.85,4.316,6.4,87.6175,1.1704,100297.0,100438.0,99663.0,99838.0,8915.0,12721.0,115239.0,115303.0,113453.0,113943.0,13042.0,14462.0,87.6175,87.94,53.86,965.36,15071.31
2025-08-19,99737.0,99623.0,114017.0,114050.0,3348.45,3332.4,38.09,3378.0,38.53,154226.0,28257.0,98.17,4.3335,6.497,87.405,1.1699,99960.0,100086.0,99313.0,99401.0,5752.0,13267.0,113951.0,114348.0,113453.0,113592.0,8014.0,14907.0,87.6175,87.68,53.26,965.36,15071.31
2025-08-20,99146.0,99168.0,113165.0,113625.0,3337.9,3334.45,38.07,3358.7,37.81,154226.0,28257.0,98.27,4.3062,6.514,87.0525,1.1713,99466.0,99517.0,98607.0,98696.0,6921.0,13956.0,113365.0,113585.0,111205.0,111345.0,16799.0,16973.0,87.0525,88.82,53.87,962.21,15356.6
2025-08-21,98803.0,98946.0,111225.0,111194.0,3327.25,3344.65,37.08,3388.5,38.26,154226.0,28257.0,98.22,4.2907,6.497,87.0925,1.1633,98742.0,99410.0,98516.0,99304.0,6785.0,13791.0,111106.0,112644.0,110281.0,112553.0,16540.0,16613.0,87.0925,88.57,54.03,962.21,15339.66
2025-08-22,98966.0,99147.0,112939.0,112690.0,3339.7,3338.3,37.57,3381.6,38.58,154226.0,28257.0,98.62,4.3277,6.528,87.265,1.1657,99159.0,99595.0,98915.0,99435.0,6540.0,13544.0,112702.0,113845.0,112020.0,113706.0,13243.0,15072.0,87.265,87.66,53.24,956.77,15305.76
2025-08-25,99242.0,99358.0,113931.0,113906.0,3328.4,3334.25,38.01,3418.5,39.56,141758.0,28787.0,97.72,4.2537,6.551,87.52,1.1589,99301.0,100449.0,99168.0,100384.0,10014.0,12634.0,113743.0,116371.0,113000.0,116236.0,21534.0,12952.0,87.52,86.42,53.7,956.77,15277.52
2025-08-26,100345.0,100488.0,116533.0,116133.0,,,,3417.5,39.21,141758.0,28787.0,98.43,4.2751,6.597,87.57,1.1685,100195.0,100720.0,100195.0,100624.0,5066.0,13189.0,115727.0,116500.0,115502.0,115950.0,11950.0,12690.0,87.57,87.15,52.74,956.77,15288.82
2025-08-27,,,,,,,,,,,,,,,,,,,,,,,,,,,,,,,,,
2025-08-28,100827.0,100884.0,116525.0,115870.0,3372.9,3367.1,38.42,3448.6,39.21,141758.0,28787.0,98.23,4.2343,6.6,87.81,1.1662,100858.0,101612.0,100858.0,101542.0,4316.0,14224.0,115519.0,116224.0,114912.0,116097.0,9873.0,10919.0,87.81,87.95,53.76,959.92,15274.69
2025-08-29,101239.0,101506.0,116688.0,117110.0,3397.85,3407.65,38.94,3474.3,39.7,141758.0,28787.0,97.81,4.2033,6.533,87.7025,1.169,101450.0,102125.0,101334.0,102100.0,9341.0,15887.0,116099.0,117635.0,116099.0,117174.0,13189.0,5593.0,87.7025,87.51,53.78,967.94,15274.69
2025-09-01,,,,,,,,,,,,,,,,,,,,,,,,,,,,,,,,,
2025-09-02,,,,,,,,,,,,,,,,,,,,,,,,,,,,,,,,,
2025-09-03,,,,,,,,,,,,,,,,,,,,,,,,,,,,,,,,,
2025-09-04,,,,,,,,,,,,,,,,,,,,,,,,,,,,,,,,,
2025-09-05,105751.0,105945.0,122900.0,123207.0,3539.45,3546.3,40.97,3606.7,41.42,148122.0,34205.0,98.35,4.1607,6.493,88.2175,1.1655,106500.0,106823.0,105800.0,106417.0,9939.0,18078.0,123996.0,124950.0,123473.0,123920.0,17612.0,18681.0,88.2175,87.08,56.82,981.97,15281.4
2025-09-08,106446.0,106338.0,123581.0,123170.0,3548.6,3594.55,40.75,3653.3,41.55,168862.0,41022.0,97.77,4.0742,6.465,88.3325,1.1695,106676.0,107807.0,106600.0,107728.0,11160.0,18445.0,123500.0,126081.0,123500.0,124697.0,21362.0,17957.0,88.3325,87.92,59.05,981.97,15230.57
2025-09-09,107312.0,108037.0,123368.0,124413.0,3610.5,3632.65,41.19,3677.4,41.9,168862.0,41022.0,97.45,4.0398,6.465,88.3325,1.1695,107456.0,108732.0,107101.0,108518.0,11541.0,18183.0,126400.0,126730.0,123557.0,125571.0,20107.0,17958.0,88.3325,87.76,59.07,979.68,15193.85
2025-09-10,109143.0,109475.0,124689.0,124770.0,3654.1,3649.55,41.25,3682.2,41.34,168862.0,41022.0,97.79,4.0875,6.494,88.225,1.176,108947.0,109840.0,108600.0,109033.0,14266.0,17731.0,125463.0,126277.0,124230.0,124461.0,20663.0,17660.0,88.225,89.07,58.79,979.68,15137.37
2025-09-11,109409.0,109635.0,124144.0,124594.0,3646.4,3650.75,41.21,3682.0,41.6,168862.0,41022.0,97.78,4.0454,6.479,88.2,1.1734,108744.0,109356.0,108668.0,108986.0,8966.0,17009.0,124926.0,125589.0,124760.0,125180.0,11110.0,17163.0,88.2,88.51,57.83,979.95,15137.37
2025-09-12,109223.0,109097.0,124267.0,124499.0,3617.95,3629.55,41.08,3673.6,42.15,168862.0,41022.0,97.53,4.0206,6.467,88.5025,1.1682,108705.0,109186.0,108563.0,108981.0,11606.0,16588.0,125081.0,127241.0,124598.0,126938.0,22373.0,18583.0,88.5025,87.16,58.9,977.95,15137.37
2025-09-15,109841.0,109707.0,127348.0,128008.0,3645.35,3651.1,42.26,3686.4,42.83,166417.0,37768.0,97.55,4.0643,6.487,88.32,1.1737,108705.0,109186.0,108563.0,108981.0,11606.0,16588.0,125081.0,127241.0,124598.0,126938.0,22373.0,18583.0,88.5025,86.07,58.8,974.8,14890.88
2025-09-16,109603.0,109511.0,127763.0,127791.0,3638.2,3657.65,42.2,3719.0,42.96,166417.0,37768.0,97.3,4.0375,6.496,88.235,1.1769,109255.0,110330.0,108900.0,110179.0,9649.0,15570.0,127121.0,129622.0,127121.0,129429.0,15752.0,18221.0,88.235,86.56,58.75,976.8,15083.52
2025-09-17,110540.0,110869.0,128989.0,129300.0,3695.4,3695.4,42.69,3725.1,42.92,166417.0,37768.0,96.63,4.0279,6.492,88.135,1.1839,110277.0,110666.0,110000.0,110156.0,9357.0,14394.0,129336.0,130450.0,128260.0,128820.0,19929.0,17168.0,88.135,86.8,57.74,979.95,15152.9
2025-09-18,109971.0,109733.0,126713.0,125756.0,3669.7,3681.0,41.27,3717.8,42.15,166417.0,37768.0,96.87,4.0872,6.473,87.8825,1.1872,109956.0,109956.0,109180.0,109822.0,8892.0,13908.0,127486.0,127660.0,125300.0,126984.0,31222.0,17752.0,87.8825,88.2,58.05,975.66,15217.84
2025-09-19,109264.0,110167.0,125563.0,127100.0,3672.45,3643.7,41.86,3678.3,42.12,166417.0,37768.0,97.35,4.1044,6.514,88.145,1.1833,109180.0,109802.0,108690.0,109052.0,12496.0,12588.0,125999.0,127532.0,125430.0,127132.0,20819.0,17824.0,88.145,87.33,57.86,975.66,15189.61
2025-09-22,109873.0,109775.0,128500.0,128000.0,3657.85,3663.15,42.24,3705.8,42.95,160483.0,38128.0,97.64,4.1274,6.488,88.155,1.1769,109254.0,109910.0,109066.0,109847.0,7902.0,12069.0,127500.0,130110.0,127500.0,129838.0,28337.0,17412.0,88.155,86.28,59.12,994.56,15205.14
2025-09-23,111167.0,112155.0,132170.0,132869.0,3721.25,3719.7,43.74,3775.1,44.21,160483.0,38128.0,97.34,4.1467,6.489,88.305,1.1793,110402.0,112295.0,110202.0,112230.0,12617.0,10711.0,130658.0,133655.0,130658.0,133555.0,31301.0,18612.0,88.305,85.38,60.61,1000.57,15205.14
2025-09-24,113498.0,114314.0,134050.0,135267.0,3788.4,3783.8,44.33,3815.7,44.61,160483.0,38128.0,97.26,4.1061,6.473,88.7475,1.1776,112200.0,114179.0,112174.0,113836.0,16731.0,8852.0,133250.0,135700.0,133178.0,135062.0,29050.0,17374.0,88.7475,85.54,60.18,1000.57,15368.9
2025-09-25,114044.0,113584.0,134905.0,134089.0,3768.05,3761.6,43.88,3768.1,44.19,160483.0,38128.0,97.87,4.1466,6.491,88.7325,1.18,113500.0,113838.0,112504.0,112555.0,9066.0,6536.0,134626.0,135400.0,133776.0,134002.0,25156.0,16930.0,88.7325,85.27,57.98,996.85,15469.12
2025-09-26,113232.0,113349.0,134556.0,137040.0,3752.4,3730.75,44.94,3771.1,45.11,160483.0,38128.0,98.55,4.1698,6.497,88.8775,1.1753,112469.0,113250.0,112182.0,112629.0,10538.0,3349.0,133002.0,137530.0,133000.0,137056.0,47964.0,17394.0,88.8775,83.59,58.03,996.85,15469.12
2025-09-29,113299.0,113262.0,137467.0,138100.0,3748.75,3769.85,45.0,3809.0,46.66,158616.0,40065.0,98.15,4.1755,6.523,88.8875,1.1673,113795.0,115074.0,113790.0,114891.0,12942.0,14168.0,136876.0,142189.0,136504.0,141889.0,39630.0,16751.0,88.8875,81.64,57.96,1005.72,15390.07
2025-09-30,115292.0,115454.0,144100.0,144387.0,3812.85,3826.85,46.95,3855.2,47.02,158616.0,40065.0,97.91,4.1387,6.555,88.905,1.1729,115226.0,116497.0,115100.0,116344.0,12798.0,14384.0,141758.0,144179.0,141758.0,143099.0,46714.0,19373.0,88.905,82.0,60.76,1011.73,15361.84
2025-10-01,,,,,,,,,,,,,,,,,,,,,,,,,,,,,,,,,
2025-10-02,,,,,,,,,,,,,,,,,,,,,,,,,,,,,,,,,
2025-10-03,,,,,,,,,,,,,,,,,,,,,,,,,,,,,,,,,
2025-10-06,,,,,,,,,,,,,,,,,,,,,,,,,,,,,,,,,
2025-10-07,,,,,,,,,,,,,,,,,,,,,,,,,,,,,,,,,
2025-10-08,,,,,,,,,,,,,,,,,,,,,,,,,,,,,,,,,
2025-10-09,,,,,,,,,,,,,,,,,,,,,,,,,,,,,,,,,
2025-10-10,,,,,,,,,,,,,,,,,,,,,,,,,,,,,,,,,
2025-10-13,,,,,,,,,,,,,,,,,,,,,,,,,,,,,,,,,
2025-10-14,,,,,,,,,,,,,,,,,,,,,,,,,,,,,,,,,
2025-10-15,,,,,,,,,,,,,,,,,,,,,,,,,,,,,,,,,
2025-10-16,,,,,,,,,,,,,,,,,,,,,,,,,,,,,,,,,
2025-10-17,,,,,,,,,,,,,,,,,,,,,,,,,,,,,,,,,
2025-10-20,,,,,,,,,,,,,,,,,,,,,,,,,,,,,,,,,
2025-10-21,,,,,,,,,,,,,,,,,,,,,,,,,,,,,,,,,
2025-10-22,,,,,,,,,,,,,,,,,,,,,,,,,,,,,,,,,
2025-10-23,,,,,,,,,,,,,,,,,,,,,,,,,,,,,,,,,
2025-10-24,,,,,,,,,,,,,,,,,,,,,,,,,,,,,,,,,
2025-10-27,,,,,,,,,,,,,,,,,,,,,,,,,,,,,,,,,
2025-10-28,,,,,,,,,,,,,,,,,,,,,,,,,,,,,,,,,
2025-10-29,,,,,,,,,,,,,,,,,,,,,,,,,,,,,,,,,
2025-10-30,,,,,,,,,,,,,,,,,,,,,,,,,,,,,,,,,
2025-10-31,,,,,,,,,,,,,,,,,,,,,,,,,,,,,,,,,
2025-11-03,120815.0,120770.0,149142.0,149125.0,4013.2,4011.5,48.96,3996.5,48.16,158616.0,40065.0,99.8,4.0775,6.532,88.8175,1.1591,121148.0,122325.0,120628.0,121232.0,16041.0,13022.0,148140.0,150000.0,147500.0,148287.0,15417.0,19814.0,88.8175,82.98,65.54,1039.2,15189.82
2025-11-04,121113.0,120777.0,149660.0,149300.0,3994.15,4025.25,48.78,4014.0,48.05,158616.0,40065.0,99.87,4.1104,6.534,88.8775,1.1553,121435.0,122146.0,121165.0,121409.0,10668.0,13406.0,148791.0,149747.0,147135.0,147758.0,13781.0,20322.0,88.8775,83.54,65.75,1041.78,15189.82
2025-11-05,,,,,,,,,,,,,,,,,,,,,,,,,,,,,,,,,
2025-11-06,,,,,,,,,,,,,,,,,,,,,,,,,,,,,,,,,
2025-11-07,120100.0,120670.0,147358.0,148242.0,4004.3,3986.5,48.69,3991.0,47.95,158616.0,40065.0,99.73,4.0831,6.515,88.705,1.1515,120500.0,121550.0,120125.0,120613.0,9202.0,13489.0,146960.0,149040.0,146055.0,147069.0,12894.0,19651.0,88.705,83.23,67.15,1040.35,15150.71
2025-11-10,120231.0,120100.0,148010.0,148275.0,4006.4,3994.1,48.7,4009.8,48.14,158616.0,40065.0,99.6,4.0966,6.514,88.7425,1.1547,120839.0,121640.0,120551.0,121067.0,8896.0,12906.0,147309.0,149395.0,147115.0,147728.0,16501.0,18927.0,88.7425,83.29,67.11,1042.06,15114.03
2025-11-11,122087.0,122441.0,150975.0,151643.0,4077.6,4090.25,50.04,4122.0,50.31,158616.0,40065.0,99.59,4.116,6.49,88.79,1.1575,121768.0,124157.0,121768.0,123970.0,11488.0,12558.0,149540.0,153876.0,149540.0,153691.0,19928.0,16213.0,88.79,81.93,68.55,1042.06,15088.63
2025-11-12,124147.0,124149.0,154338.0,154760.0,4137.5,4123.3,51.24,4116.3,50.74,158616.0,40065.0,99.44,4.116,6.475,88.6425,1.1572,124595.0,125839.0,123417.0,123913.0,10389.0,12906.0,154743.0,156079.0,153001.0,154687.0,17585.0,15944.0,88.6425,81.12,67.44,1042.06,15088.63
2025-11-13,123362.0,123913.0,155046.0,156705.0,4120.1,4136.75,51.54,4213.6,53.46,158616.0,40065.0,99.5,4.0693,6.459,88.695,1.159,124300.0,126699.0,123648.0,126465.0,13127.0,11986.0,155598.0,162654.0,154926.0,162091.0,24981.0,13630.0,88.695,78.82,72.04,1046.64,15088.63
2025-11-14,126124.0,126554.0,163808.0,162730.0,4234.3,4195.65,53.87,4194.5,53.17,158616.0,40065.0,99.16,4.1192,6.473,88.745,1.1621,126344.0,127941.0,126182.0,126751.0,13337.0,11821.0,163591.0,165818.0,160696.0,162470.0,28112.0,13488.0,88.745,78.89,71.47,1048.93,15088.63
2025-11-17,125428.0,124794.0,160656.0,159367.0,4161.2,4071.1,52.01,4094.2,50.69,158616.0,40065.0,99.3,4.1483,6.486,88.76,1.1652,126748.0,127048.0,121800.0,123561.0,18445.0,11820.0,162851.0,163333.0,153371.0,156018.0,30624.0,13182.0,88.76,80.78,68.13,1044.0,15173.28
2025-11-18,122714.0,122924.0,154130.0,154933.0,4083.2,4072.5,51.06,4074.5,50.71,158616.0,40065.0,99.59,4.1386,6.498,88.6675,1.1604,123114.0,123650.0,122172.0,122927.0,10773.0,11127.0,155105.0,156690.0,153310.0,155312.0,14954.0,12867.0,88.6675,80.35,68.01,1041.43,15218.42
2025-11-19,121366.0,122180.0,151850.0,153706.0,4041.05,4060.85,50.3,4066.5,51.15,158616.0,40065.0,99.55,4.1134,6.485,88.6225,1.1602,122121.0,123037.0,120762.0,122640.0,11791.0,10829.0,152948.0,154920.0,151000.0,154644.0,17435.0,12423.0,88.6225,79.51,66.95,1041.43,15218.42
2025-11-20,123448.0,123884.0,156300.0,158120.0,4110.65,4126.95,52.2,4082.8,51.5,149311.0,37250.0,100.23,4.1367,6.488,88.6025,1.1594,122799.0,124455.0,122270.0,123051.0,12423.0,10237.0,155039.0,159066.0,153423.0,155107.0,23476.0,12182.0,88.6025,79.27,68.69,1043.72,15218.42
2025-11-21,122881.0,122561.0,155840.0,154113.0,4062.55,4090.6,50.85,4060.0,50.96,149311.0,37250.0,100.16,4.0845,6.488,88.7325,1.1526,122953.0,123760.0,122000.0,122727.0,10854.0,10392.0,156000.0,156607.0,153150.0,154151.0,18188.0,12394.0,88.7325,79.68,68.81,1039.43,15226.88
2025-11-24,122149.0,123146.0,151375.0,151129.0,4034.3,4072.85,48.91,4116.0,50.56,149311.0,37250.0,100.18,4.0633,6.517,89.5825,1.153,122373.0,124538.0,121546.0,124191.0,13688.0,9276.0,153750.0,155183.0,150350.0,154151.0,23998.0,10854.0,89.5825,81.41,70.89,1040.57,15246.63
2025-11-25,123057.0,123308.0,153054.0,153650.0,4067.95,4082.05,50.04,4130.8,50.96,149311.0,37250.0,100.14,4.0248,6.476,89.3175,1.1525,122743.0,124055.0,122605.0,123854.0,8191.0,9031.0,153913.0,154690.0,152415.0,154482.0,10712.0,10338.0,89.3175,81.06,70.2,1040.86,15257.92
2025-11-26,125342.0,125119.0,73325.0,156320.0,4130.15,4126.45,51.21,4177.3,51.63,149311.0,37250.0,99.66,3.996,6.456,89.21,1.152,124789.0,125521.0,124460.0,125225.0,10239.0,8024.0,157162.0,157440.0,154967.0,156321.0,16986.0,8359.0,89.21,80.91,72.08,1040.86,15511.81
2025-11-27,126004.0,126081.0,157856.0,159025.0,4155.95,4139.6,52.48,4202.3,53.61,109577.0,24963.0,99.6,3.9941,6.451,89.41,1.1602,125750.0,126175.0,125205.0,125931.0,9482.0,6747.0,157750.0,161900.0,157507.0,161272.0,20072.0,8485.0,89.41,78.39,71.65,1040.86,15582.33
2025-11-28,127857.0,,161783.0,,4154.0,4153.95,53.4,4202.3,53.61,109577.0,24963.0,99.54,3.9941,6.463,89.4825,1.1612,125500.0,125910.0,125286.0,125504.0,5063.0,4828.0,160601.0,163974.0,160262.0,162467.0,9483.0,6169.0,89.4825,78.39,71.65,1045.43,15582.33
2025-12-01,126666.0,126591.0,164286.0,164359.0,4159.4,4191.05,53.91,4254.9,57.16,109577.0,24963.0,99.46,4.0132,6.506,89.575,1.157,128352.0,129599.0,127891.0,129504.0,11759.0,12131.0,167190.0,175484.0,166980.0,174981.0,29505.0,16095.0,89.575,74.43,72.67,1045.43,15582.33
2025-12-02,128602.0,128800.0,173740.0,175180.0,4254.1,4238.85,57.49,4274.8,59.14,109577.0,24963.0,99.41,4.0865,6.531,89.6775,1.1612,129999.0,131332.0,129900.0,130652.0,13698.0,13406.0,177858.0,182998.0,175867.0,182030.0,38024.0,14680.0,89.6775,72.28,72.06,1050.01,15610.54
2025-12-03,128141.0,127593.0,175423.0,174650.0,4185.7,4214.75,57.44,4220.8,58.7,109577.0,24963.0,99.36,4.0865,6.49,90.115,1.1627,130110.0,130800.0,129000.0,129759.0,12654.0,13305.0,180701.0,182680.0,177372.0,181601.0,30158.0,13736.0,90.115,71.9,71.98,1048.29,15802.36
2025-12-04,128550.0,128214.0,178684.0,178190.0,4200.9,4210.3,58.37,4232.5,58.62,92134.0,18537.0,98.85,4.0633,6.511,90.35,1.166,130550.0,131400.0,130109.0,130462.0,11802.0,13020.0,183799.0,184743.0,180990.0,182352.0,29074.0,13783.0,90.35,72.2,71.8,1046.58,15863.15
2025-12-05,127755.0,127845.0,175713.0,176625.0,4199.5,4200.6,57.57,4243.0,57.49,92134.0,18537.0,98.99,4.0981,6.513,90.035,1.1672,130799.0,130799.0,129366.0,130078.0,7935.0,13025.0,182621.0,182887.0,176853.0,178138.0,22803.0,14599.0,90.035,73.8,71.11,1050.58,15998.55
2025-12-08,128578.0,128592.0,179025.0,178210.0,4224.05,4243.0,58.11,4243.0,59.05,105635.0,22696.0,98.99,4.1351,6.494,90.1175,1.1673,129897.0,131539.0,129802.0,130462.0,10253.0,13050.0,179509.0,185234.0,179200.0,183408.0,25675.0,13957.0,90.1175,71.85,70.62,1050.25,16094.45
2025-12-09,128691.0,128257.0,179100.0,179088.0,4204.15,4188.25,58.38,4217.7,58.41,105635.0,22696.0,99.09,4.1643,6.534,90.265,1.1677,130431.0,130764.0,129577.0,129962.0,7103.0,13006.0,181900.0,183295.0,180651.0,181742.0,14592.0,13718.0,90.265,72.21,71.63,1049.11,15925.21
2025-12-10,127409.0,127974.0,177054.0,178893.0,4204.85,4198.0,58.63,4236.2,60.84,101556.0,19577.0,99.22,4.1878,6.59,90.035,1.1662,130045.0,130460.0,129101.0,130107.0,7381.0,13404.0,182769.0,188665.0,180100.0,188064.0,28708.0,12806.0,90.035,69.63,72.72,1047.97,15888.54
2025-12-11,128090.0,127788.0,186350.0,185488.0,4191.4,4200.15,61.04,4224.7,61.03,103830.0,23540.0,98.79,4.1468,6.628,90.1225,1.1645,130339.0,130502.0,129544.0,129796.0,7028.0,13744.0,188959.0,191800.0,187299.0,188735.0,21325.0,12273.0,90.1225,69.22,72.27,1046.82,15973.16
2025-12-12,128535.0,128596.0,186988.0,188281.0,4213.55,4230.35,62.12,4313.0,64.59,103830.0,23540.0,98.35,4.1566,6.583,90.435,1.1697,130250.0,132574.0,130119.0,132469.0,12877.0,13255.0,189908.0,199220.0,189908.0,198942.0,29959.0,12532.0,90.435,66.77,74.88,1050.83,16083.16
2025-12-15,130569.0,132710.0,192781.0,195180.0,4319.5,4346.95,64.51,4328.3,62.01,96685.0,20933.0,98.4,4.1841,6.593,90.59,1.1747,132442.0,135263.0,132275.0,133622.0,20181.0,13646.0,196958.0,201615.0,190077.0,192851.0,39148.0,10982.0,90.59,69.8,75.35,1053.11,16083.16
2025-12-16,133442.0,133249.0,192222.0,193417.0,4337.5,4315.85,63.87,4335.2,63.59,107976.0,20127.0,98.31,4.1723,6.593,90.8575,1.1742,134204.0,135496.0,133578.0,134130.0,12615.0,13758.0,194747.0,199500.0,194681.0,197901.0,21078.0,11090.0,90.8575,68.18,76.3,1051.68,16102.9
2025-12-17,132136.0,131777.0,191971.0,191975.0,4276.25,4324.2,62.98,4332.3,63.32,107976.0,20127.0,98.15,4.145,6.575,91.05,1.1758,133523.0,135346.0,133308.0,134409.0,12593.0,14039.0,195056.0,199386.0,194260.0,197755.0,21749.0,11279.0,91.05,68.42,78.38,1051.68,16060.6
2025-12-18,132713.0,132317.0,200750.0,199641.0,4314.85,4342.1,65.95,4373.9,66.9,119808.0,21254.0,98.37,4.1528,6.599,90.5025,1.1721,135079.0,135249.0,133373.0,134894.0,13810.0,14449.0,199201.0,207833.0,199201.0,207435.0,31499.0,11728.0,90.5025,65.38,78.19,1052.54,16018.29
2025-12-19,132454.0,132474.0,201250.0,201120.0,4321.6,4333.35,66.3,4364.5,65.22,119808.0,21254.0,98.43,4.1217,6.574,90.3375,1.175,134736.0,135590.0,133728.0,134521.0,13642.0,14316.0,206526.0,207060.0,201676.0,203565.0,26652.0,12888.0,90.3375,66.92,77.73,1052.54,16018.29
2025-12-22,132394.0,131779.0,200336.0,200067.0,4327.55,4337.6,65.79,4387.3,67.49,124637.0,27978.0,98.6,4.1471,6.602,89.725,1.1722,134021.0,134360.0,133555.0,134196.0,9294.0,15048.0,202899.0,208603.0,202656.0,208439.0,22569.0,12233.0,89.725,65.01,77.62,1052.54,16018.29
2025-12-23,133584.0,133970.0,207550.0,207727.0,4406.1,4421.65,69.22,4469.4,68.57,124637.0,27978.0,98.29,4.1628,6.668,89.7525,1.1741,134899.0,136820.0,134899.0,136744.0,12268.0,14885.0,209475.0,214583.0,209475.0,212872.0,22067.0,12688.0,89.7525,65.18,77.05,1064.56,16066.23
2025-12-24,136133.0,136283.0,209250.0,211000.0,4481.85,4449.4,69.74,4505.7,71.14,134130.0,24297.0,97.94,4.1628,6.633,89.6525,1.178,138297.0,138496.0,136651.0,137885.0,15622.0,15096.0,214498.0,220490.0,213662.0,219653.0,32613.0,12184.0,89.6525,63.34,77.18,1064.56,16599.25
2025-12-25,,,,,,,,,,,,,,,,,,,,,,,,,,,,,,,,,
2025-12-26,136635.0,136627.0,218954.0,218983.0,,,,4502.8,71.69,134130.0,24297.0,97.98,4.1335,6.54,89.78,1.1811,138166.0,138676.0,137292.0,138097.0,10574.0,14550.0,221000.0,224430.0,218500.0,223790.0,35664.0,12566.0,89.78,62.81,77.17,1068.27,16446.97
2025-12-29,137914.0,137956.0,232100.0,228107.0,,,,4552.7,77.2,134130.0,24297.0,98.02,4.1277,6.564,89.89,1.1792,138574.0,140465.0,138574.0,139873.0,13408.0,14832.0,224374.0,242000.0,224374.0,239787.0,34625.0,12089.0,89.89,58.98,80.24,1071.13,16446.97
2025-12-30,138161.0,136781.0,243483.0,235440.0,4457.75,4337.05,74.64,4343.6,70.46,134130.0,24297.0,98.04,4.1102,6.591,90.37,1.1782,139808.0,140444.0,134300.0,134942.0,21702.0,16019.0,247194.0,254174.0,222502.0,224429.0,55486.0,11998.0,90.37,61.65,74.79,1071.99,16390.56
2025-12-31,134362.0,134599.0,231467.0,232329.0,4389.45,4367.8,74.84,4386.3,77.92,134130.0,24297.0,98.24,4.1219,6.579,90.07,1.1795,136000.0,137182.0,135292.0,136666.0,12236.0,16153.0,231100.0,251360.0,231100.0,251012.0,27956.0,12712.0,90.07,56.29,75.69,1071.99,16305.96
2026-01-01,133099.0,133195.0,229433.0,230420.0,4307.95,,71.99,4341.1,70.6,134130.0,24297.0,98.32,4.167,6.588,90.145,1.1756,136327.0,136354.0,134841.0,135447.0,11461.0,15721.0,241400.0,242000.0,232228.0,235701.0,24474.0,13244.0,90.145,61.49,75.6,1070.56,16455.42
2026-01-02,133151.0,133461.0,227900.0,229250.0,,,,4341.1,70.6,137541.0,23864.0,98.32,4.167,6.582,90.1375,1.1762,135299.0,135890.0,135080.0,135804.0,1722.0,15753.0,235998.0,238911.0,233850.0,235873.0,2799.0,13147.0,90.1375,61.49,75.6,1070.56,16455.42
2026-01-05,134415.0,134782.0,234906.0,234550.0,4386.85,4352.95,74.22,4329.6,71.02,137541.0,23864.0,98.42,4.1907,6.606,90.3325,1.1759,136999.0,137098.0,135504.0,135761.0,8587.0,15577.0,239041.0,244999.0,235000.0,236316.0,17804.0,13738.0,90.3325,60.97,75.53,1065.13,16444.14
2026-01-06,135721.0,136168.0,236775.0,237063.0,4436.7,4456.4,75.07,4451.5,76.66,126873.0,16595.0,98.27,4.1612,6.633,90.4075,1.1702,136300.0,138280.0,136300.0,138120.0,10993.0,14945.0,244000.0,249900.0,240240.0,246155.0,17793.0,12352.0,90.4075,58.07,76.33,1065.13,16444.14
2026-01-07,,,,,,,,,,,,,,,,,,,,,,,,,,,,,,,,,
2026-01-08,136615.0,136675.0,246044.0,248000.0,4459.55,4438.0,78.99,4462.5,77.61,126873.0,16595.0,98.68,4.1475,6.611,90.0375,1.1706,139140.0,139140.0,137400.0,138009.0,9563.0,15059.0,257599.0,259692.0,246400.0,250605.0,23734.0,12305.0,90.0375,57.5,79.7,1067.13,16118.16
2026-01-09,135443.0,135773.0,235775.0,235826.0,4432.1,4429.35,75.21,4460.7,75.14,126873.0,16595.0,98.93,4.1672,6.629,90.0475,1.1692,137996.0,137996.0,136443.0,137742.0,8287.0,14918.0,251041.0,251889.0,236044.0,243324.0,22530.0,12439.0,90.0475,59.36,77.23,1067.13,16099.83
2026-01-12,137195.0,137122.0,239994.0,242808.0,4471.2,4493.85,78.14,4500.9,79.34,124256.0,17658.0,99.13,4.1653,6.64,90.27,1.166,137997.0,139550.0,137729.0,138819.0,9268.0,14727.0,245600.0,256330.0,243670.0,252725.0,18111.0,11858.0,90.27,56.73,76.13,1064.56,16215.43
2026-01-13,140005.0,140449.0,257283.0,256776.0,4587.7,4612.95,84.07,4614.7,85.09,124256.0,17658.0,98.86,4.1752,6.605,90.25,1.1676,139600.0,142500.0,139600.0,142032.0,11935.0,14422.0,262834.0,271352.0,260711.0,268970.0,19937.0,10354.0,90.25,54.23,77.56,1070.8,16308.47
2026-01-14,140482.0,140284.0,262742.0,263032.0,4582.8,4623.05,85.82,4599.1,86.34,124256.0,17658.0,99.13,4.1792,6.628,90.2725,1.1666,141847.0,142949.0,141311.0,142241.0,12746.0,14376.0,269701.0,279528.0,266037.0,275187.0,23189.0,10160.0,90.2725,53.27,75.21,1074.23,16347.95
2026-01-15,,,,,,,,,,,,,,,,,,,,,,,,,,,,,,,,,
2026-01-16,142152.0,142015.0,277175.0,277512.0,4611.1,4610.85,91.27,4623.7,92.35,124256.0,17658.0,99.32,4.1694,6.65,90.415,1.1654,143483.0,143483.0,141960.0,143121.0,4837.0,14152.0,287611.0,292960.0,277376.0,291577.0,16601.0,9720.0,90.415,50.07,78.12,1074.8,16242.22
2026-01-19,141717.0,141593.0,282720.0,281890.0,4607.25,4611.05,90.8,4595.4,88.54,136548.0,15045.0,99.39,4.2229,6.677,90.8625,1.1615,142589.0,143321.0,141220.0,142517.0,11809.0,13734.0,287127.0,292865.0,284045.0,287762.0,19388.0,10252.0,90.8625,51.9,77.31,1085.67,16061.78
2026-01-20,143978.0,143946.0,293650.0,293975.0,4664.95,4666.85,93.01,4595.4,88.54,136548.0,15045.0,99.39,4.2229,6.684,90.9875,1.1633,143321.0,145770.0,143320.0,145639.0,9177.0,13620.0,293100.0,310944.0,293100.0,310275.0,17586.0,9739.0,90.9875,51.9,77.31,1085.67,16073.06
2026-01-21,146375.0,147409.0,304863.0,309345.0,4723.95,4747.8,95.7,4765.8,94.64,136548.0,15045.0,98.64,4.2925,6.672,91.005,1.1669,145775.0,152500.0,145500.0,150565.0,20253.0,13043.0,306499.0,327998.0,306499.0,323672.0,30960.0,9966.0,91.005,50.36,78.96,1081.66,16073.06
2026-01-22,155204.0,154227.0,320075.0,319097.0,4860.75,4866.5,94.86,4837.5,92.64,136548.0,15045.0,98.76,4.2428,6.654,91.6975,1.1731,151575.0,158475.0,151575.0,152862.0,29109.0,12194.0,322566.0,335521.0,315012.0,318492.0,24001.0,9779.0,91.6975,52.22,79.8,1077.66,16222.48
2026-01-23,151499.0,151128.0,303584.0,299711.0,4825.55,4832.05,93.38,4913.4,96.37,136548.0,15045.0,98.36,4.2449,6.635,91.6475,1.1697,151557.0,157086.0,148777.0,156341.0,23508.0,11341.0,319843.0,330728.0,304039.0,327289.0,26390.0,9745.0,91.6475,50.98,82.77,1079.66,16166.1
2026-01-26,,,,,,,,,,,,,,,,,,,,,,,,,,,,,,,,,
2026-01-27,,,,,,,,,,,,,,,,,,,,,,,,,,,,,,,,,
2026-01-28,159027.0,158901.0,342507.0,344564.0,5088.1,5064.25,111.57,5120.6,105.96,139162.0,11326.0,96.22,4.2432,6.719,91.67,1.1894,158674.0,159820.0,157413.0,157699.0,13077.0,9403.0,339824.0,364821.0,339824.0,356279.0,28929.0,10323.0,91.67,48.33,82.07,1087.38,15974.4
2026-01-29,163827.0,164635.0,361821.0,358267.0,5277.8,5306.95,112.8,5340.2,113.53,139162.0,11326.0,96.45,4.2432,6.703,92.03,1.2011,159900.0,166500.0,159900.0,165915.0,13327.0,7187.0,364821.0,387954.0,364821.0,385366.0,17769.0,9354.0,92.03,47.04,84.48,1089.96,15847.54
2026-01-30,176121.0,175340.0,385933.0,379988.0,5501.7,5405.0,118.45,5354.8,114.43,139162.0,11326.0,96.28,4.2313,6.698,92.16,1.2001,169882.0,180779.0,157808.0,169403.0,15683.0,4233.0,399000.0,420048.0,355001.0,399893.0,26337.0,8798.0,92.16,46.8,81.85,1086.53,15636.11
2026-02-02,168475.0,165795.0,357163.0,339350.0,5063.45,4981.85,103.19,4745.1,78.53,121421.0,7294.0,96.99,4.2355,6.696,92.0425,1.1937,151610.0,151610.0,138634.0,147753.0,13706.0,8616.0,284826.0,284826.0,265652.0,265652.0,5233.0,7508.0,92.0425,60.42,72.77,1087.1,15523.36
2026-02-03,142270.0,148746.0,236496.0,259500.0,4685.45,4714.75,81.98,4652.6,77.01,121421.0,7294.0,97.63,4.2774,6.766,91.6525,1.186,151610.0,151610.0,138634.0,147753.0,13706.0,8616.0,284826.0,284826.0,265652.0,265652.0,5233.0,7508.0,92.0425,60.42,74.87,1087.1,15523.36
2026-02-04,150708.0,151529.0,255372.0,263965.0,4923.65,4920.95,87.49,4935.0,83.3,121421.0,7294.0,97.44,4.2655,6.724,90.345,1.1826,148000.0,155799.0,147215.0,153809.0,13320.0,8408.0,245711.0,278000.0,245711.0,268015.0,14981.0,6289.0,90.345,59.24,78.07,1087.1,16546.59
2026-02-05,158158.0,156625.0,276538.0,282462.0,5051.75,4985.1,90.59,4950.8,84.4,121421.0,7294.0,97.62,4.2735,6.698,90.5775,1.1845,158420.0,160755.0,151493.0,153046.0,12163.0,8228.0,278015.0,291390.0,265591.0,268850.0,13930.0,6316.0,90.5775,58.66,76.0,1081.95,16437.69
2026-02-06,152399.0,152502.0,252232.0,254339.0,4859.1,4847.25,78.71,4889.5,76.71,121421.0,7294.0,97.82,4.1801,6.647,90.3975,1.1798,151948.0,154200.0,148455.0,152071.0,9494.0,8166.0,258096.0,258096.0,230499.0,243815.0,17284.0,6152.0,90.17,63.74,77.26,1077.95,16370.05
2026-02-09,,,,,,,,,,,,,,,,,,,,,,,,,,,,,,,,,
2026-02-10,,,,,,,,,,,,,,,,,,,,,,,,,,,,,,,,,
2026-02-11,,,,,,,,,,,,,,,,,,,,,,,,,,,,,,,,,
2026-02-12,156113.0,157322.0,258091.0,266449.0,5070.3,5077.85,86.1,5098.5,83.92,93438.0,4491.0,96.83,4.1724,6.709,90.7275,1.1929,158436.0,160250.0,157500.0,158755.0,6690.0,7810.0,257938.0,269373.0,257938.0,263018.0,8300.0,6252.0,90.7275,60.75,78.89,1081.32,16216.45
2026-02-13,156147.0,155650.0,260614.0,259133.0,5063.25,5043.15,83.52,4948.4,75.68,93438.0,4491.0,96.93,4.0981,6.683,90.63,1.1867,158000.0,158747.0,149938.0,152836.0,7168.0,7914.0,261361.0,262775.0,234722.0,236435.0,7260.0,6252.0,90.63,65.38,78.75,1076.18,16236.18
2026-02-16,152751.0,152765.0,241945.0,242433.0,4969.3,4994.95,77.35,5046.3,77.96,93038.0,4585.0,96.92,4.0483,6.68,90.7025,1.1867,153750.0,156200.0,153153.0,155895.0,6469.0,7694.0,239626.0,248786.0,238918.0,244360.0,10291.0,5859.0,90.7025,64.73,80.24,1077.03,16174.18
2026-02-17,154080.0,154098.0,239484.0,240947.0,5005.4,4972.1,77.09,5046.3,77.96,93038.0,4585.0,96.92,4.0483,6.664,90.7275,1.1872,154999.0,155550.0,153925.0,154760.0,3650.0,7494.0,238489.0,241452.0,235208.0,239891.0,5715.0,5643.0,90.7275,64.73,80.24,1077.03,16041.73
2026-02-18,151195.0,151865.0,234380.0,232955.0,4922.3,4861.45,74.65,4905.9,73.54,93038.0,4585.0,97.16,4.0578,6.66,90.705,1.1849,153551.0,153959.0,150730.0,151418.0,7677.0,7574.0,235207.0,237720.0,226076.0,228783.0,9045.0,5800.0,90.705,66.71,78.71,1077.03,16041.73
2026-02-19,151963.0,151584.0,237039.0,236798.0,4916.85,5003.3,75.45,5009.5,77.6,93038.0,4585.0,97.7,4.0827,6.678,90.7025,1.1848,153303.0,156383.0,152501.0,155761.0,5480.0,7769.0,232929.0,245400.0,232121.0,244268.0,8015.0,5734.0,90.7025,64.56,76.84,1075.61,15821.93
2026-02-20,154735.0,154570.0,245230.0,244772.0,4991.05,5004.8,77.75,4997.4,77.63,93038.0,4585.0,97.93,4.0673,6.678,90.7025,1.1848,155132.0,157185.0,154546.0,154819.0,7669.0,7394.0,242439.0,248596.0,240010.0,241393.0,9360.0,5957.0,90.7025,64.37,75.23,1078.75,15641.59
2026-02-23,154438.0,155066.0,245564.0,250314.0,5032.3,5053.2,80.51,5080.9,82.97,96057.0,6160.0,97.8,4.0826,6.721,90.9625,1.1757,155105.0,157399.0,154890.0,156876.0,6318.0,7534.0,243874.0,254773.0,241245.0,252944.0,10747.0,5894.0,90.9625,61.23,76.43,1078.75,15547.19
2026-02-24,158428.0,158220.0,265550.0,264075.0,5147.55,5191.4,86.94,5225.6,87.22,96057.0,6160.0,97.71,4.0309,6.697,90.895,1.1826,158458.0,161729.0,158117.0,161598.0,5506.0,7548.0,263061.0,268875.0,260028.0,265333.0,7816.0,6128.0,90.895,59.91,78.81,1086.47,15517.61
2026-02-25,159503.0,159241.0,266535.0,262912.0,5167.25,5120.25,88.11,5176.3,88.13,96057.0,6160.0,97.84,4.029,6.681,91.115,1.178,160769.0,161233.0,158285.0,159969.0,6352.0,7783.0,267221.0,268130.0,253499.0,260744.0,12175.0,5026.0,91.115,58.73,78.87,1086.47,15830.38
2026-02-26,159823.0,159008.0,269367.0,265417.0,5171.75,5191.55,90.71,5226.2,91.63,96057.0,6160.0,97.7,4.0519,6.678,91.0975,1.1779,160977.0,161652.0,160163.0,161145.0,5660.0,7767.0,265944.0,270500.0,263300.0,268316.0,5851.0,4507.0,91.0975,57.04,79.89,1097.62,16107.92
2026-02-27,159043.0,158022.0,265650.0,260667.0,5174.75,5167.35,86.43,5194.2,87.58,96057.0,6160.0,97.79,4.0041,6.694,91.05,1.1834,160530.0,160858.0,158449.0,159709.0,5534.0,7764.0,264300.0,266800.0,255172.0,259669.0,4814.0,3366.0,91.05,59.31,79.65,1097.62,16079.74
2026-03-02,159087.0,159097.0,267900.0,266700.0,5174.1,5222.3,89.98,5247.9,93.29,99937.0,7981.0,97.61,3.9375,6.66,91.1675,1.1819,160050.0,162589.0,159816.0,162104.0,8742.0,8316.0,277500.0,284030.0,273418.0,282644.0,8936.0,6068.0,91.1675,56.25,78.3,1101.33,16096.65
2026-03-03,,,,,,,,,,,,,,,,,,,,,,,,,,,,,,,,,
2026-03-04,,,,,,,,,,,,,,,,,,,,,,,,,,,,,,,,,
2026-03-05,161322.0,162548.0,266431.0,271347.0,5183.7,5148.55,86.79,5134.7,83.18,99937.0,7981.0,98.77,4.0959,6.673,92.2,1.1608,163265.0,164047.0,161241.0,161525.0,7036.0,7687.0,271000.0,276516.0,264300.0,265560.0,7132.0,6471.0,92.2,61.73,68.77,1081.04,15981.38
2026-03-06,159850.0,160586.0,257800.0,264212.0,5153.75,5104.05,84.22,5078.7,82.18,99937.0,7981.0,99.32,4.1363,6.641,91.7075,1.1608,162750.0,163142.0,159212.0,159673.0,7540.0,7894.0,269900.0,274251.0,257992.0,262191.0,7116.0,6349.0,91.7075,61.8,62.69,1075.89,15947.57
2026-03-09,159409.0,158751.0,263310.0,260723.0,5087.75,5127.55,82.34,5158.7,84.31,100855.0,7314.0,98.99,4.1383,6.69,91.855,1.1617,161040.0,162512.0,159320.0,161634.0,7195.0,7383.0,267950.0,270500.0,260809.0,268285.0,6830.0,6171.0,91.855,61.19,56.75,1073.32,15809.52
2026-03-10,159568.0,158674.0,262803.0,260056.0,5094.55,5086.35,83.45,5103.7,84.52,100855.0,7314.0,99.18,4.0958,6.718,92.455,1.1562,160651.0,161511.0,159450.0,160299.0,5348.0,7411.0,267497.0,268882.0,260743.0,267160.0,4762.0,6022.0,92.455,60.38,53.85,1070.71,15761.62
2026-03-11,160436.0,160188.0,272830.0,270944.0,5173.95,5209.7,88.53,5242.1,89.59,100855.0,7314.0,98.83,4.1557,6.674,91.975,1.1636,161743.0,163577.0,161340.0,163303.0,6194.0,7606.0,271000.0,279463.0,271000.0,277850.0,5694.0,6030.0,91.975,58.51,62.82,1073.57,15710.91
2026-03-12,160692.0,160230.0,269058.0,266010.0,5183.6,5182.4,86.23,5179.1,85.54,100855.0,7314.0,99.23,4.2296,6.637,92.05,1.1644,163149.0,163149.0,161230.0,161789.0,3917.0,7552.0,276988.0,276999.0,265098.0,268491.0,5147.0,5848.0,92.05,60.55,59.36,1077.28,15654.57
2026-03-13,159624.0,160303.0,263800.0,268301.0,5181.65,5130.1,87.03,5125.8,85.11,100855.0,7314.0,99.74,4.2609,6.667,92.2625,1.1552,162799.0,162991.0,160130.0,160271.0,3746.0,7824.0,269212.0,274946.0,266174.0,267962.0,4959.0,5941.0,92.2625,60.22,53.54,1075.85,15539.06
2026-03-16,158555.0,158399.0,259951.0,260488.0,5082.85,5044.6,83.7,5061.7,81.34,102236.0,9721.0,100.36,4.2767,6.68,92.4275,1.1507,160251.0,160673.0,157540.0,158466.0,5239.0,7844.0,266001.0,269186.0,254474.0,259435.0,7359.0,5889.0,92.4275,62.23,51.28,1071.56,15539.06
2026-03-17,156436.0,155714.0,252793.0,248711.0,4986.9,4994.85,78.95,5002.2,80.68,102236.0,9721.0,99.71,4.216,6.706,92.3725,1.1433,157347.0,157523.0,154925.0,155736.0,5928.0,7856.0,255101.0,259778.0,246862.0,256532.0,7970.0,5842.0,92.3725,62.0,53.5,1070.71,15460.18
2026-03-18,156042.0,155668.0,254028.0,252340.0,5005.85,5016.8,80.22,5008.2,79.92,102236.0,9721.0,99.58,4.1985,6.714,92.46,1.1479,156891.0,157580.0,155147.0,155985.0,3703.0,7619.0,261457.0,262899.0,250100.0,253113.0,6145.0,5941.0,92.46,62.66,52.05,1069.56,15355.95
2026-03-19,155525.0,154879.0,250163.0,249907.0,4983.25,4869.95,78.6,4896.2,77.59,102236.0,9721.0,100.09,4.265,6.733,92.6925,1.1552,155658.0,156075.0,151550.0,153025.0,7452.0,7406.0,251498.0,254897.0,242803.0,248194.0,7557.0,5975.0,92.6925,63.1,50.83,1066.99,15389.75
2026-03-20,151637.0,147889.0,236809.0,229873.0,4682.85,4600.35,69.7,4605.7,71.22,102236.0,9721.0,99.23,4.2493,6.733,92.6925,1.1552,151941.0,152449.0,141121.0,144954.0,13256.0,6441.0,245000.0,245674.0,214212.0,231460.0,14665.0,6312.0,92.6925,64.67,48.2,1062.13,15264.4
2026-03-23,147340.0,147218.0,233600.0,232364.0,4650.7,4562.55,72.37,4609.6,69.66,105920.0,9301.0,99.65,4.3796,6.737,93.61,1.1567,148302.0,148457.0,143385.0,144492.0,9112.0,5992.0,239948.0,240000.0,223305.0,226772.0,9742.0,6222.0,93.61,66.17,46.93,1056.99,15186.94
2026-03-24,135141.0,139569.0,201500.0,219260.0,4263.55,4466.25,67.23,4439.5,69.36,105920.0,9301.0,98.95,4.342,6.838,94.0625,1.1574,140158.0,142300.0,129595.0,139260.0,23307.0,5012.0,217702.0,229300.0,199643.0,225167.0,17932.0,6082.0,94.0625,64.01,50.37,1052.7,15248.91
2026-03-25,139513.0,140420.0,220353.0,224545.0,4419.4,4413.55,69.97,4434.1,69.57,105920.0,9301.0,99.43,4.3599,6.868,93.7525,1.1584,138411.0,140800.0,136292.0,138912.0,9338.0,4473.0,218628.0,227470.0,213562.0,223941.0,9666.0,5974.0,93.7525,63.74,48.01,1052.99,15513.67
2026-03-26,,,,,,,,,,,,,,,,,,,,,,,,,,,,,,,,,
2026-03-27,144643.0,146205.0,233551.0,234814.0,4442.8,4456.45,67.29,4409.0,67.93,105920.0,9301.0,99.9,4.4117,6.875,94.2925,1.1595,143720.0,145500.0,142330.0,142514.0,4288.0,5530.0,225441.0,225441.0,219000.0,219874.0,8084.0,5854.0,94.2925,64.9,46.67,1052.7,15513.67
2026-03-30,143715.0,142942.0,225700.0,221647.0,4429.85,4504.15,67.8,4524.3,69.8,92775.0,10915.0,100.15,4.4278,6.942,95.0625,1.1547,144000.0,148948.0,143652.0,147255.0,8757.0,6011.0,224247.0,233783.0,221209.0,227954.0,7934.0,5664.0,95.0625,64.82,45.41,1052.7,15409.46
2026-03-31,,,,,,,,,,,,,,,,,,,,,,,,,,,,,,,,,
2026-04-01,146217.0,146733.0,227992.0,230135.0,4553.95,4608.35,72.69,4678.6,74.92,92775.0,10915.0,99.96,4.3166,7.035,95.0225,1.1532,148707.0,150900.0,148586.0,150761.0,4625.0,6628.0,236046.0,241620.0,234832.0,240892.0,3682.0,5782.0,95.0225,62.45,46.15,1046.13,15288.36
2026-04-02,149569.0,150853.0,239483.0,239836.0,4719.7,4739.0,74.87,4813.1,76.08,2.87,1.55,99.65,4.3186,7.035,95.0225,1.1532,151427.0,154500.0,151068.0,153708.0,7883.0,6610.0,239257.0,243981.0,238501.0,243501.0,5425.0,5784.0,95.0225,63.27,48.07,1050.99,15274.28
2026-04-03,,,,,,,,,,,,,,,,,,,,,,,,,,,,,,,,,
2026-04-06,145507.0,146608.0,224660.0,227813.0,,,,4679.7,72.92,93872.0,10816.0,100.03,4.3406,7.133,93.675,1.1531,152490.0,152490.0,147100.0,149680.0,9733.0,6648.0,242800.0,242800.0,224500.0,232495.0,8243.0,5778.0,93.675,64.17,41.96,1050.99,15264.49
2026-04-07,147891.0,148899.0,231028.0,234043.0,,,,4679.7,72.92,93872.0,10816.0,99.98,4.3307,7.046,93.4,1.1561,148847.0,151390.0,148298.0,149981.0,5949.0,7157.0,230716.0,236390.0,229651.0,233379.0,4119.0,5819.0,93.4,64.31,41.68,1054.42,15264.49
2026-04-08,147489.0,147786.0,231435.0,230881.0,4682.5,4611.7,72.11,4684.7,71.99,93872.0,10816.0,99.86,4.2931,7.046,93.49,1.1566,149759.0,150860.0,148424.0,150289.0,7261.0,6868.0,232000.0,235547.0,224621.0,231348.0,6937.0,5703.0,93.49,65.08,41.48,1054.42,15264.49
2026-04-09,152068.0,151121.0,244443.0,244041.0,4798.05,4792.55,76.81,4777.2,75.39,93872.0,10816.0,99.13,4.2911,6.898,93.0125,1.169,153550.0,154934.0,151488.0,151776.0,7349.0,7305.0,240601.0,246660.0,238170.0,239918.0,6479.0,5729.0,93.0125,63.37,50.6,1052.99,15264.49
2026-04-10,149536.0,149937.0,235475.0,236158.0,4729.05,4762.6,74.08,4818.0,76.44,93872.0,10816.0,98.82,4.2754,6.96,93.2175,1.1705,150647.0,153575.0,150647.0,153434.0,5973.0,7385.0,235850.0,244143.0,235133.0,243768.0,6147.0,5704.0,93.2175,63.03,49.23,1052.42,15332.07
2026-04-13,150305.0,150327.0,241013.0,239934.0,4748.35,4773.75,75.55,4787.4,76.48,92113.0,10039.0,98.65,4.317,6.912,93.1575,1.1691,152685.0,153285.0,151745.0,152652.0,5795.0,7579.0,242515.0,245049.0,239546.0,243274.0,4451.0,5742.0,93.1575,62.6,49.57,1052.42,15309.55
2026-04-14,,,,,,,,,,,,,,,,,,,,,,,,,,,,,,,,,
2026-04-15,150081.0,150011.0,237181.0,236981.0,4771.85,4794.75,77.43,4850.1,79.53,92113.0,10039.0,98.12,4.2479,6.94,93.5125,1.1688,153154.0,154940.0,152700.0,154817.0,4349.0,7409.0,241382.0,253053.0,241382.0,252750.0,4875.0,5505.0,93.5125,60.98,53.13,1049.48,15271.53
2026-04-16,152949.0,152865.0,250855.0,249019.0,4798.15,4823.25,78.58,4823.6,79.63,92113.0,10039.0,98.06,4.2834,6.866,93.515,1.1762,154757.0,155065.0,153563.0,153948.0,5310.0,7655.0,254343.0,255617.0,248720.0,251742.0,7322.0,5767.0,93.515,60.58,52.84,1051.76,15289.83
2026-04-17,153305.0,153106.0,252675.0,251292.0,4812.95,4793.6,79.69,4808.3,79.27,92113.0,10039.0,98.22,4.3112,6.888,93.3,1.1802,154651.0,154990.0,152929.0,153152.0,4826.0,7742.0,255500.0,255735.0,248138.0,248628.0,5565.0,5899.0,93.3,60.65,50.78,1052.91,15254.64
2026-04-20,151358.0,151655.0,247930.0,249940.0,4795.85,4870.5,79.32,4879.6,82.43,98850.0,11046.0,98.1,4.248,6.905,92.98,1.1832,153301.0,155500.0,152547.0,154609.0,6219.0,8191.0,250001.0,261750.0,248499.0,257142.0,7819.0,5733.0,92.98,59.19,58.19,1060.62,15268.71
2026-04-21,152002.0,152096.0,251154.0,250675.0,4784.1,4813.55,79.31,4828.8,80.62,98850.0,11046.0,98.1,4.251,6.89,93.1525,1.1753,153158.0,154348.0,152799.0,153943.0,3885.0,8399.0,253453.0,254359.0,250730.0,252545.0,5600.0,5854.0,93.1525,59.9,53.89,1059.76,15310.95
2026-04-22,152155.0,152355.0,250063.0,250513.0,4782.9,4776.75,79.01,4719.6,77.04,98850.0,11046.0,98.39,4.2916,6.889,93.4325,1.172,153800.0,153992.0,151404.0,151671.0,5220.0,8660.0,250428.0,251969.0,242745.0,244701.0,8270.0,5802.0,93.4325,61.26,52.63,1059.76,15279.98
2026-04-23,152250.0,152116.0,249677.0,248682.0,4756.15,4742.1,78.07,4753.0,78.53,98850.0,11046.0,98.59,4.3025,6.923,93.7775,1.1749,153335.0,153699.0,152200.0,152657.0,3582.0,8333.0,248717.0,250698.0,246859.0,248364.0,5644.0,5499.0,93.7775,60.53,51.13,1050.91,15279.98
2026-04-24,151189.0,151059.0,243937.0,240596.0,4700.9,4719.15,74.55,4724.0,76.06,98850.0,11046.0,98.77,4.3244,6.95,94.0875,1.1694,152051.0,153003.0,151268.0,151761.0,5383.0,8291.0,242501.0,246968.0,239600.0,241513.0,9545.0,5354.0,94.0875,62.11,49.29,1049.19,15202.55
2026-04-27,150664.0,151479.0,240890.0,243825.0,4679.8,4711.65,74.83,4740.9,76.94,95498.0,8863.0,98.53,4.3007,6.937,94.4925,1.1641,151167.0,153164.0,150750.0,152699.0,4802.0,8076.0,239200.0,245555.0,238291.0,244636.0,12771.0,4829.0,94.4925,61.62,50.22,1049.19,15137.79
2026-04-28,151495.0,151186.0,244103.0,243720.0,4701.6,4692.25,75.92,4693.7,75.57,95498.0,8863.0,98.5,4.3395,6.942,94.1275,1.1763,152695.0,153008.0,151239.0,151721.0,3732.0,8718.0,243675.0,245473.0,240251.0,241824.0,4087.0,3847.0,94.1275,62.11,48.7,1046.62,15154.68
2026-04-29,149557.0,148782.0,238339.0,236541.0,4610.75,4564.9,73.19,4608.4,73.75,95498.0,8863.0,98.64,4.3455,6.981,94.93,1.1695,151700.0,151802.0,148681.0,150027.0,7534.0,9192.0,240490.0,241250.0,232205.0,237345.0,6138.0,2251.0,94.93,62.49,46.12,1044.34,15154.68
2026-04-30,148821.0,147973.0,238911.0,236300.0,4565.3,4522.1,72.77,4561.5,72.09,95498.0,8863.0,98.96,4.4298,6.993,95.01,1.1695,150720.0,151527.0,147950.0,149050.0,6485.0,9539.0,243589.0,244107.0,236852.0,238254.0,6947.0,7862.0,95.01,63.28,42.68,1040.91,15154.68
2026-05-01,,,,,,,,,,,,,,,,,,,,,,,,,,,,,,,,,
2026-05-04,148652.0,150263.0,236882.0,240331.0,4568.3,4636.9,73.14,4644.5,76.43,91574.0,10745.0,98.16,4.3698,7.015,95.115,1.1719,149499.0,151890.0,149069.0,151111.0,9152.0,9090.0,243589.0,244107.0,236852.0,238254.0,6947.0,7862.0,95.01,60.77,45.56,1035.77,15064.6
2026-05-05,148357.0,148100.0,244237.0,240120.0,,,,4533.3,73.52,91574.0,10745.0,98.37,4.4382,7.019,95.345,1.1687,151150.0,151347.0,148760.0,149339.0,6412.0,9981.0,250699.0,251231.0,241113.0,243895.0,7748.0,7722.0,95.345,61.66,42.6,1035.77,15042.08
2026-05-06,147557.0,147636.0,239502.0,240465.0,4554.15,4576.8,73.44,4568.5,73.58,91574.0,10745.0,98.44,4.4241,7.018,95.3875,1.1679,149749.0,150440.0,149228.0,149753.0,4540.0,9814.0,243426.0,247350.0,242907.0,244316.0,5186.0,8131.0,95.3875,62.09,44.67,1035.77,15035.63
2026-05-07,150636.0,150860.0,246333.0,249067.0,4699.3,4706.9,77.62,4694.3,77.3,91574.0,10745.0,98.02,4.3489,6.922,94.4775,1.176,152000.0,152889.0,151602.0,152132.0,7944.0,9209.0,249316.0,255409.0,249316.0,253265.0,9804.0,7011.0,94.4775,60.73,49.37,1034.05,15058.15
2026-05-08,151237.0,151149.0,251385.0,254798.0,4734.15,4743.35,80.34,4710.9,80.18,91574.0,10745.0,98.07,4.3861,6.933,94.3325,1.1755,152887.0,153865.0,151864.0,152261.0,7606.0,9405.0,254998.0,265500.0,254722.0,258540.0,12040.0,6783.0,94.3325,58.75,49.69,1033.2,15058.15
2026-05-11,151140.0,151078.0,255200.0,255600.0,4710.1,4741.4,80.64,4730.7,80.87,95664.0,10941.0,97.9,4.3541,6.981,94.565,1.1773,152672.0,153440.0,152199.0,152530.0,6358.0,9206.0,259999.0,265000.0,258426.0,261922.0,9705.0,6829.0,94.565,58.5,49.58,1033.48,15079.26
2026-05-12,150277.0,150362.0,255300.0,256200.0,4651.65,4729.15,80.4,4728.7,85.95,95664.0,10941.0,97.96,4.4134,7.032,95.3225,1.176,152487.0,154434.0,151500.0,153663.0,7638.0,9206.0,264535.0,279437.0,260986.0,278311.0,17161.0,7302.0,95.3225,55.02,48.22,1034.0,15048.3
2026-05-13,151954.0,151632.0,267820.0,264867.0,4698.65,4678.4,83.64,4686.7,85.59,95664.0,10941.0,98.3,4.463,7.046,95.7425,1.1704,153999.0,154243.0,152559.0,153442.0,7714.0,9530.0,280229.0,282755.0,273126.0,279062.0,17433.0,7693.0,95.7425,54.76,45.87,1036.28,15084.89
2026-05-14,160411.0,160977.0,286850.0,287720.0,4686.75,4675.7,86.7,4706.7,89.37,95664.0,10941.0,98.52,4.4688,7.049,95.745,1.1677,154851.0,164497.0,154851.0,162186.0,11988.0,8367.0,290224.0,304891.0,290224.0,300238.0,15725.0,7892.0,95.745,52.67,46.59,1038.28,15118.67
2026-05-15,161349.0,161159.0,287350.0,287193.0,4690.15,4683.05,86.79,4685.3,85.33,95664.0,10941.0,98.82,4.4816,7.02,95.7675,1.1708,161888.0,163055.0,161027.0,161978.0,5928.0,7924.0,298373.0,299000.0,286805.0,291102.0,11759.0,8355.0,95.7675,54.91,46.31,1039.99,15163.71
2026-05-18,158159.0,158210.0,267500.0,268500.0,4553.35,4528.0,78.74,4561.9,77.55,100627.0,16195.0,99.28,4.5934,7.064,95.7775,1.1638,160790.0,160992.0,158150.0,158547.0,7420.0,7227.0,280000.0,283219.0,268504.0,271886.0,14828.0,8247.0,95.7775,58.83,43.27,1039.99,15222.81
2026-05-19,158159.0,158210.0,267500.0,268500.0,4541.4,4565.4,75.73,4558.0,77.44,100627.0,16195.0,99.19,4.5874,7.131,96.3975,1.1611,158076.0,160266.0,157547.0,159401.0,5800.0,6929.0,267400.0,280400.0,264949.0,276651.0,11405.0,8638.0,96.3975,58.86,41.95,1037.42,15222.81
2026-05-20,158907.0,159077.0,270221.0,268713.0,4541.0,4496.7,76.04,4511.2,75.16,100627.0,16195.0,99.33,4.6663,7.11,96.62,1.1583,159899.0,160200.0,158420.0,159080.0,5269.0,6487.0,276271.0,276666.0,265929.0,270119.0,8337.0,9101.0,96.62,60.02,43.31,1038.85,15189.04
2026-05-21,157961.0,158555.0,264952.0,267302.0,4474.3,4482.85,75.65,4535.3,76.18,100627.0,16195.0,99.09,4.5855,7.076,96.8075,1.1554,158974.0,160378.0,157959.0,160006.0,5505.0,5935.0,267230.0,276297.0,266850.0,274265.0,9264.0,9114.0,96.8075,59.53,46.16,1036.85,15189.04
2026-05-22,158947.0,158538.0,265808.0,264679.0,4537.7,4505.25,74.76,4542.5,76.73,100627.0,16195.0,99.26,4.5696,7.113,96.3125,1.159,159900.0,159992.0,158542.0,159606.0,4472.0,5799.0,272275.0,275500.0,268750.0,274883.0,7995.0,9189.0,96.3125,59.2,47.15,1036.85,15189.04
2026-05-25,158354.0,158117.0,267433.0,266000.0,4515.1,4506.15,75.84,4556.4,76.2,94388.0,11761.0,99.24,4.5578,7.092,96.015,1.1609,159498.0,159498.0,158104.0,158679.0,3061.0,5598.0,273800.0,275225.0,269500.0,271846.0,7384.0,9476.0,96.015,59.8,47.17,1037.71,15179.19
2026-05-26,158622.0,158857.0,269754.0,271100.0,,,,4556.4,76.2,94388.0,11761.0,99.24,4.5578,7.027,95.615,1.1674,159150.0,159500.0,158919.0,159081.0,2881.0,4943.0,276683.0,277399.0,275215.0,276716.0,6541.0,9175.0,95.615,59.8,47.17,1034.85,15214.37
2026-05-27,157722.0,157611.0,266350.0,266213.0,4516.85,4515.5,76.25,4535.0,76.61,94388.0,11761.0,99.17,4.4846,6.994,96.055,1.1657,158789.0,158789.0,157424.0,157616.0,3056.0,4562.0,274727.0,274727.0,269645.0,270628.0,8449.0,9473.0,96.055,59.2,48.3,1034.85,15214.37
2026-05-28,,,,,,,,,,,,,,,,,,,,,,,,,,,,,,,,,
2026-05-29,157040.0,156072.0,261710.0,260917.0,4391.9,4419.45,73.02,4532.4,75.91,94388.0,11761.0,99.02,4.4473,6.996,96.06,1.1644,155627.0,157158.0,153451.0,156925.0,2681.0,3064.0,261561.0,269901.0,261000.0,269537.0,4846.0,10046.0,96.06,59.71,50.98,1034.85,15177.78
2026-06-01,157043.0,156463.0,263966.0,263350.0,4525.75,4545.95,75.79,4593.0,75.88,96931.0,10244.0,98.94,4.4355,7.004,95.265,1.1726,160454.0,161591.0,159833.0,160911.0,6725.0,7764.0,268368.0,269400.0,263900.0,266998.0,6668.0,10115.0,95.265,60.53,52.58,1032.57,15177.78
2026-06-02,155599.0,155536.0,262900.0,263250.0,4490.4,4449.3,75.66,4506.3,75.25,96931.0,10244.0,99.2,4.4532,7.018,95.1225,1.1656,160193.0,160193.0,158341.0,159241.0,5087.0,8220.0,268093.0,268684.0,262100.0,266163.0,6725.0,10339.0,95.1225,59.88,48.9,1029.14,15118.69
2026-06-03,156296.0,156294.0,266200.0,265300.0,4523.8,4503.85,76.26,4519.9,75.56,96931.0,10244.0,99.22,4.4433,7.013,95.4225,1.1632,159449.0,160710.0,159250.0,159346.0,4050.0,8218.0,266202.0,271411.0,265685.0,266707.0,6400.0,10544.0,95.4225,59.82,48.21,1028.86,15118.69
2026-06-04,155264.0,155036.0,262000.0,261575.0,4441.25,4444.6,74.35,4466.9,73.69,96931.0,10244.0,99.53,4.4946,7.024,95.7975,1.1586,159447.0,159740.0,158120.0,158519.0,3695.0,8240.0,266668.0,267495.0,262131.0,262958.0,6102.0,11492.0,95.7975,60.61,46.52,1028.0,15036.17
2026-06-05,155581.0,156086.0,259143.0,261088.0,4464.95,4496.95,73.48,4505.0,73.97,96931.0,10244.0,99.41,4.4729,6.991,95.8825,1.1595,159366.0,160408.0,158701.0,159547.0,4283.0,8311.0,263146.0,267800.0,261596.0,264796.0,6403.0,11732.0,95.8825,60.9,48.42,1026.86,15036.17
2026-06-08,154190.0,154238.0,254950.0,256908.0,4463.1,4365.15,72.66,4365.3,69.1,111341.0,10433.0,100.07,4.5303,6.977,95.1375,1.1638,158598.0,158598.0,154790.0,155594.0,7009.0,8807.0,260024.0,261892.0,247286.0,248537.0,15861.0,12315.0,95.1375,63.17,48.21,1025.14,15036.15
2026-06-09,150768.0,151489.0,241160.0,244300.0,4280.6,4320.6,67.13,4363.4,68.59,111341.0,10433.0,100.05,4.5622,6.954,95.1375,1.1638,154177.0,155308.0,152712.0,154784.0,5789.0,8591.0,251001.0,251001.0,239064.0,246389.0,11041.0,11780.0,95.685,63.62,47.79,1019.92,15019.27
2026-06-10,152584.0,152519.0,245607.0,245938.0,4326.75,4327.65,68.6,4286.4,65.24,111341.0,10433.0,99.91,4.5165,6.908,95.4,1.1597,154397.0,155451.0,151960.0,152443.0,4728.0,8980.0,244252.0,248921.0,236500.0,238528.0,11427.0,11910.0,95.4,65.7,48.6,1019.92,15061.48
2026-06-11,148429.0,147146.0,236280.0,233283.0,4166.4,4170.95,64.46,4133.3,64.74,111341.0,10433.0,99.95,4.5523,6.935,95.4175,1.1551,149926.0,150853.0,147900.0,148017.0,7864.0,9358.0,234009.0,238964.0,232111.0,235505.0,12638.0,11588.0,95.4175,63.84,45.91,1016.49,15034.75
2026-06-12,145584.0,144782.0,233540.0,232591.0,4079.85,4074.85,63.8,4114.0,64.0,111341.0,10433.0,99.86,4.4611,6.917,95.8275,1.154,146518.0,149581.0,146444.0,148932.0,6696.0,9305.0,231671.0,242484.0,230493.0,239653.0,9121.0,11361.0,95.8275,64.28,46.9,1013.64,15027.71
2026-06-15,,,,,,,,,,,,,,,,,,,,,,,,,,,,,,,,,
